namespace,status,key,english_value,russian_value,placeholder_match,source_jars
aeronautics,translated,aeronautics.ponder.burner_pressure.header,Effect of Air Pressure on Hot Air Burners,Влияние атмосферного давления на Горелки горячего воздуха,true,create-aeronautics-bundled-1.21.1-1.3.2.jar
aeronautics,translated,aeronautics.ponder.burner_pressure.text_1,Hot Air Burners are affected by Air Pressure,Горелки горячего воздуха зависят от атмосферного давления,true,create-aeronautics-bundled-1.21.1-1.3.2.jar
aeronautics,translated,aeronautics.ponder.burner_pressure.text_2,Lift weakens as Altitude increases,Подъёмная сила ослабевает с увеличением высоты,true,create-aeronautics-bundled-1.21.1-1.3.2.jar
aeronautics,translated,aeronautics.ponder.burner_pressure.text_3,Simulated Contraptions will settle when Lift and Weight are in balance,"Симулированные конструкции стабилизируются, когда Подъёмная сила и Вес уравновешены",true,create-aeronautics-bundled-1.21.1-1.3.2.jar
aeronautics,translated,aeronautics.ponder.burner_pressure.text_4,Changing Lift thus allows changing Altitude,Изменение Подъёмной силы позволяет менять Высоту,true,create-aeronautics-bundled-1.21.1-1.3.2.jar
aeronautics,translated,aeronautics.ponder.burner_pressure.text_5,The precise Air Pressure can be read from an Altitude Sensor,Точное атмосферное давление можно считать с Высотного датчика,true,create-aeronautics-bundled-1.21.1-1.3.2.jar
aeronautics,translated,aeronautics.ponder.envelope.header,Constructing Balloons,Создание Воздушных шаров,true,create-aeronautics-bundled-1.21.1-1.3.2.jar
aeronautics,translated,aeronautics.ponder.envelope.text_1,Envelope Blocks enclose a volume that generates Lift when filled with Hot Air,"Блоки оболочки образуют объём, который создаёт Подъёмную силу при заполнении горячим воздухом",true,create-aeronautics-bundled-1.21.1-1.3.2.jar
aeronautics,translated,aeronautics.ponder.envelope.text_2,Hot Air sources fill Balloons from the top downwards,Источники горячего воздуха заполняют шары сверху вниз,true,create-aeronautics-bundled-1.21.1-1.3.2.jar
aeronautics,translated,aeronautics.ponder.envelope.text_3,Hot Air must be contained by Airtight Blocks,Горячий воздух должен быть ограничен герметичными блоками,true,create-aeronautics-bundled-1.21.1-1.3.2.jar
aeronautics,translated,aeronautics.ponder.envelope.text_4,Shafts can be encased with Envelope Blocks to make them airtight,"Валы можно заключить в блоки оболочки, чтобы сделать их герметичными",true,create-aeronautics-bundled-1.21.1-1.3.2.jar
aeronautics,translated,aeronautics.ponder.envelope.text_5,Blocks inside the Balloon will reduce the available Volume,Блоки внутри шара уменьшают доступный Объём,true,create-aeronautics-bundled-1.21.1-1.3.2.jar
aeronautics,translated,aeronautics.ponder.envelope.text_6,Right-Click with Dye to paint them,"ПКМ с Краской, чтобы покрасить их",true,create-aeronautics-bundled-1.21.1-1.3.2.jar
aeronautics,translated,aeronautics.ponder.gyro_pressure.header,Effect of Air Pressure on Gyroscopic Propeller Bearings,Влияние атмосферного давления на Гироскопические подшипники пропеллера,true,create-aeronautics-bundled-1.21.1-1.3.2.jar
aeronautics,translated,aeronautics.ponder.gyro_pressure.text_1,Gyroscopic Propeller Bearings are affected by Air Pressure,Гироскопические подшипники пропеллера зависят от атмосферного давления,true,create-aeronautics-bundled-1.21.1-1.3.2.jar
aeronautics,translated,aeronautics.ponder.gyro_pressure.text_2,Thrust weakens as Altitude increases,Тяга ослабевает с увеличением высоты,true,create-aeronautics-bundled-1.21.1-1.3.2.jar
aeronautics,translated,aeronautics.ponder.gyro_pressure.text_3,Simulated Contraptions will settle when Thrust and Weight are in balance,"Симулированные конструкции стабилизируются, когда Тяга и Вес уравновешены",true,create-aeronautics-bundled-1.21.1-1.3.2.jar
aeronautics,translated,aeronautics.ponder.gyro_pressure.text_4,Changing Thrust thus allows changing Altitude,Изменение Тяги позволяет менять Высоту,true,create-aeronautics-bundled-1.21.1-1.3.2.jar
aeronautics,translated,aeronautics.ponder.gyro_pressure.text_5,The precise Air Pressure can be read from an Altitude Sensor,Точное атмосферное давление можно считать с Высотного датчика,true,create-aeronautics-bundled-1.21.1-1.3.2.jar
aeronautics,translated,aeronautics.ponder.gyroscopic_propeller_bearing_island.header,Stabilizing using upside down Gyroscopic Propeller Bearings,Стабилизация с помощью перевёрнутых Гироскопических подшипников пропеллера,true,create-aeronautics-bundled-1.21.1-1.3.2.jar
aeronautics,translated,aeronautics.ponder.gyroscopic_propeller_bearing_island.text_1,When Gyroscopic Propeller Bearings are facing downwards...,Когда Гироскопические подшипники пропеллера направлены вниз...,true,create-aeronautics-bundled-1.21.1-1.3.2.jar
aeronautics,translated,aeronautics.ponder.gyroscopic_propeller_bearing_island.text_2,...they can stabilize a top-heavy Structure,...они могут стабилизировать конструкцию с тяжёлым верхом,true,create-aeronautics-bundled-1.21.1-1.3.2.jar
aeronautics,translated,aeronautics.ponder.gyroscopic_propeller_bearing_redstone.header,Controlling Gyroscopic Propeller Bearings with Redstone,Управление Гироскопическими подшипниками пропеллера с помощью редстоуна,true,create-aeronautics-bundled-1.21.1-1.3.2.jar
aeronautics,translated,aeronautics.ponder.gyroscopic_propeller_bearing_redstone.text_1,Sometimes the upwards Tilt can be undesired,Иногда наклон вверх может быть нежелательным,true,create-aeronautics-bundled-1.21.1-1.3.2.jar
aeronautics,translated,aeronautics.ponder.gyroscopic_propeller_bearing_redstone.text_2,Applying a Redstone signal will reset the Tilt to zero,Подача редстоун-сигнала сбросит Наклон до нуля,true,create-aeronautics-bundled-1.21.1-1.3.2.jar
aeronautics,translated,aeronautics.ponder.gyroscopic_propeller_bearing_stabilize.header,Stabilizing helicopters using Gyroscopic Propeller Bearings,Стабилизация вертолётов с помощью Гироскопических подшипников пропеллера,true,create-aeronautics-bundled-1.21.1-1.3.2.jar
aeronautics,translated,aeronautics.ponder.gyroscopic_propeller_bearing_stabilize.text_1,Normal Propeller Bearings may be unsuitable for helicopters,Обычные подшипники пропеллера могут не подходить для вертолётов,true,create-aeronautics-bundled-1.21.1-1.3.2.jar
aeronautics,translated,aeronautics.ponder.gyroscopic_propeller_bearing_stabilize.text_2,Gyroscopic Propeller Bearings should be used in this situation,В таком случае следует использовать Гироскопические подшипники пропеллера,true,create-aeronautics-bundled-1.21.1-1.3.2.jar
aeronautics,translated,aeronautics.ponder.gyroscopic_propeller_bearing_stabilize.text_3,The Gyroscopic Propeller Bearing attempts to keep the propeller upright,Гироскопический подшипник пропеллера стремится удерживать пропеллер в вертикальном положении,true,create-aeronautics-bundled-1.21.1-1.3.2.jar
aeronautics,translated,aeronautics.ponder.hot_air_burner.header,Generating Lift using the Hot Air Burner,Создание Подъёмной силы с помощью Горелки горячего воздуха,true,create-aeronautics-bundled-1.21.1-1.3.2.jar
aeronautics,translated,aeronautics.ponder.hot_air_burner.text_1,Hot Air Burners generate Lift by filling Balloons with Hot Air,"Горелки горячего воздуха создают Подъёмную силу, заполняя шары горячим воздухом",true,create-aeronautics-bundled-1.21.1-1.3.2.jar
aeronautics,translated,aeronautics.ponder.hot_air_burner.text_2,"When Powered with Redstone, the Hot Air Burner will gradually fill the Balloon above itself",При подаче редстоун-питания Горелка постепенно заполняет шар над собой горячим воздухом,true,create-aeronautics-bundled-1.21.1-1.3.2.jar
aeronautics,translated,aeronautics.ponder.hot_air_burner.text_3,The input panel can be used to select the maximum Hot Air output,Панель ввода позволяет задать максимальный вывод горячего воздуха,true,create-aeronautics-bundled-1.21.1-1.3.2.jar
aeronautics,translated,aeronautics.ponder.hot_air_burner.text_4,Adjusting the Redstone Input will scale the selected output proportionally,Регулировка редстоун-сигнала пропорционально масштабирует выбранный вывод,true,create-aeronautics-bundled-1.21.1-1.3.2.jar
aeronautics,translated,aeronautics.ponder.hot_air_burner.text_5,The Lift Force is limited by the size of the Balloon,Подъёмная сила ограничена размером шара,true,create-aeronautics-bundled-1.21.1-1.3.2.jar
aeronautics,translated,aeronautics.ponder.hot_air_burner.text_6,Multiple Hot Air Burners can combine their output into a single Balloon,Несколько Горелок могут суммировать свой вывод в один шар,true,create-aeronautics-bundled-1.21.1-1.3.2.jar
aeronautics,translated,aeronautics.ponder.hot_air_burner.text_7,"For aesthetic purposes, the fire type can be changed with a Soul-Infused item","В эстетических целях тип огня можно изменить с помощью предмета, пропитанного Душой",true,create-aeronautics-bundled-1.21.1-1.3.2.jar
aeronautics,translated,aeronautics.ponder.levitite.header,Levitating contraptions with Levitite,Левитация конструкций с помощью Левитита,true,create-aeronautics-bundled-1.21.1-1.3.2.jar
aeronautics,translated,aeronautics.ponder.levitite.text_1,When enough Levitite is attached to a simulated contraption...,Когда к симулированной конструкции прикреплено достаточно Левитита...,true,create-aeronautics-bundled-1.21.1-1.3.2.jar
aeronautics,translated,aeronautics.ponder.levitite.text_2,...it will keep the contraption afloat,...он удержит конструкцию в воздухе,true,create-aeronautics-bundled-1.21.1-1.3.2.jar
aeronautics,translated,aeronautics.ponder.levitite.text_3,Simulated Contraptions cannot gain altitude using Levitite alone,Симулированные конструкции не могут набирать высоту только на Левитите,true,create-aeronautics-bundled-1.21.1-1.3.2.jar
aeronautics,translated,aeronautics.ponder.levitite.text_4,"Instead, additional forces are required",Для этого требуются дополнительные силы,true,create-aeronautics-bundled-1.21.1-1.3.2.jar
aeronautics,translated,aeronautics.ponder.levitite.text_5,"At low movement speeds, Levitite significantly resists motion",При малых скоростях Левитит значительно сопротивляется движению,true,create-aeronautics-bundled-1.21.1-1.3.2.jar
aeronautics,translated,aeronautics.ponder.levitite.text_6,This resistance drops at higher movement speeds,Это сопротивление снижается при более высоких скоростях,true,create-aeronautics-bundled-1.21.1-1.3.2.jar
aeronautics,translated,aeronautics.ponder.levitite_blend.header,Crystallizing Levitite Blend into Levitite,Кристаллизация Смеси левитита в Левитит,true,create-aeronautics-bundled-1.21.1-1.3.2.jar
aeronautics,translated,aeronautics.ponder.levitite_blend.text_1,Levitite Blend can be crystallized into Levitite,Смесь левитита можно кристаллизовать в Левитит,true,create-aeronautics-bundled-1.21.1-1.3.2.jar
aeronautics,translated,aeronautics.ponder.levitite_blend.text_2,This process requires heat,Этот процесс требует тепла,true,create-aeronautics-bundled-1.21.1-1.3.2.jar
aeronautics,translated,aeronautics.ponder.levitite_blend.text_3,"Once catalyzed, the Levitite cannot be recollected",После катализа Левитит нельзя собрать обратно,true,create-aeronautics-bundled-1.21.1-1.3.2.jar
aeronautics,translated,aeronautics.ponder.levitite_blend.text_4,Nearby heat sources can also start the crystallization process,Близлежащие источники тепла также могут запустить процесс кристаллизации,true,create-aeronautics-bundled-1.21.1-1.3.2.jar
aeronautics,translated,aeronautics.ponder.levitite_blend.text_5,"After the reaction is started, the crystal will spread throughout the entire fluid",После начала реакции кристалл распространится по всей жидкости,true,create-aeronautics-bundled-1.21.1-1.3.2.jar
aeronautics,translated,aeronautics.ponder.levitite_blend.text_6,When certain blocks are used to cast Levitite...,Когда определённые блоки используются для отливки Левитита...,true,create-aeronautics-bundled-1.21.1-1.3.2.jar
aeronautics,translated,aeronautics.ponder.levitite_blend.text_7,...they will be destroyed during the crystallization process,...они будут разрушены в процессе кристаллизации,true,create-aeronautics-bundled-1.21.1-1.3.2.jar
aeronautics,translated,aeronautics.ponder.miniprop_pressure.header,Effect of Air Pressure on Propellers,Влияние атмосферного давления на Пропеллеры,true,create-aeronautics-bundled-1.21.1-1.3.2.jar
aeronautics,translated,aeronautics.ponder.miniprop_pressure.text_1,Propellers are affected by Air Pressure,Пропеллеры зависят от атмосферного давления,true,create-aeronautics-bundled-1.21.1-1.3.2.jar
aeronautics,translated,aeronautics.ponder.miniprop_pressure.text_2,Thrust weakens as Altitude increases,Тяга ослабевает с увеличением высоты,true,create-aeronautics-bundled-1.21.1-1.3.2.jar
aeronautics,translated,aeronautics.ponder.miniprop_pressure.text_3,The precise Air Pressure can be read from an Altitude Sensor,Точное атмосферное давление можно считать с Высотного датчика,true,create-aeronautics-bundled-1.21.1-1.3.2.jar
aeronautics,translated,aeronautics.ponder.mounted_potato_cannon.header,Using the Mounted Potato Cannon,Использование Установленной картофельной пушки,true,create-aeronautics-bundled-1.21.1-1.3.2.jar
aeronautics,translated,aeronautics.ponder.mounted_potato_cannon.text_1,The Mounted Potato Cannon is a block version of the Potato Cannon,Установленная картофельная пушка — это блочная версия Картофельной пушки,true,create-aeronautics-bundled-1.21.1-1.3.2.jar
aeronautics,translated,aeronautics.ponder.mounted_potato_cannon.text_2,It accepts the same ammo as the Potato Cannon...,"Она принимает те же боеприпасы, что и Картофельная пушка...",true,create-aeronautics-bundled-1.21.1-1.3.2.jar
aeronautics,translated,aeronautics.ponder.mounted_potato_cannon.text_3,...and can be loaded by automated means,...и может заряжаться автоматически,true,create-aeronautics-bundled-1.21.1-1.3.2.jar
aeronautics,translated,aeronautics.ponder.mounted_potato_cannon.text_4,Use rotational force to charge up the Cannon,Используйте вращательную силу для зарядки Пушки,true,create-aeronautics-bundled-1.21.1-1.3.2.jar
aeronautics,translated,aeronautics.ponder.mounted_potato_cannon.text_5,"After the Cannon is fully charged, power it with redstone to fire",После полной зарядки подайте редстоун-сигнал для выстрела,true,create-aeronautics-bundled-1.21.1-1.3.2.jar
aeronautics,translated,aeronautics.ponder.mounted_potato_cannon.text_6,The Cannon can be continuously powered for automatic fire,Пушка может получать постоянное питание для автоматической стрельбы,true,create-aeronautics-bundled-1.21.1-1.3.2.jar
aeronautics,translated,aeronautics.ponder.propeller_bearing_size.header,Constructing Propellers using Propeller Bearings,Создание Пропеллеров с помощью Подшипников пропеллера,true,create-aeronautics-bundled-1.21.1-1.3.2.jar
aeronautics,translated,aeronautics.ponder.propeller_bearing_size.text_1,Propeller Bearings attach to the block in front of them,Подшипники пропеллера прикрепляются к блоку перед ними,true,create-aeronautics-bundled-1.21.1-1.3.2.jar
aeronautics,translated,aeronautics.ponder.propeller_bearing_size.text_2,Propellers with more sails are more efficient at producing Thrust,Пропеллеры с большим числом лопастей эффективнее создают Тягу,true,create-aeronautics-bundled-1.21.1-1.3.2.jar
aeronautics,translated,aeronautics.ponder.propeller_bearing_size.text_3,"Any structure can count as a valid Propeller, as long as it has at least 2 valid sail-like blocks","Любая конструкция считается пропеллером, если имеет хотя бы 2 подходящих блока-лопасти",true,create-aeronautics-bundled-1.21.1-1.3.2.jar
aeronautics,translated,aeronautics.ponder.propeller_bearing_thrust.header,Moving Simulated Contraptions using Propellers,Перемещение Симулированных конструкций с помощью Пропеллеров,true,create-aeronautics-bundled-1.21.1-1.3.2.jar
aeronautics,translated,aeronautics.ponder.propeller_bearing_thrust.text_1,Several types of propellers can produce Thrust,Несколько типов пропеллеров могут создавать Тягу,true,create-aeronautics-bundled-1.21.1-1.3.2.jar
aeronautics,translated,aeronautics.ponder.propeller_bearing_thrust.text_2,Thrust can move simulated contraptions,Тяга может перемещать симулированные конструкции,true,create-aeronautics-bundled-1.21.1-1.3.2.jar
aeronautics,translated,aeronautics.ponder.propeller_bearing_thrust.text_3,Reversing the rotation direction reverses the Thrust,Реверс направления вращения меняет Тягу на противоположную,true,create-aeronautics-bundled-1.21.1-1.3.2.jar
aeronautics,translated,aeronautics.ponder.propeller_bearing_thrust.text_4,The Thrust can also be reversed using a wrench,Тягу также можно реверсировать с помощью гаечного ключа,true,create-aeronautics-bundled-1.21.1-1.3.2.jar
aeronautics,translated,aeronautics.ponder.propeller_bearing_thrust.text_5,"If the Propeller is moving through the air, it cannot push as hard, as the air is already moving","Если Пропеллер движется сквозь воздух, он не может толкать так сильно, так как воздух уже движется",true,create-aeronautics-bundled-1.21.1-1.3.2.jar
aeronautics,translated,aeronautics.ponder.propeller_bearing_thrust.text_6,...and hence its Thrust output decreases,...и поэтому его Тяга снижается,true,create-aeronautics-bundled-1.21.1-1.3.2.jar
aeronautics,translated,aeronautics.ponder.propeller_bearing_thrust.text_7,The Propeller's Thrust and Airflow can be inspected with Engineer's Goggles,Тягу и Воздушный поток Пропеллера можно проверить с помощью Инженерных очков,true,create-aeronautics-bundled-1.21.1-1.3.2.jar
aeronautics,translated,aeronautics.ponder.propeller_pressure.header,Effect of Air Pressure on Propeller Bearings,Влияние атмосферного давления на Подшипники пропеллера,true,create-aeronautics-bundled-1.21.1-1.3.2.jar
aeronautics,translated,aeronautics.ponder.propeller_pressure.text_1,Propeller Bearings are affected by Air Pressure,Подшипники пропеллера зависят от атмосферного давления,true,create-aeronautics-bundled-1.21.1-1.3.2.jar
aeronautics,translated,aeronautics.ponder.propeller_pressure.text_2,Thrust weakens as Altitude increases,Тяга ослабевает с увеличением высоты,true,create-aeronautics-bundled-1.21.1-1.3.2.jar
aeronautics,translated,aeronautics.ponder.propeller_pressure.text_3,The precise Air Pressure can be read from an Altitude Sensor,Точное атмосферное давление можно считать с Высотного датчика,true,create-aeronautics-bundled-1.21.1-1.3.2.jar
aeronautics,translated,aeronautics.ponder.steam_vent.header,Generating Lift using the Steam Vent,Создание Подъёмной силы с помощью Парового вентиля,true,create-aeronautics-bundled-1.21.1-1.3.2.jar
aeronautics,translated,aeronautics.ponder.steam_vent.text_1,Steam Vents generate Lift by filling Balloons with Steam,"Паровые вентили создают Подъёмную силу, заполняя шары паром",true,create-aeronautics-bundled-1.21.1-1.3.2.jar
aeronautics,translated,aeronautics.ponder.steam_vent.text_2,"When Powered with Redstone, the Steam Vent will gradually fill the Balloon above itself",При подаче редстоун-питания Паровой вентиль постепенно заполняет шар над собой паром,true,create-aeronautics-bundled-1.21.1-1.3.2.jar
aeronautics,translated,aeronautics.ponder.steam_vent.text_3,"Like Steam Engines, sufficient Heat, Water, and Boiler Space are required","Как и паровые двигатели, они требуют достаточного количества тепла, воды и места в котле",true,create-aeronautics-bundled-1.21.1-1.3.2.jar
aeronautics,translated,aeronautics.ponder.steam_vent.text_4,The input panel can be used to select the maximum Steam output,Панель ввода позволяет задать максимальный вывод пара,true,create-aeronautics-bundled-1.21.1-1.3.2.jar
aeronautics,translated,aeronautics.ponder.steam_vent.text_5,Adjusting the Redstone Input will scale the selected output proportionally,Регулировка редстоун-сигнала пропорционально масштабирует выбранный вывод,true,create-aeronautics-bundled-1.21.1-1.3.2.jar
aeronautics,translated,aeronautics.ponder.steam_vent.text_6,The Lift Force is limited by the size of the Balloon,Подъёмная сила ограничена размером шара,true,create-aeronautics-bundled-1.21.1-1.3.2.jar
aeronautics,translated,aeronautics.ponder.steam_vent.text_7,Multiple Steam Vents can combine their output into a single Balloon,Несколько Паровых вентилей могут суммировать свой вывод в один шар,true,create-aeronautics-bundled-1.21.1-1.3.2.jar
aeronautics,translated,aeronautics.ponder.steam_vent.text_8,Note an adequate power level is needed for multiple Steam Vents to run at full capacity,Для работы нескольких Паровых вентилей на полную мощность требуется достаточный уровень давления,true,create-aeronautics-bundled-1.21.1-1.3.2.jar
aeronautics,translated,aeronautics.ponder.steam_vent.text_9,"For aesthetic purposes, the metal can be changed with an Iron Sheet",В эстетических целях металл можно заменить с помощью Железного листа,true,create-aeronautics-bundled-1.21.1-1.3.2.jar
aeronautics,translated,aeronautics.ponder.tag.levitite_breakable,Breaks When Crystallizing,Разрушается при кристаллизации,true,create-aeronautics-bundled-1.21.1-1.3.2.jar
aeronautics,translated,aeronautics.ponder.tag.levitite_breakable.description,Blocks that are broken when nearby Levitite Blend crystallizes into Levitite. Useful for making molds for casting,"Блоки, которые разрушаются, когда рядом Смесь левитита кристаллизуется в Левитит. Полезно для создания форм для отливки",true,create-aeronautics-bundled-1.21.1-1.3.2.jar
aeronautics,translated,aeronautics.ponder.vent_pressure.header,Effect of Air Pressure on Steam Vents,Влияние атмосферного давления на Паровые вентили,true,create-aeronautics-bundled-1.21.1-1.3.2.jar
aeronautics,translated,aeronautics.ponder.vent_pressure.text_1,Steam Vents are affected by Air Pressure,Паровые вентили зависят от атмосферного давления,true,create-aeronautics-bundled-1.21.1-1.3.2.jar
aeronautics,translated,aeronautics.ponder.vent_pressure.text_2,Lift weakens as Altitude increases,Подъёмная сила ослабевает с увеличением высоты,true,create-aeronautics-bundled-1.21.1-1.3.2.jar
aeronautics,translated,aeronautics.ponder.vent_pressure.text_3,Simulated Contraptions will settle when Lift and Weight are in balance,"Симулированные конструкции стабилизируются, когда Подъёмная сила и Вес уравновешены",true,create-aeronautics-bundled-1.21.1-1.3.2.jar
aeronautics,translated,aeronautics.ponder.vent_pressure.text_4,Changing Lift thus allows changing Altitude,Изменение Подъёмной силы позволяет менять Высоту,true,create-aeronautics-bundled-1.21.1-1.3.2.jar
aeronautics,translated,aeronautics.ponder.vent_pressure.text_5,The precise Air Pressure can be read from an Altitude Sensor,Точное атмосферное давление можно считать с Высотного датчика,true,create-aeronautics-bundled-1.21.1-1.3.2.jar
cbcmoreshells,translated,cbcmoreshells.ponder.ammo_rack/ammo_rack_intro.header,Ammo Rack,Стеллаж для боеприпасов,true,CBC-Military-Supplement-1.21.1-2.1.4.jar
cbcmoreshells,translated,cbcmoreshells.ponder.ammo_rack/ammo_rack_intro.text_1,Ammo racks are used to store munition and supply loading for cannons,Стеллажи служат для хранения боеприпасов и подачи их к орудиям при заряжании.,true,CBC-Military-Supplement-1.21.1-2.1.4.jar
cbcmoreshells,translated,cbcmoreshells.ponder.ammo_rack/ammo_rack_intro.text_2,Mechanical arms can take munition directly from ammo racks,Механические руки могут забирать боеприпасы прямо со стеллажей.,true,CBC-Military-Supplement-1.21.1-2.1.4.jar
cbcmoreshells,translated,cbcmoreshells.ponder.ammo_rack/ammo_rack_intro.text_3,Right-click an ammo rack slot while holding munition to insert it,"Возьмите боеприпас и щёлкните ПКМ по ячейке стеллажа, чтобы поместить его внутрь.",true,CBC-Military-Supplement-1.21.1-2.1.4.jar
cbcmoreshells,translated,cbcmoreshells.ponder.ammo_rack/ammo_rack_intro.text_4,Right-click a slot with an empty hand to take munition out,"Щёлкните ПКМ по ячейке пустой рукой, чтобы забрать боеприпас.",true,CBC-Military-Supplement-1.21.1-2.1.4.jar
cbcmoreshells,translated,cbcmoreshells.ponder.ammo_rack/ammo_rack_intro.text_5,Ammo racks can filter munition. Provide a redstone signal to switch the filtered ammo type,"Стеллажи могут отбирать боеприпасы по фильтру. Подайте сигнал редстоуна, чтобы переключить выбранный тип боеприпасов.",true,CBC-Military-Supplement-1.21.1-2.1.4.jar
cbcmoreshells,translated,cbcmoreshells.ponder.dual_cannon/dual_cannon_command.header,Combat Commands,Боевые команды,true,CBC-Military-Supplement-1.21.1-2.1.4.jar
cbcmoreshells,translated,cbcmoreshells.ponder.dual_cannon/dual_cannon_command.text_1,"The dual cannon system can use combat commands. These items temporarily improve cannon performance, but require a cooldown after use","Система спаренных орудий поддерживает боевые команды. Эти предметы временно улучшают характеристики орудия, но после применения им требуется время на восстановление.",true,CBC-Military-Supplement-1.21.1-2.1.4.jar
cbcmoreshells,translated,cbcmoreshells.ponder.dual_cannon/dual_cannon_command.text_2,Right-click the cannon mount with a combat command item to bind its position,"Щёлкните ПКМ по орудийной установке предметом боевой команды, чтобы привязать команду к этой позиции.",true,CBC-Military-Supplement-1.21.1-2.1.4.jar
cbcmoreshells,translated,cbcmoreshells.ponder.dual_cannon/dual_cannon_command.text_3,Then place it into a Command Deployer and provide a redstone signal to activate it. Rebinding is not required when switching commands,Затем поместите предмет в развёртыватель команд и подайте сигнал редстоуна для активации. При смене команды повторная привязка не требуется.,true,CBC-Military-Supplement-1.21.1-2.1.4.jar
cbcmoreshells,translated,cbcmoreshells.ponder.dual_cannon/dual_cannon_intro.header,Dual Cannon Introduction,Основы спаренных орудий,true,CBC-Military-Supplement-1.21.1-2.1.4.jar
cbcmoreshells,translated,cbcmoreshells.ponder.dual_cannon/dual_cannon_intro.text_1,"Dual cannons are used similarly to big cannons. They must be assembled on a cannon mount to function, and require at least one breechblock and two barrels",Спаренные орудия используются подобно большим пушкам. Для работы их нужно собрать на орудийной установке как минимум из одного казённика и двух стволов.,true,CBC-Military-Supplement-1.21.1-2.1.4.jar
cbcmoreshells,translated,cbcmoreshells.ponder.dual_cannon/dual_cannon_intro.text_2,Dual cannons use normal shells and do not require additional propellant,Спаренные орудия используют обычные снаряды и не требуют отдельного метательного заряда.,true,CBC-Military-Supplement-1.21.1-2.1.4.jar
cbcmoreshells,translated,cbcmoreshells.ponder.dual_cannon/dual_cannon_intro.text_3,"Mechanical arms can be used for automatic loading, and no casing extraction is required. A mechanical arm loads only one shell at a time, and it has a cooldown after loading",Для автоматического заряжания подходят механические руки; извлекать гильзы не требуется. Рука загружает по одному снаряду и после каждой загрузки делает паузу.,true,CBC-Military-Supplement-1.21.1-2.1.4.jar
cbcmoreshells,translated,cbcmoreshells.ponder.dual_cannon/dual_cannon_intro.text_4,"Usually, one single depot is enough to supply ammunition to the cannon",Обычно для подачи боеприпасов к орудию достаточно одного склада.,true,CBC-Military-Supplement-1.21.1-2.1.4.jar
cbcmoreshells,translated,cbcmoreshells.ponder.dual_cannon/dual_cannon_magazine.header,Magazine Breech,Магазинный казённик,true,CBC-Military-Supplement-1.21.1-2.1.4.jar
cbcmoreshells,translated,cbcmoreshells.ponder.dual_cannon/dual_cannon_magazine.text_1,Replace the quickfiring breech with a magazine breech and assemble it to turn the cannon into a magazine cannon,"Замените скорострельный казённик магазинным и соберите конструкцию, чтобы превратить орудие в магазинное.",true,CBC-Military-Supplement-1.21.1-2.1.4.jar
cbcmoreshells,translated,cbcmoreshells.ponder.dual_cannon/dual_cannon_magazine.text_2,"A magazine allows the cannon to fire multiple shells in a short time, but increases the total loading time","Магазин позволяет быстро выпустить несколько снарядов подряд, но увеличивает общее время заряжания.",true,CBC-Military-Supplement-1.21.1-2.1.4.jar
cbcmoreshells,translated,cbcmoreshells.ponder.dual_cannon/dual_cannon_magazine.text_3,Each magazine allows the cannon to carry three additional reserve shells,Каждый магазин увеличивает боекомплект орудия на три снаряда.,true,CBC-Military-Supplement-1.21.1-2.1.4.jar
cbcmoreshells,translated,cbcmoreshells.ponder.dual_cannon/dual_cannon_magazine.text_4,Mechanical arm auto-loading is required to load shells into the magazine,Для загрузки снарядов в магазин требуется автоматическое заряжание механической рукой.,true,CBC-Military-Supplement-1.21.1-2.1.4.jar
cbcmoreshells,translated,cbcmoreshells.ponder.dual_cannon/dual_cannon_setting.header,Dual Cannon System,Система спаренных орудий,true,CBC-Military-Supplement-1.21.1-2.1.4.jar
cbcmoreshells,translated,cbcmoreshells.ponder.dual_cannon/dual_cannon_setting.text_1,Dual cannons come in different calibers. Thin cannons generally have a higher rate of fire but lower damage,"Спаренные орудия бывают разных калибров. Малокалиберные обычно стреляют быстрее, но наносят меньше урона.",true,CBC-Military-Supplement-1.21.1-2.1.4.jar
cbcmoreshells,translated,cbcmoreshells.ponder.dual_cannon/dual_cannon_setting.text_2,Wide cannons usually offer a balance between damage and rate of fire,Среднекалиберные орудия обычно сохраняют равновесие между уроном и скорострельностью.,true,CBC-Military-Supplement-1.21.1-2.1.4.jar
cbcmoreshells,translated,cbcmoreshells.ponder.dual_cannon/dual_cannon_setting.text_3,"Large cannons have higher damage, but a slower rate of fire","Крупнокалиберные орудия наносят больше урона, но стреляют медленнее.",true,CBC-Military-Supplement-1.21.1-2.1.4.jar
cbcmoreshells,translated,cbcmoreshells.ponder.dual_cannon/dual_cannon_setting.text_4,"Single-barrel cannons are dual cannons with only one barrel, but they have a slightly faster rate of fire","Одноствольные варианты относятся к той же системе, но имеют лишь один ствол и немного более высокую скорострельность.",true,CBC-Military-Supplement-1.21.1-2.1.4.jar
cbcmoreshells,translated,cbcmoreshells.ponder.dual_cannon/dual_cannon_setting.text_5,"Cannons in this system come in various materials, with differences in rate of fire, damage, accuracy, and other properties","Орудия этой системы изготавливаются из разных материалов, влияющих на скорострельность, урон, точность и другие характеристики.",true,CBC-Military-Supplement-1.21.1-2.1.4.jar
cbcmoreshells,translated,cbcmoreshells.ponder.dual_cannon/dual_cannon_setting.text_6,All cannons in this system use normal shells,Все орудия этой системы используют обычные снаряды.,true,CBC-Military-Supplement-1.21.1-2.1.4.jar
cbcmoreshells,translated,cbcmoreshells.ponder.projectile_rack/projectile_rack_intro.header,Projectile Rack,Держатель боеприпасов,true,CBC-Military-Supplement-1.21.1-2.1.4.jar
cbcmoreshells,translated,cbcmoreshells.ponder.projectile_rack/projectile_rack_intro.text_1,"Projectile racks are used to carry drop-launched munitions. They must be assembled on a cannon mount, and require at least one latch and two body sections",Держатели переносят сбрасываемые боеприпасы. Их нужно собрать на орудийной установке как минимум из одного замка и двух секций корпуса.,true,CBC-Military-Supplement-1.21.1-2.1.4.jar
cbcmoreshells,translated,cbcmoreshells.ponder.projectile_rack/projectile_rack_intro.text_2,"After assembly, right-click the latch to open it, then right-click with a bomb in hand to load it","После сборки щёлкните ПКМ по замку, чтобы открыть его, затем возьмите бомбу и щёлкните ПКМ ещё раз для загрузки.",true,CBC-Military-Supplement-1.21.1-2.1.4.jar
cbcmoreshells,translated,cbcmoreshells.ponder.projectile_rack/projectile_rack_intro.text_3,"Projectile racks can carry and launch bombs, rockets, and other munitions. Different munition types have their own features","Держатели могут нести и сбрасывать бомбы, ракеты и другие боеприпасы. У каждого типа боеприпасов свои особенности.",true,CBC-Military-Supplement-1.21.1-2.1.4.jar
cbcmoreshells,translated,cbcmoreshells.ponder.projectile_rack/projectile_rack_intro.text_4,Note that torpedoes loaded on projectile racks are different from those launched from torpedo tubes,"Учтите: торпеды на держателях боеприпасов отличаются от торпед, запускаемых из торпедных аппаратов.",true,CBC-Military-Supplement-1.21.1-2.1.4.jar
cbcmoreshells,translated,cbcmoreshells.ponder.projectile_rack/projectile_rack_intro.text_5,Projectile racks can also be loaded automatically using mechanical arms,Держатели также можно автоматически загружать механическими руками.,true,CBC-Military-Supplement-1.21.1-2.1.4.jar
create_central_kitchen,mixed_script,create_central_kitchen.ponder.chiller.header,Automating with Create: Chiller,Автоматизацией с Create для охладителя,true,create-central-kitchen-2.6.2.jar
create_central_kitchen,translated,create_central_kitchen.ponder.chiller.text_1,"Also, Use Mechanical Arm to insert ice or snow into Chiller",Также используйте механическую руку для помещения льда или снега в охладитель,true,create-central-kitchen-2.6.2.jar
create_central_kitchen,mixed_script,create_central_kitchen.ponder.cooking_pot.header,Automating with Create: Cooking Pot,Автоматизацией с Create для кухонного котла,true,create-central-kitchen-2.6.2.jar
create_central_kitchen,translated,create_central_kitchen.ponder.cooking_pot.text_1,Funnel also can take out cooked food,Шлюз также может извлекать готовую еду,true,create-central-kitchen-2.6.2.jar
create_central_kitchen,identical_english,create_central_kitchen.ponder.cultural_delights_portioning.header,Automating Eggplant Parmesan,Automating Eggplant Parmesan,true,create-central-kitchen-2.6.2.jar
create_central_kitchen,identical_english,create_central_kitchen.ponder.cultural_delights_portioning.text_1,Mechanical Arms can take plated servings without supplying bowls,Mechanical Arms can take plated servings without supplying bowls,true,create-central-kitchen-2.6.2.jar
create_central_kitchen,identical_english,create_central_kitchen.ponder.cultural_delights_portioning.text_2,The last serving stays until a fresh whole feast replaces it,The last serving stays until a fresh whole feast replaces it,true,create-central-kitchen-2.6.2.jar
create_central_kitchen,mixed_script,create_central_kitchen.ponder.cutting_board.header,Automating with Create: Cutting,Автоматизацией с Create в разделывании,true,create-central-kitchen-2.6.2.jar
create_central_kitchen,translated,create_central_kitchen.ponder.cutting_board.text_1,"This is a Cutting Board. Previously, it could semi-automated with Deployer",Это разделочная доска. Ранее её можно было полуавтоматизировать с помощью автономного активатора,true,create-central-kitchen-2.6.2.jar
create_central_kitchen,translated,create_central_kitchen.ponder.cutting_board.text_2,"Now, Mechanical Arm can put raw ingredient on Cutting Board",Теперь механическая рука может класть сырые ингредиенты на доску,true,create-central-kitchen-2.6.2.jar
create_central_kitchen,translated,create_central_kitchen.ponder.cutting_board.text_3,Deployer with a knife in Use Mode can cut raw ingredient,Автономный активатор с ножом в режиме использования может нарезать ингредиенты,true,create-central-kitchen-2.6.2.jar
create_central_kitchen,translated,create_central_kitchen.ponder.cutting_board.text_4,Mechanical Saw also can cut raw ingredient,Механическая пила также может нарезать ингредиенты,true,create-central-kitchen-2.6.2.jar
create_central_kitchen,identical_english,create_central_kitchen.ponder.dragon_leg.header,Automating with Create: Serving Dragon Leg,Automating with Create: Serving Dragon Leg,true,create-central-kitchen-2.6.2.jar
create_central_kitchen,identical_english,create_central_kitchen.ponder.dragon_leg.text_1,Dragon Legs can be served by Mechanical Arms with Bowls,Dragon Legs can be served by Mechanical Arms with Bowls,true,create-central-kitchen-2.6.2.jar
create_central_kitchen,identical_english,create_central_kitchen.ponder.dragon_leg.text_2,The last serving is kept in place,The last serving is kept in place,true,create-central-kitchen-2.6.2.jar
create_central_kitchen,identical_english,create_central_kitchen.ponder.festive_delight_chicken.header,Automatic(not really) Festive Chicken,Automatic(not really) Festive Chicken,true,create-central-kitchen-2.6.2.jar
create_central_kitchen,identical_english,create_central_kitchen.ponder.festive_delight_chicken.text_1,Mechanical Arms take four plated servings and leave the final leftovers,Mechanical Arms take four plated servings and leave the final leftovers,true,create-central-kitchen-2.6.2.jar
create_central_kitchen,identical_english,create_central_kitchen.ponder.group.dragon_leg,Dragon Leg,Dragon Leg,true,create-central-kitchen-2.6.2.jar
create_central_kitchen,identical_english,create_central_kitchen.ponder.group.eggplant_parmesan,Eggplant Parmesan Feasts,Eggplant Parmesan Feasts,true,create-central-kitchen-2.6.2.jar
create_central_kitchen,identical_english,create_central_kitchen.ponder.group.festive_chicken,Festive Chicken,Festive Chicken,true,create-central-kitchen-2.6.2.jar
create_central_kitchen,identical_english,create_central_kitchen.ponder.group.pancakes,Pancake Stacks,Pancake Stacks,true,create-central-kitchen-2.6.2.jar
create_central_kitchen,identical_english,create_central_kitchen.ponder.group.portionable_foods,Feasts and Pies,Feasts and Pies,true,create-central-kitchen-2.6.2.jar
create_central_kitchen,identical_english,create_central_kitchen.ponder.hearth_and_harvest_cask.header,Automating Hearth and Harvest Casks,Automating Hearth and Harvest Casks,true,create-central-kitchen-2.6.2.jar
create_central_kitchen,identical_english,create_central_kitchen.ponder.hearth_and_harvest_cask.text_1,Packages are accepted only when they contain exactly one complete Cask recipe,Packages are accepted only when they contain exactly one complete Cask recipe,true,create-central-kitchen-2.6.2.jar
create_central_kitchen,identical_english,create_central_kitchen.ponder.hearth_and_harvest_cask.text_2,A recipe panel requests one Salt and three separate Raw Meat ingredients.,A recipe panel requests one Salt and three separate Raw Meat ingredients.,true,create-central-kitchen-2.6.2.jar
create_central_kitchen,identical_english,create_central_kitchen.ponder.hearth_and_harvest_cask.text_3,"Unpacking is atomic, and each repeated ingredient occupies its own input slot","Unpacking is atomic, and each repeated ingredient occupies its own input slot",true,create-central-kitchen-2.6.2.jar
create_central_kitchen,identical_english,create_central_kitchen.ponder.hearth_and_harvest_cask.text_4,"The Cask then uses its normal 1,200-tick aging time and processing rules","The Cask then uses its normal 1,200-tick aging time and processing rules",true,create-central-kitchen-2.6.2.jar
create_central_kitchen,identical_english,create_central_kitchen.ponder.hearth_and_harvest_cask.text_5,Mechanical Arms ignore the aging inputs and extract only the finished output,Mechanical Arms ignore the aging inputs and extract only the finished output,true,create-central-kitchen-2.6.2.jar
create_central_kitchen,translated,create_central_kitchen.ponder.heat_source.header,Heat sources for Cooking,Источник тепла для кухонного котла и сковороды,true,create-central-kitchen-2.6.2.jar
create_central_kitchen,translated,create_central_kitchen.ponder.heat_source.text_1,"This is a Blaze Burner, a common boiler heater","Это горелка всполоха, стандартный нагреватель для котлов",true,create-central-kitchen-2.6.2.jar
create_central_kitchen,translated,create_central_kitchen.ponder.heat_source.text_2,Boiler heaters are valid heat sources for cooking utensils,Нагреватели котлов подходят как источники тепла для кухонного котла и сковороды,true,create-central-kitchen-2.6.2.jar
create_central_kitchen,translated,create_central_kitchen.ponder.heat_source.text_3,Boiler heaters accelerate some cooking utensils according to its heat-level,Нагреватели ускоряют готовку в зависимости от уровня нагрева,true,create-central-kitchen-2.6.2.jar
create_central_kitchen,mixed_script,create_central_kitchen.ponder.keg.part_one.header,Automating with Create: Keg - Part One,Первой частью автоматизации с Create для бочонка,true,create-central-kitchen-2.6.2.jar
create_central_kitchen,translated,create_central_kitchen.ponder.keg.part_one.text_1,Pipe can insert fluids directly into Keg,Труба может напрямую заливать жидкости в бочонок,true,create-central-kitchen-2.6.2.jar
create_central_kitchen,translated,create_central_kitchen.ponder.keg.part_one.text_2,Pipe can also extract fluids from Keg,Труба также может откачивать жидкости из бочонка,true,create-central-kitchen-2.6.2.jar
create_central_kitchen,translated,create_central_kitchen.ponder.keg.part_one.text_3,Funnel can extract special item product from Keg,Шлюз может извлекать особые предметы из бочонка,true,create-central-kitchen-2.6.2.jar
create_central_kitchen,mixed_script,create_central_kitchen.ponder.keg.part_two.header,Automating with Create: Keg - Part Two,Второй частью автоматизации с Create для бочонка,true,create-central-kitchen-2.6.2.jar
create_central_kitchen,mixed_script,create_central_kitchen.ponder.keg.pouring.header,Automating with Create: Drinks Production,Автоматизацией с Create в производстве напитков,true,create-central-kitchen-2.6.2.jar
create_central_kitchen,translated,create_central_kitchen.ponder.keg.pouring.text_1,Use spout to fill Tankard with drink,Используйте дозатор для наполнения кружки напитком,true,create-central-kitchen-2.6.2.jar
create_central_kitchen,translated,create_central_kitchen.ponder.keg.pouring.text_2,Pour drink out of Tankard with Item Drain,Слейте напиток из кружки через осушитель предметов,true,create-central-kitchen-2.6.2.jar
create_central_kitchen,mixed_script,create_central_kitchen.ponder.oven.header,Automating with Create: Oven,Автоматизацией с Create для духовки,true,create-central-kitchen-2.6.2.jar
create_central_kitchen,identical_english,create_central_kitchen.ponder.portionable_foods.header,Automating with Create: Servings,Automating with Create: Servings,true,create-central-kitchen-2.6.2.jar
create_central_kitchen,identical_english,create_central_kitchen.ponder.portionable_foods.text_1,Mechanical Arms can take servings from feasts and slices from pies,Mechanical Arms can take servings from feasts and slices from pies,true,create-central-kitchen-2.6.2.jar
create_central_kitchen,identical_english,create_central_kitchen.ponder.portionable_foods.text_2,The last serving is kept in place,The last serving is kept in place,true,create-central-kitchen-2.6.2.jar
create_central_kitchen,identical_english,create_central_kitchen.ponder.portionable_foods.text_3,A fresh whole food can replace it and return the last serving,A fresh whole food can replace it and return the last serving,true,create-central-kitchen-2.6.2.jar
create_central_kitchen,identical_english,create_central_kitchen.ponder.rustic_delight_pancakes.header,Automating Pancake Stacks,Automating Pancake Stacks,true,create-central-kitchen-2.6.2.jar
create_central_kitchen,identical_english,create_central_kitchen.ponder.rustic_delight_pancakes.text_1,Mechanical Arms can take pancakes from every flavored stack,Mechanical Arms can take pancakes from every flavored stack,true,create-central-kitchen-2.6.2.jar
create_central_kitchen,identical_english,create_central_kitchen.ponder.rustic_delight_pancakes.text_2,"Only matching pancakes are added, up to a stack of twelve","Only matching pancakes are added, up to a stack of twelve",true,create-central-kitchen-2.6.2.jar
create_central_kitchen,translated,create_central_kitchen.ponder.shared.arm_automate_container_insertion,Use Mechanical Arm to insert food container.,Механическая рука может помещать контейнеры с едой,true,create-central-kitchen-2.6.2.jar
create_central_kitchen,translated,create_central_kitchen.ponder.shared.arm_take_out_food,Mechanical Arm can take out cooked food.,Механическая рука может извлекать готовую еду,true,create-central-kitchen-2.6.2.jar
create_central_kitchen,translated,create_central_kitchen.ponder.shared.package_automate_ingredient_insertion,Use Packager to automate ingredient insertion.,Используйте упаковщик для автоматической подачи ингредиентов,true,create-central-kitchen-2.6.2.jar
create_central_kitchen,translated,create_central_kitchen.ponder.shared.pipe_insert_liquid_ingredient,Use Pipe to insert liquid ingredient.,Используйте трубу для подачи жидкого ингредиента.,true,create-central-kitchen-2.6.2.jar
create_central_kitchen,translated,create_central_kitchen.ponder.shared.useful_factory_gauges,Factory gauges are very useful in the packaging process.,Фабричный контроллер полезен в процессе упаковки,true,create-central-kitchen-2.6.2.jar
create_central_kitchen,mixed_script,create_central_kitchen.ponder.skillet_and_stove.header,Automating with Create: Skillet and Stove,Автоматизацией с Create для сковороды и кухонной плиты,true,create-central-kitchen-2.6.2.jar
create_central_kitchen,translated,create_central_kitchen.ponder.skillet_and_stove.text_1,Mechanical Arm can put raw ingredient onto Stove and Skillet,Механическая рука может класть ингредиенты на плиту и сковороду,true,create-central-kitchen-2.6.2.jar
create_connected,translated,create_connected.ponder.chain_cogwheel_relay.header,Relaying rotational force with Chain Cogwheels,Передачей силы вращения с помощью цепных шестерней в корпусе,true,create_connected-1.3.3-mc1.21.1.jar
create_connected,translated,create_connected.ponder.chain_cogwheel_relay.text_1,Chain Cogwheels are Chain Drives with an extra cogwheel,Цепные шестерни — это цепные приводы с дополнительными шестернями,true,create_connected-1.3.3-mc1.21.1.jar
create_connected,translated,create_connected.ponder.chain_cogwheel_relay.text_2,They connect to other chained components in a row,Они соединяются с другими цепными компонентами в ряду,true,create_connected-1.3.3-mc1.21.1.jar
create_connected,translated,create_connected.ponder.chain_cogwheel_relay.text_3,All shafts connected like this will rotate in the same direction,"Таким образом, все соединённые валы будут вращаться в одном направлении",true,create_connected-1.3.3-mc1.21.1.jar
create_connected,translated,create_connected.ponder.chain_cogwheel_relay.text_4,Cogwheels can connect to Chain Cogwheels anywhere in the row,Другие шестерни могут соединяться с цепными шестернями где угодно в ряду,true,create_connected-1.3.3-mc1.21.1.jar
create_connected,translated,create_connected.ponder.chain_cogwheel_relay.text_5,Any part of the row can be rotated by 90 degrees,Любая часть в ряду может быть повёрнута на 90 градусов,true,create_connected-1.3.3-mc1.21.1.jar
create_connected,translated,create_connected.ponder.chute.header,Transporting Items downward via Chutes,Транспортировкой предметов вниз через желоба,true,create_connected-1.3.3-mc1.21.1.jar
create_connected,translated,create_connected.ponder.chute.text_1,Chutes can transport items vertically from and to inventories,Желоба могут транспортировать предметы вертикально вниз,true,create_connected-1.3.3-mc1.21.1.jar
create_connected,translated,create_connected.ponder.chute.text_2,"Using the Wrench, a window can be created","Используя гаечный ключ, вы можете создать окно",true,create_connected-1.3.3-mc1.21.1.jar
create_connected,translated,create_connected.ponder.chute.text_3,"Using Industrial Iron Blocks, chutes can be encased",Желоба могут быть обрамлены блоками промышленного железа,true,create_connected-1.3.3-mc1.21.1.jar
create_connected,translated,create_connected.ponder.chute.text_4,Placing chutes targeting the side faces of another will make it diagonal,"Размещение желобов, нацеленных на боковые грани другого, сделает его диагональным",true,create_connected-1.3.3-mc1.21.1.jar
create_connected,translated,create_connected.ponder.chute_upward.header,Transporting Items upward via Chutes,Транспортировкой предметов вверх через желоба,true,create_connected-1.3.3-mc1.21.1.jar
create_connected,translated,create_connected.ponder.chute_upward.text_1,"Using Encased Fans at the top or bottom, a Chute can move items upward",С помощью размещённого внизу или наверху вентилятора в корпусе жёлоб может перемещать предметы вверх,true,create_connected-1.3.3-mc1.21.1.jar
create_connected,translated,create_connected.ponder.chute_upward.text_2,Inspecting chutes with Engineers' Goggles reveals information about the movement direction,Осмотр желобов в инженерных очках показывает информацию о направлении движения,true,create_connected-1.3.3-mc1.21.1.jar
create_connected,translated,create_connected.ponder.chute_upward.text_3,"On the 'blocked' end, items will have to be inserted/taken from the sides",На «заблокированном» конце предметы должны быть введены/выведены сбоку,true,create_connected-1.3.3-mc1.21.1.jar
create_connected,translated,create_connected.ponder.crank_wheel.header,Generating Rotational Force using Crank Wheels,Генерацией силы вращения рукоятками на шестернях,true,create_connected-1.3.3-mc1.21.1.jar
create_connected,translated,create_connected.ponder.crank_wheel.text_1,Crank Wheels can be used by players to apply rotational force manually,Рукоятки на шестернях могут быть использованы игроками для создания силы вращения вручную,true,create_connected-1.3.3-mc1.21.1.jar
create_connected,translated,create_connected.ponder.crank_wheel.text_2,Hold Right-Click to rotate it Counter-Clockwise,Зажмите ПКМ для вращения против часовой стрелки,true,create_connected-1.3.3-mc1.21.1.jar
create_connected,translated,create_connected.ponder.crank_wheel.text_3,Sneak and Hold Right-Click to rotate it Clockwise,Зажмите ПКМ крадучись для вращения по часовой стрелке,true,create_connected-1.3.3-mc1.21.1.jar
create_connected,translated,create_connected.ponder.dashboard.header,Using Dashboards,Использованием панели-визуализатора,true,create_connected-1.3.3-mc1.21.1.jar
create_connected,translated,create_connected.ponder.dashboard.text_1,A Dashboard is a mini-display with 4 lines,"Панель-визуализатор — это компактная, четырёхстрочная альтернатива механическому табло",true,create_connected-1.3.3-mc1.21.1.jar
create_connected,translated,create_connected.ponder.dashboard.text_2,Static text can be applied using written Clipboards,Обычный текст может быть добавлен с помощью планшета...,true,create_connected-1.3.3-mc1.21.1.jar
create_connected,translated,create_connected.ponder.dashboard.text_3,And dynamic text through the use of Display Links,...а динамический — с помощью передатчика информации,true,create_connected-1.3.3-mc1.21.1.jar
create_connected,translated,create_connected.ponder.dashboard.text_4,Dyes and Glow Ink Sac can be applied to the dashboard,Красители и светящиеся чернила могут быть нанесены на панель,true,create_connected-1.3.3-mc1.21.1.jar
create_connected,translated,create_connected.ponder.dashboard.text_5,Information displayed on the dashboard is sent to the HUD of players sitting in front of it,"Игрок, сидящий на сиденье рядом с панелью-визуализатором, будет видеть текст на своём экране над панелью быстрого доступа",true,create_connected-1.3.3-mc1.21.1.jar
create_connected,translated,create_connected.ponder.dashboard.text_6,This can be disabled using a wrench,Такая визуализация может быть отключена кликом по панели гаечным ключом,true,create_connected-1.3.3-mc1.21.1.jar
create_connected,translated,create_connected.ponder.dashboard.text_7,The dashboard can be reset by clicking it with an empty hand,"Текст на панели можно сбросить, кликнув по ней пустой рукой",true,create_connected-1.3.3-mc1.21.1.jar
create_connected,translated,create_connected.ponder.inventory_access_port.header,Connecting to inventories with Inventory Access Port,Подключением к инвентарям с помощью складского порта доступа,true,create_connected-1.3.3-mc1.21.1.jar
create_connected,translated,create_connected.ponder.inventory_access_port.text_1,Accessing inventory can be challenging in tight spaces,Доступ к инвентарю может быть сложным в труднодоступных местах,true,create_connected-1.3.3-mc1.21.1.jar
create_connected,translated,create_connected.ponder.inventory_access_port.text_2,Inventory Access Ports extend inventories to help with that,"Складские порты доступа продолжают инвентари, чтобы это преодолеть",true,create_connected-1.3.3-mc1.21.1.jar
create_connected,translated,create_connected.ponder.inventory_access_port.text_3,Multiple ports can be attached to one inventory,Несколько портов могут быть присоединены к одному хранилищу,true,create_connected-1.3.3-mc1.21.1.jar
create_connected,translated,create_connected.ponder.inventory_access_port.text_4,Ports do not provide additional storage space,Порты не увеличивают его общую вместимость,true,create_connected-1.3.3-mc1.21.1.jar
create_connected,translated,create_connected.ponder.inventory_access_port.text_5,But components attached to ports can access inventories...,Однако прочие компоненты имеют доступ к инвентарю...,true,create_connected-1.3.3-mc1.21.1.jar
create_connected,translated,create_connected.ponder.inventory_access_port.text_6,...as if they are directly connected,...как если бы были присоединены к нему напрямую,true,create_connected-1.3.3-mc1.21.1.jar
create_connected,translated,create_connected.ponder.inventory_access_port.text_7,Ports cannot be daisy-chained,Порты не могут быть присоединены друг за другом,true,create_connected-1.3.3-mc1.21.1.jar
create_connected,translated,create_connected.ponder.inventory_access_port.text_8,But they can be disabled with redstone,Но могут быть отключены редстоуном,true,create_connected-1.3.3-mc1.21.1.jar
create_connected,translated,create_connected.ponder.inventory_bridge.header,Connecting two inventories with Inventory Bridge,Соединением двух инвентарей складским звеном,true,create_connected-1.3.3-mc1.21.1.jar
create_connected,translated,create_connected.ponder.inventory_bridge.text_1,Inventory Bridge provides an interface to access two inventories simultaneously,Складское звено предоставляет интерфейс с доступом к двум инвентарям одновременно,true,create_connected-1.3.3-mc1.21.1.jar
create_connected,translated,create_connected.ponder.inventory_bridge.text_2,It does not provide additional storage space,Оно не увеличивает их вместимости,true,create_connected-1.3.3-mc1.21.1.jar
create_connected,translated,create_connected.ponder.inventory_bridge.text_3,Only components attached to the bridge itself can access both inventories,"Только компоненты, прикреплённые непосредственно к звену, имеют доступ к обоим инвентарям",true,create_connected-1.3.3-mc1.21.1.jar
create_connected,translated,create_connected.ponder.inventory_bridge.text_4,Multiple bridges can be attached to the same set of inventories,Несколько звеньев могут быть присоединены к одним и тем же инвентарям,true,create_connected-1.3.3-mc1.21.1.jar
create_connected,translated,create_connected.ponder.inventory_bridge.text_5,But bridges cannot be daisy-chained,Но они не могут быть присоединены друг за другом,true,create_connected-1.3.3-mc1.21.1.jar
create_connected,translated,create_connected.ponder.inventory_bridge.text_6,Use a redstone signal to disable the bridge,Редстоун-сигнал отключает складское звено,true,create_connected-1.3.3-mc1.21.1.jar
create_connected,translated,create_connected.ponder.inventory_bridge_filter.header,Filtering items with Inventory Bridge,Сортировкой предметов складским звеном,true,create_connected-1.3.3-mc1.21.1.jar
create_connected,translated,create_connected.ponder.inventory_bridge_filter.text_1,Filter slots on the Inventory Bridge specify which inventory the inserted items should go to,"Слоты для фильтров на складском звене определяют, в какой инвентарь следует отправить входящие предметы",true,create_connected-1.3.3-mc1.21.1.jar
create_connected,translated,create_connected.ponder.inventory_bridge_filter.text_2,Items that do not match either filter cannot be inserted into the bridge,"Предметы, не соответствующие ни одному фильтру, не попадают внутрь",true,create_connected-1.3.3-mc1.21.1.jar
create_connected,translated,create_connected.ponder.inventory_bridge_filter.text_3,Non-empty filters take precedence over empty ones...,Настроенные фильтры имеют приоритет перед пустыми...,true,create_connected-1.3.3-mc1.21.1.jar
create_connected,translated,create_connected.ponder.inventory_bridge_filter.text_4,...and prevent matching items from going to the unfiltered side,...и не дают соответствующим им предметам проходить через обратную сторону,true,create_connected-1.3.3-mc1.21.1.jar
create_connected,mixed_script,create_connected.ponder.inventory_bridge_filter.text_5,Filters are also respected when extracting items from inventories...,Filters are also respected when extracting предметы from inventories...,true,create_connected-1.3.3-mc1.21.1.jar
create_connected,mixed_script,create_connected.ponder.inventory_bridge_filter.text_6,...and an empty filter rejects items that match the other side,...and an empty filter rejects предметы that match the other side,true,create_connected-1.3.3-mc1.21.1.jar
create_connected,mixed_script,create_connected.ponder.inventory_bridge_filter.text_7,Items rejected by filters are not visible in stock link networks,предметы rejected by filters are not visible in stock link networks,true,create_connected-1.3.3-mc1.21.1.jar
create_connected,translated,create_connected.ponder.inverted_clutch.header,Controlling rotational force using an Inverted Clutch,Управлением силой вращения с помощью инвертированного сцепления,true,create_connected-1.3.3-mc1.21.1.jar
create_connected,translated,create_connected.ponder.inverted_clutch.text_1,Inverted Clutches will not relay rotation...,Инвертированное сцепление не будет пропускать вращение...,true,create_connected-1.3.3-mc1.21.1.jar
create_connected,translated,create_connected.ponder.inverted_clutch.text_2,...unless they are powered by Redstone,...пока не будет активировано редстоуном,true,create_connected-1.3.3-mc1.21.1.jar
create_connected,translated,create_connected.ponder.inverted_gearshift.header,Controlling rotational force using an Inverted Gearshift,Управлением силой вращения с помощью инвертированной реверсивной передачи,true,create_connected-1.3.3-mc1.21.1.jar
create_connected,translated,create_connected.ponder.inverted_gearshift.text_1,Inverted Gearshifts will reverse rotation in a straight line,Инвертированные реверсивные передачи реверсируют передачу,true,create_connected-1.3.3-mc1.21.1.jar
create_connected,translated,create_connected.ponder.inverted_gearshift.text_2,"When powered by Redstone, it relays rotation with its direction unchanged",При активации редстоун-сигналом она возвращает вращение к исходному,true,create_connected-1.3.3-mc1.21.1.jar
create_connected,translated,create_connected.ponder.kinetic_battery.header,Storing kinetic stress with Kinetic Battery,Хранением кинетической энергии с помощью накопителя,true,create_connected-1.3.3-mc1.21.1.jar
create_connected,translated,create_connected.ponder.kinetic_battery.text_1,The Kinetic Battery stores stress units for future use,Кинетический накопитель заряжается энергией для последующего использования,true,create_connected-1.3.3-mc1.21.1.jar
create_connected,translated,create_connected.ponder.kinetic_battery.text_2,"When unpowered, it consumes kinetic stress from the front to charge up",В неактивном состоянии он накапливает силу подаваемого спереди вращения,true,create_connected-1.3.3-mc1.21.1.jar
create_connected,identical_english,create_connected.ponder.kinetic_battery.text_3,"When powered by redstone, it discharges by generating a set amount of stress capacity at a fixed speed","When powered by redstone, it discharges by generating a set amount of stress capacity at a fixed speed",true,create_connected-1.3.3-mc1.21.1.jar
create_connected,identical_english,create_connected.ponder.kinetic_battery.text_4,But the amount of battery charge consumed depends on the actual amount of stress capacity in use,But the amount of battery charge consumed depends on the actual amount of stress capacity in use,true,create_connected-1.3.3-mc1.21.1.jar
create_connected,identical_english,create_connected.ponder.kinetic_battery.text_5,"When other kinetic sources provide enough stress capacity, batteries will not discharge","When other kinetic sources provide enough stress capacity, batteries will not discharge",true,create_connected-1.3.3-mc1.21.1.jar
create_connected,mixed_script,create_connected.ponder.kinetic_battery.text_6,"Even if the network has zero stress impact, batteries still consume a tiny amount of charge to drive belts for item transport","Even if the сеть has zero stress impact, batteries still consume a крошечный amount of charge to drive belts for предмет transport",true,create_connected-1.3.3-mc1.21.1.jar
create_connected,translated,create_connected.ponder.kinetic_battery.text_7,A comparator can be used to read the current battery level,Можно использовать компаратор для считывания текущего заряда накопителя,true,create_connected-1.3.3-mc1.21.1.jar
create_connected,translated,create_connected.ponder.kinetic_battery.text_8,Use a Threshold Switch for a more accurate reading,Для большей точности используйте пороговый переключатель,true,create_connected-1.3.3-mc1.21.1.jar
create_connected,identical_english,create_connected.ponder.kinetic_battery.text_9,Or use a Display Link to display battery level,Or use a Display Link to display battery level,true,create_connected-1.3.3-mc1.21.1.jar
create_connected,translated,create_connected.ponder.kinetic_battery_automation.header,Automating energy transfer,Передачей заряда между накопителями,true,create_connected-1.3.3-mc1.21.1.jar
create_connected,mixed_script,create_connected.ponder.kinetic_battery_automation.text_1,Batteries retain their charge in item form,Batteries retain their charge in предмет form,true,create_connected-1.3.3-mc1.21.1.jar
create_connected,translated,create_connected.ponder.kinetic_battery_automation.text_2,"When a battery is discharging, right click with a charged battery to recharge","Когда накопитель разряжается, ПКМ с заряженным накопителем в руке его перезарядит",true,create_connected-1.3.3-mc1.21.1.jar
create_connected,identical_english,create_connected.ponder.kinetic_battery_automation.text_3,"When a battery is in charging mode, right click with another battery to discharge","When a battery is in charging mode, right click with another battery to discharge",true,create_connected-1.3.3-mc1.21.1.jar
create_connected,translated,create_connected.ponder.kinetic_battery_automation.text_4,Deployers and mechanical arms can automate the energy transfer,С помощью автономных активаторов и механических рук этот процесс можно автоматизировать,true,create_connected-1.3.3-mc1.21.1.jar
create_connected,translated,create_connected.ponder.kinetic_battery_chaining.header,Chaining multiple Kinetic Batteries,Одновременным использованием нескольких накопителей,true,create_connected-1.3.3-mc1.21.1.jar
create_connected,translated,create_connected.ponder.kinetic_battery_chaining.text_1,The Kinetic Battery has a rear output...,Выход с задней стороны кинетического накопителя...,true,create_connected-1.3.3-mc1.21.1.jar
create_connected,translated,create_connected.ponder.kinetic_battery_chaining.text_2,which is coupled to the front input when it finishes charging/discharging...,"...вращается вместе с передним, когда накопитель заряжен или разряжен",true,create_connected-1.3.3-mc1.21.1.jar
create_connected,translated,create_connected.ponder.kinetic_battery_chaining.text_3,but is disconnected when the battery is operating,Соединение разрывается при его активации,true,create_connected-1.3.3-mc1.21.1.jar
create_connected,translated,create_connected.ponder.kinetic_battery_chaining.text_4,This allows you to chain batteries to extend the discharge duration,"Это позволяет соединённым в ряд накопителям разряжаться по очереди, продлевая общее время работы",true,create_connected-1.3.3-mc1.21.1.jar
create_connected,identical_english,create_connected.ponder.kinetic_battery_chaining.text_5,"When one battery receives a redstone signal, all batteries in the chain get powered","When one battery receives a redstone signal, all batteries in the chain get powered",true,create_connected-1.3.3-mc1.21.1.jar
create_connected,translated,create_connected.ponder.kinetic_battery_chaining.text_6,"To increase the total stress capacity, connect batteries in parallel instead","Чтобы увеличить силу генерируемого вращения, разместите накопители параллельно друг другу",true,create_connected-1.3.3-mc1.21.1.jar
create_connected,translated,create_connected.ponder.kinetic_bridge.header,Relaying rotational force using a Kinetic Bridge,Передачей силы вращения с помощью кинетического моста,true,create_connected-1.3.3-mc1.21.1.jar
create_connected,translated,create_connected.ponder.kinetic_bridge.text_1,A Kinetic Bridge transfers a constant amount of stress capacity from one network to another...,Кинетический мост передаёт постоянную допустимую нагрузку из одной кинетической сети в другую...,true,create_connected-1.3.3-mc1.21.1.jar
create_connected,translated,create_connected.ponder.kinetic_bridge.text_10,72+72+144 su > 256 su,72 + 72 + 144 ЕН > 256 ЕН,true,create_connected-1.3.3-mc1.21.1.jar
create_connected,translated,create_connected.ponder.kinetic_bridge.text_11,the bridge is unable to transfer stress capacity...,...мосту не удаётся провести нужную допустимую нагрузку...,true,create_connected-1.3.3-mc1.21.1.jar
create_connected,translated,create_connected.ponder.kinetic_bridge.text_12,but it still tries to consume the full amount,...но он продолжает нагружать этим основную сеть,true,create_connected-1.3.3-mc1.21.1.jar
create_connected,translated,create_connected.ponder.kinetic_bridge.text_13,You may add an Overstress Clutch in front to free up the capacity consumed by an overstressed bridge,"Поэтому рекомендуется разместить предохраняющее сцепление, освободив сеть от лишней нагрузки мостом",true,create_connected-1.3.3-mc1.21.1.jar
create_connected,translated,create_connected.ponder.kinetic_bridge.text_14,256 su,Источник: 256 ЕН,true,create_connected-1.3.3-mc1.21.1.jar
create_connected,translated,create_connected.ponder.kinetic_bridge.text_15,72 su,72 ЕН,true,create_connected-1.3.3-mc1.21.1.jar
create_connected,translated,create_connected.ponder.kinetic_bridge.text_16,72 su,72 ЕН,true,create_connected-1.3.3-mc1.21.1.jar
create_connected,translated,create_connected.ponder.kinetic_bridge.text_17,0 su,0 ЕН,true,create_connected-1.3.3-mc1.21.1.jar
create_connected,translated,create_connected.ponder.kinetic_bridge.text_18,72+72+0 su < 256 su,72 + 72 + 0 ЕН < 256 ЕН,true,create_connected-1.3.3-mc1.21.1.jar
create_connected,translated,create_connected.ponder.kinetic_bridge.text_2,...while keeping the two networks separate,...не объединяя их при этом в одну общую сеть,true,create_connected-1.3.3-mc1.21.1.jar
create_connected,translated,create_connected.ponder.kinetic_bridge.text_3,The amount of stress capacity transferred can be changed via the value panel,Проводимая допустимая нагрузка может быть настроена на панели параметров,true,create_connected-1.3.3-mc1.21.1.jar
create_connected,translated,create_connected.ponder.kinetic_bridge.text_4,"When one network is overstressed, the other network is unaffected","Когда в присоединённой сети происходит перегрузка, сеть с источником вращения продолжает работать",true,create_connected-1.3.3-mc1.21.1.jar
create_connected,translated,create_connected.ponder.kinetic_bridge.text_5,"However, when the source network is overstressed...","Когда же в сети, поставляющей силу вращения, происходит перегрузка...",true,create_connected-1.3.3-mc1.21.1.jar
create_connected,translated,create_connected.ponder.kinetic_bridge.text_6,256 su,Источник: 256 ЕН,true,create_connected-1.3.3-mc1.21.1.jar
create_connected,translated,create_connected.ponder.kinetic_bridge.text_7,72 su,72 ЕН,true,create_connected-1.3.3-mc1.21.1.jar
create_connected,translated,create_connected.ponder.kinetic_bridge.text_8,72 su,72 ЕН,true,create_connected-1.3.3-mc1.21.1.jar
create_connected,translated,create_connected.ponder.kinetic_bridge.text_9,144 su,144 ЕН,true,create_connected-1.3.3-mc1.21.1.jar
create_connected,translated,create_connected.ponder.linked_transmitter.header,Using Linked Transmitters,Использованием встроенных частотных передатчиков,true,create_connected-1.3.3-mc1.21.1.jar
create_connected,translated,create_connected.ponder.linked_transmitter.text_1,Right-click a redstone input with a Linked Transmitter to attach it to the input,Кликните ПКМ частотным передатчиком по источнику сигнала для встраивания,true,create_connected-1.3.3-mc1.21.1.jar
create_connected,translated,create_connected.ponder.linked_transmitter.text_10,Right-click the transmitter with a wrench to detach it from the input,Используйте гаечный ключ для демонтажа встроенного передатчика,true,create_connected-1.3.3-mc1.21.1.jar
create_connected,translated,create_connected.ponder.linked_transmitter.text_2,Linked Transmitters can transmit input signals wirelessly,Встроенные частотные передатчики могут передавать редстоун-сигнал без редстоуновой пыли,true,create_connected-1.3.3-mc1.21.1.jar
create_connected,translated,create_connected.ponder.linked_transmitter.text_3,Receivers emit the redstone power of transmitters within 128 blocks,Приёмники улавливают редстоун-сигнал передатчиков в радиусе 128 блоков,true,create_connected-1.3.3-mc1.21.1.jar
create_connected,translated,create_connected.ponder.linked_transmitter.text_4,Place items in the two slots to specify a frequency,"Поместите предметы в два слота, чтобы указать частоту",true,create_connected-1.3.3-mc1.21.1.jar
create_connected,translated,create_connected.ponder.linked_transmitter.text_5,Only the links with matching frequencies will communicate,Передатчики только одной частоты могут сообщаться,true,create_connected-1.3.3-mc1.21.1.jar
create_connected,translated,create_connected.ponder.linked_transmitter.text_6,To avoid misclicks...,Во избежание случайной смены частот...,true,create_connected-1.3.3-mc1.21.1.jar
create_connected,translated,create_connected.ponder.linked_transmitter.text_7,...right-click the transmitter with honeycomb to wax it,"...кликните по передатчику, держа пчелиные соты в руке, чтобы заблокировать слоты частоты",true,create_connected-1.3.3-mc1.21.1.jar
create_connected,translated,create_connected.ponder.linked_transmitter.text_8,Right-click again with an axe to edit the frequencies again,Используйте топор для снятия блокировки,true,create_connected-1.3.3-mc1.21.1.jar
create_connected,translated,create_connected.ponder.linked_transmitter.text_9,Linked Transmitters also work on buttons and analog levers,Передатчики также могут быть встроены в кнопки и аналоговые рычаги,true,create_connected-1.3.3-mc1.21.1.jar
create_connected,translated,create_connected.ponder.parallel_gearbox.header,Relaying rotational force using Parallel Gearboxes,Передачей силы вращения с помощью параллельных угловых передач,true,create_connected-1.3.3-mc1.21.1.jar
create_connected,translated,create_connected.ponder.parallel_gearbox.text_1,This setup is simple but currently impossible,"Такая конструкция проста, но на данный момент невозможна",true,create_connected-1.3.3-mc1.21.1.jar
create_connected,translated,create_connected.ponder.parallel_gearbox.text_2,A parallel gearbox encapsulates this into a block,Параллельная угловая передача — это компактный эквивалент этой установки,true,create_connected-1.3.3-mc1.21.1.jar
create_connected,translated,create_connected.ponder.parallel_gearbox.text_3,Shafts around corners rotate in the same direction,Валы по углам поворачиваются в одном направлении,true,create_connected-1.3.3-mc1.21.1.jar
create_connected,translated,create_connected.ponder.parallel_gearbox.text_4,Straight connections will be reversed,Прямые соединения будут реверсированны,true,create_connected-1.3.3-mc1.21.1.jar
create_connected,translated,create_connected.ponder.sequenced_pulse_generator.header,Controlling signals using Sequenced Pulse Generators,Использованием последовательных генераторов импульса,true,create_connected-1.3.3-mc1.21.1.jar
create_connected,translated,create_connected.ponder.sequenced_pulse_generator.text_1,Seq. Pulse Gen. outputs signals by following a timed list of instructions,Последовательный генератор импульса издаёт редстоун-сигналы по списку заданных инструкций,true,create_connected-1.3.3-mc1.21.1.jar
create_connected,translated,create_connected.ponder.sequenced_pulse_generator.text_2,Right-click it to open the Configuration UI,"Кликните ПКМ, чтобы открыть интерфейс для настройки",true,create_connected-1.3.3-mc1.21.1.jar
create_connected,translated,create_connected.ponder.sequenced_pulse_generator.text_3,Upon receiving a signal from its back...,При получении редстоун-сигнала сзади...,true,create_connected-1.3.3-mc1.21.1.jar
create_connected,translated,create_connected.ponder.sequenced_pulse_generator.text_4,...it will start running its configured sequence,...он начнёт выполнять заданные инструкции по порядку,true,create_connected-1.3.3-mc1.21.1.jar
create_connected,translated,create_connected.ponder.sequenced_pulse_generator.text_5,"Once finished, it waits for the next signal and starts over","По завершении он будет ожидать следующего сигнала, после которого начнёт сначала",true,create_connected-1.3.3-mc1.21.1.jar
create_connected,translated,create_connected.ponder.sequenced_pulse_generator.text_6,A redstone comparator can be used to read the current progress,Можно использовать компаратор для считывания текущего прогресса выполнения инструкций,true,create_connected-1.3.3-mc1.21.1.jar
create_connected,translated,create_connected.ponder.sequenced_pulse_generator.text_7,Upon receiving a signal from its sides...,Получив же сигнал сбоку...,true,create_connected-1.3.3-mc1.21.1.jar
create_connected,translated,create_connected.ponder.sequenced_pulse_generator.text_8,...it will reset and terminate the sequence immediately,...он немедленно прекратит выполнение и сбросит последовательность,true,create_connected-1.3.3-mc1.21.1.jar
create_dragons_plus,identical_english,create_dragons_plus.ponder.air_current_interact_with_block.header,Air Currents of Bulk Processing from Simulated Contraptions,Air Currents of Bulk Processing from Simulated Contraptions,true,CreateDragonsPlus-1.11.9.jar
create_dragons_plus,identical_english,create_dragons_plus.ponder.air_current_interact_with_block.text_1,Air Current of Bulk Processing from Simulated Contraptions can affect block,Air Current of Bulk Processing from Simulated Contraptions can affect block,true,CreateDragonsPlus-1.11.9.jar
create_dragons_plus,identical_english,create_dragons_plus.ponder.air_current_interact_with_block.text_2,"""Bulk Blasting Air Current spreads fire"" is off by default in config to prevent new players from burning their properties accidentally","""Bulk Blasting Air Current spreads fire"" is off by default in config to prevent new players from burning their properties accidentally",true,CreateDragonsPlus-1.11.9.jar
create_dragons_plus,translated,create_dragons_plus.ponder.bulk_coloring.header,Bulk Coloring,Массовой окраской,true,CreateDragonsPlus-1.11.9.jar
create_dragons_plus,translated,create_dragons_plus.ponder.bulk_coloring.text_1,Air Flows passing through Liquid Dye create a Coloring Setup,"Проходя через жидкий краситель, воздушный поток становится окрашивающим",true,CreateDragonsPlus-1.11.9.jar
create_dragons_plus,translated,create_dragons_plus.ponder.bulk_coloring.text_2,"Like Bulk Blasting and Bulk Smoking, Bulk Coloring is automatically compatible with certain crafting recipes using dyes","Как и массовая плавление и массовое копчение, массовая окраска автоматически совместима с определёнными рецептами создания, использующими красители",true,CreateDragonsPlus-1.11.9.jar
create_dragons_plus,translated,create_dragons_plus.ponder.bulk_coloring.text_3,"Coloring Air Flow can also affect entities, changing their color.","Окрашивающий воздушный поток также может воздействовать на сущности, изменяя их цвет.",true,CreateDragonsPlus-1.11.9.jar
create_dragons_plus,translated,create_dragons_plus.ponder.bulk_coloring.text_4,Equipped armor will also be colored.,Надетая броня также будет окрашена.,true,CreateDragonsPlus-1.11.9.jar
create_dragons_plus,identical_english,create_dragons_plus.ponder.bulk_enchanting.header,Bulk Enchanting,Bulk Enchanting,true,CreateDragonsPlus-1.11.9.jar
create_dragons_plus,identical_english,create_dragons_plus.ponder.bulk_enchanting.text_1,Air Flows passing through Golden Aercloud create a Bulk Enchanting setup,Air Flows passing through Golden Aercloud create a Bulk Enchanting setup,true,CreateDragonsPlus-1.11.9.jar
create_dragons_plus,identical_english,create_dragons_plus.ponder.bulk_enchanting.text_2,Bulk Enchanting processes Aether Altar recipes with fan processing,Bulk Enchanting processes Aether Altar recipes with fan processing,true,CreateDragonsPlus-1.11.9.jar
create_dragons_plus,identical_english,create_dragons_plus.ponder.bulk_enchanting.text_3,"Some recipes repair equipment, so the input and output may be the same item type","Some recipes repair equipment, so the input and output may be the same item type",true,CreateDragonsPlus-1.11.9.jar
create_dragons_plus,identical_english,create_dragons_plus.ponder.bulk_enchanting.text_4,The same airflow can incubate Moa Eggs as item processing,The same airflow can incubate Moa Eggs as item processing,true,CreateDragonsPlus-1.11.9.jar
create_dragons_plus,translated,create_dragons_plus.ponder.bulk_ending.header,Bulk Ending,Массовое эндерирование,true,CreateDragonsPlus-1.11.9.jar
create_dragons_plus,translated,create_dragons_plus.ponder.bulk_ending.text_1,Air Flows passing through Dragon Head or Dragon Breath create a Ending Setup,"Проходя через голову дракона или драконье дыхание, воздушный поток становится эндерирующим",true,CreateDragonsPlus-1.11.9.jar
create_dragons_plus,translated,create_dragons_plus.ponder.bulk_freezing.header,Bulk Freezing,Массовой заморозкой,true,CreateDragonsPlus-1.11.9.jar
create_dragons_plus,translated,create_dragons_plus.ponder.bulk_freezing.text_1,Air Flows passing through Powder Snow create a Freezing Setup,"Проходя через рыхлый снег, воздушный поток становится замораживающим",true,CreateDragonsPlus-1.11.9.jar
create_dragons_plus,translated,create_dragons_plus.ponder.bulk_sanding.header,Bulk Sanding,Массовая полировка,true,CreateDragonsPlus-1.11.9.jar
create_dragons_plus,identical_english,create_dragons_plus.ponder.bulk_sanding.text_1,Air Flows passing through Bulk Sanding Catalysts (Example: Quicksand) create a Sanding Setup,Air Flows passing through Bulk Sanding Catalysts (Example: Quicksand) create a Sanding Setup,true,CreateDragonsPlus-1.11.9.jar
create_dragons_plus,translated,create_dragons_plus.ponder.bulk_sanding.text_2,"Like Bulk Blasting and Bulk Smoking, Bulk Sanding is automatically compatible with Sand Paper sanding recipes","Как массовое плавление и массовое копчение, массовая полировка автоматически совместима с рецептами полирования наждачной бумагой",true,CreateDragonsPlus-1.11.9.jar
create_dragons_plus,identical_english,create_dragons_plus.ponder.dragon_breath_fluid.header,Dragon's Breath Fluid,Dragon's Breath Fluid,true,CreateDragonsPlus-1.11.9.jar
create_dragons_plus,identical_english,create_dragons_plus.ponder.dragon_breath_fluid.text_1,Dragon's Breath supports Cauldron behaviour,Dragon's Breath supports Cauldron behaviour,true,CreateDragonsPlus-1.11.9.jar
create_dragons_plus,identical_english,create_dragons_plus.ponder.dragon_breath_fluid.text_2,"When flowing Dragon's Breath meets lava, it forms End Stone","When flowing Dragon's Breath meets lava, it forms End Stone",true,CreateDragonsPlus-1.11.9.jar
create_dragons_plus,identical_english,create_dragons_plus.ponder.dye_fluids.header,Liquid Dye,Liquid Dye,true,CreateDragonsPlus-1.11.9.jar
create_dragons_plus,identical_english,create_dragons_plus.ponder.dye_fluids.text_1,Mixing dye with water creates Liquid Dye,Mixing dye with water creates Liquid Dye,true,CreateDragonsPlus-1.11.9.jar
create_dragons_plus,identical_english,create_dragons_plus.ponder.dye_fluids.text_2,Heated mixing can recover the dye item from the fluid,Heated mixing can recover the dye item from the fluid,true,CreateDragonsPlus-1.11.9.jar
create_dragons_plus,identical_english,create_dragons_plus.ponder.dye_fluids.text_3,Items and living entities touching Liquid Dye are colored,Items and living entities touching Liquid Dye are colored,true,CreateDragonsPlus-1.11.9.jar
create_dragons_plus,identical_english,create_dragons_plus.ponder.dye_fluids.text_4,"When Liquid Dye meets lava, it forms matching concrete","When Liquid Dye meets lava, it forms matching concrete",true,CreateDragonsPlus-1.11.9.jar
create_dragons_plus,identical_english,create_dragons_plus.ponder.fragile_fluid_tank.header,Fragile Fluid Tank,Fragile Fluid Tank,true,CreateDragonsPlus-1.11.9.jar
create_dragons_plus,identical_english,create_dragons_plus.ponder.fragile_fluid_tank.text_1,These tanks are fragile. They break on impact,These tanks are fragile. They break on impact,true,CreateDragonsPlus-1.11.9.jar
create_dragons_plus,identical_english,create_dragons_plus.ponder.fragile_fluid_tank.text_2,"When fragile Fluid Tanks breaks, fluid effect will be applied to surrounding","When fragile Fluid Tanks breaks, fluid effect will be applied to surrounding",true,CreateDragonsPlus-1.11.9.jar
create_dragons_plus,identical_english,create_dragons_plus.ponder.group.no_scene,No Ponder scene for this entry,No Ponder scene for this entry,true,CreateDragonsPlus-1.11.9.jar
create_dragons_plus,identical_english,create_dragons_plus.ponder.group.open,Left-click to ponder this entry,Left-click to ponder this entry,true,CreateDragonsPlus-1.11.9.jar
create_dragons_plus,identical_english,create_dragons_plus.ponder.group.position,%s / %s,%s / %s,true,CreateDragonsPlus-1.11.9.jar
create_dragons_plus,identical_english,create_dragons_plus.ponder.group.scroll,Scroll to select an entry,Scroll to select an entry,true,CreateDragonsPlus-1.11.9.jar
create_hypertube,translated,create_hypertube.ponder.accelerator.header,Hypertube Accelerators,Ускорители гипертрубы,true,create_hypertube-0.6.0-NEOFORGE.jar
create_hypertube,translated,create_hypertube.ponder.accelerator.text_1,Hypertube Accelerators increase the speed of entities traveling the Hypertube.,"Ускорители гипертрубы повышают скорость сущностей, перемещающихся по ней.",true,create_hypertube-0.6.0-NEOFORGE.jar
create_hypertube,translated,create_hypertube.ponder.accelerator.text_2,You can change to BRAKE mode by Right Clicking the Accelerator.,"Щёлкните ПКМ по ускорителю, чтобы переключить его в режим ТОРМОЖЕНИЯ.",true,create_hypertube-0.6.0-NEOFORGE.jar
create_hypertube,translated,create_hypertube.ponder.attachments.header,Hypertube Attachments,Модули гипертрубы,true,create_hypertube-0.6.0-NEOFORGE.jar
create_hypertube,translated,create_hypertube.ponder.attachments.text_1,The Scanner Attachment allows you to detect entities traveling the Hypertube. (8 power for babies and 15 for adults),"Модуль-сканер обнаруживает сущностей, перемещающихся по гипертрубе. Уровень сигнала: 8 для детёнышей и 15 для взрослых.",true,create_hypertube-0.6.0-NEOFORGE.jar
create_hypertube,translated,create_hypertube.ponder.attachments.text_2,"You can also place attachments in accelerators, in any side at the same time.",Модули также можно одновременно устанавливать с любой стороны ускорителя.,true,create_hypertube-0.6.0-NEOFORGE.jar
create_hypertube,translated,create_hypertube.ponder.attachments.text_3,The Redstone Detector Attachment allows you to change the Accelerator/Entrance mode with a Redstone signal.,Модуль-детектор редстоуна позволяет переключать режим ускорителя или входа сигналом редстоуна.,true,create_hypertube-0.6.0-NEOFORGE.jar
create_hypertube,translated,create_hypertube.ponder.entrance.header,Hypertube Entrances,Входы в гипертрубу,true,create_hypertube-0.6.0-NEOFORGE.jar
create_hypertube,translated,create_hypertube.ponder.entrance.text_1,"Hypertube Entrances connect to the Hypertube network, allowing high-speed travel.",Входы подключаются к сети гипертруб и обеспечивают скоростное перемещение.,true,create_hypertube-0.6.0-NEOFORGE.jar
create_hypertube,translated,create_hypertube.ponder.entrance.text_2,"To be able to enter the Hypertube, you need to power with at least 16 RPM.","Чтобы войти в гипертрубу, к входу нужно подвести вращение со скоростью не менее 16 об/мин.",true,create_hypertube-0.6.0-NEOFORGE.jar
create_hypertube,translated,create_hypertube.ponder.entrance.text_3,"The faster it spins, the faster you can travel.","Чем быстрее вращается вход, тем быстрее вы перемещаетесь.",true,create_hypertube-0.6.0-NEOFORGE.jar
create_hypertube,translated,create_hypertube.ponder.entrance.text_4,You can change the entrance mode by Right Clicking it with a Wrench.,"Щёлкните ПКМ по входу гаечным ключом, чтобы изменить его режим.",true,create_hypertube-0.6.0-NEOFORGE.jar
create_hypertube,translated,create_hypertube.ponder.simple_tube.header,Creating a Hypertube,Создание гипертрубы,true,create_hypertube-0.6.0-NEOFORGE.jar
create_hypertube,translated,create_hypertube.ponder.simple_tube.text_1,"To create a Hypertube connection, Just Right Click the tube while holding another tube.","Чтобы создать соединение гипертрубы, возьмите другую трубу и щёлкните ПКМ по установленной.",true,create_hypertube-0.6.0-NEOFORGE.jar
create_hypertube,translated,create_hypertube.ponder.simple_tube.text_2,Then place the second tube.,Затем установите вторую трубу.,true,create_hypertube-0.6.0-NEOFORGE.jar
create_hypertube,translated,create_hypertube.ponder.simple_tube.text_3,And you have a Hypertube connection!,Соединение гипертрубы готово!,true,create_hypertube-0.6.0-NEOFORGE.jar
create_hypertube,translated,create_hypertube.ponder.simple_tube.text_4,You can connect already placed tubes.,Можно соединять уже установленные трубы.,true,create_hypertube-0.6.0-NEOFORGE.jar
create_hypertube,translated,create_hypertube.ponder.simple_tube.text_5,You can change tube segment count with the wrench.,Количество сегментов трубы можно изменить гаечным ключом.,true,create_hypertube-0.6.0-NEOFORGE.jar
create_hypertube,translated,create_hypertube.ponder.splitter.header,Hypertube Splitter,Разветвитель гипертрубы,true,create_hypertube-0.6.0-NEOFORGE.jar
create_hypertube,translated,create_hypertube.ponder.splitter.text_1,"The Hypertube Splitter can link up to three tubes, branching a line into multiple paths.","Разветвитель гипертрубы соединяет до трёх труб, разделяя линию на несколько путей.",true,create_hypertube-0.6.0-NEOFORGE.jar
create_hypertube,translated,create_hypertube.ponder.splitter.text_2,"While traveling, you can pick where to go with your movement keys.",Во время перемещения выбирайте направление клавишами движения.,true,create_hypertube-0.6.0-NEOFORGE.jar
create_hypertube,translated,create_hypertube.ponder.splitter.text_3,Right Click it with a Wrench to cycle through the Splitter modes.,"Щёлкайте ПКМ по разветвителю гаечным ключом, чтобы переключать его режимы.",true,create_hypertube-0.6.0-NEOFORGE.jar
create_hypertube,translated,create_hypertube.ponder.splitter.text_4,"On Continue mode, travelers always keep going through the side tubes.",В режиме «Сквозной» путешественники всегда продолжают путь через боковые трубы.,true,create_hypertube-0.6.0-NEOFORGE.jar
create_hypertube,translated,create_hypertube.ponder.splitter.text_5,"On Center mode, travelers are always routed through the front tube.",В режиме «Центральный» путешественники всегда направляются через переднюю трубу.,true,create_hypertube-0.6.0-NEOFORGE.jar
create_hypertube,translated,create_hypertube.ponder.splitter.text_6,A Redstone Detector Attachment can toggle between both forced modes.,Модуль-детектор редстоуна позволяет переключаться между двумя принудительными режимами.,true,create_hypertube-0.6.0-NEOFORGE.jar
create_hypertube,translated,create_hypertube.ponder.tag.hypertube_systems,Hypertube Systems,Системы гипертруб,true,create_hypertube-0.6.0-NEOFORGE.jar
create_hypertube,translated,create_hypertube.ponder.tag.hypertube_systems.description,Blocks and items used in Hypertube transportation systems.,Блоки и предметы для транспортных систем на основе гипертруб.,true,create_hypertube-0.6.0-NEOFORGE.jar
create_mechanical_extruder,translated,create_mechanical_extruder.ponder.extruder.header,Block generation,Генерацией блоков,true,create_mechanical_extruder-1.21.1-2.2.2-6.0.10-kjs181patch.jar
create_mechanical_extruder,translated,create_mechanical_extruder.ponder.extruder.text_1,The Extruder uses rotational force to generate blocks,Экструдер использует вращательную силу для генерации блоков,true,create_mechanical_extruder-1.21.1-2.2.2-6.0.10-kjs181patch.jar
create_mechanical_extruder,translated,create_mechanical_extruder.ponder.extruder.text_2,Generation depends on side & below blocks.,Генерация зависит от блоков сбоку и снизу.,true,create_mechanical_extruder-1.21.1-2.2.2-6.0.10-kjs181patch.jar
create_mechanical_extruder,translated,create_mechanical_extruder.ponder.extruder.text_3,"When the process is done, the result can be obtained via Right-click","Когда процесс будет завершён, результат можно будет получить, щёлкнув ПКМ",true,create_mechanical_extruder-1.21.1-2.2.2-6.0.10-kjs181patch.jar
create_mechanical_extruder,translated,create_mechanical_extruder.ponder.extruder.text_4,The outputs can also be extracted by automation,Результат также может быть извлечён с помощью автоматизации,true,create_mechanical_extruder-1.21.1-2.2.2-6.0.10-kjs181patch.jar
create_mechanical_extruder,translated,create_mechanical_extruder.ponder.extruder.text_5,"When a conbination of ingredient has multiple possible outcomes, the filter slot can specify it","Если сочетание ингредиентов имеет несколько возможных результатов, фильтр рецепта может уточнить его",true,create_mechanical_extruder-1.21.1-2.2.2-6.0.10-kjs181patch.jar
create_mechanical_spawner,translated,create_mechanical_spawner.ponder.spawner.header,Spawning living entities,Призывом живых существ,true,create_mechanical_spawner-1.21.1-1.3.2-6.0.10-kjs181patch.jar
create_mechanical_spawner,translated,create_mechanical_spawner.ponder.spawner.text_1,The Spawner uses rotational force and special fluids to spawn entities,Рассадник использует вращательную силу и специальные жидкости для призыва существ,true,create_mechanical_spawner-1.21.1-1.3.2-6.0.10-kjs181patch.jar
create_mechanical_spawner,translated,create_mechanical_spawner.ponder.spawner.text_2,Its powered from the bottom,Он запитывается снизу,true,create_mechanical_spawner-1.21.1-1.3.2-6.0.10-kjs181patch.jar
create_mechanical_spawner,translated,create_mechanical_spawner.ponder.spawner.text_3,Fluid input can go in from any horizontal side,Подача жидкости может осуществляться с любой горизонтальной стороны,true,create_mechanical_spawner-1.21.1-1.3.2-6.0.10-kjs181patch.jar
create_mechanical_spawner,translated,create_mechanical_spawner.ponder.spawner.text_4,Spawn point can be configured,Точка появления может быть настроена,true,create_mechanical_spawner-1.21.1-1.3.2-6.0.10-kjs181patch.jar
create_mechanical_spawner,translated,create_mechanical_spawner.ponder.spawner.text_5,A loot collector can be placed in the spawn point to automatically collect loot without spawning the entity,"Сборщик добычи может быть помещён в точку появления, чтобы автоматически собирать добычу, не вызывая призыва существа",true,create_mechanical_spawner-1.21.1-1.3.2-6.0.10-kjs181patch.jar
create_new_age,translated,create_new_age.ponder.energiser.header,Energizer,Электризатором,true,create-new-age-1.2.0+neoforge-mc1.21.1.jar
create_new_age,translated,create_new_age.ponder.energiser.text_1,"When provided with electricity and rotation, the Energizer will energize items in depots and on belts under it.",При подаче электричества и вращения электризатор будет заряжать предметы на депо/конвеерных лентах под ним.,true,create-new-age-1.2.0+neoforge-mc1.21.1.jar
create_new_age,translated,create_new_age.ponder.generation.header,Generating Electricity,Выработкой электричества,true,create-new-age-1.2.0+neoforge-mc1.21.1.jar
create_new_age,translated,create_new_age.ponder.generation.text_1,When rotated Generator Coils will generate electricity as long as they are surrounded by magnets.,"При вращении катушек динамо-машины будет вырабатываться электричество, если они окружены магнитами.",true,create-new-age-1.2.0+neoforge-mc1.21.1.jar
create_new_age,translated,create_new_age.ponder.generation.text_2,The electricity generated by coils can be collected using the Carbon Brushes block.,Сгенерированное электричество можно вывести из углеродного накопителя.,true,create-new-age-1.2.0+neoforge-mc1.21.1.jar
create_new_age,translated,create_new_age.ponder.generation.text_3,"As the magnetic force of magnets around the Generator Coils increases, the percentage of SU being turned into electricity increases.","По мере увеличения магнитной силы магнитов вокруг катушек динамо-машины, выработка электричества увеливается.",true,create-new-age-1.2.0+neoforge-mc1.21.1.jar
create_new_age,translated,create_new_age.ponder.generation.text_4,Efficiency: 33.3%%,Эффективность: 33.3%%,true,create-new-age-1.2.0+neoforge-mc1.21.1.jar
create_new_age,translated,create_new_age.ponder.generation.text_5,Efficiency: 50.0%%,Эффективность: 50.0%%,true,create-new-age-1.2.0+neoforge-mc1.21.1.jar
create_new_age,translated,create_new_age.ponder.generation.text_6,"However, as the efficiency increases, the amount of SU used by the Generator Coils increases.","Однако по мере повышения эффективности, создаваемая нагрузка катушками динамо-машины тоже увеличивается.",true,create-new-age-1.2.0+neoforge-mc1.21.1.jar
create_new_age,missing,create_new_age.ponder.generation.text_7,"Note: GENERATOR COILS DO NOT GENERATE ROTATION, ONLY ELECTRICITY.",,true,create-new-age-1.2.0+neoforge-mc1.21.1.jar
create_new_age,translated,create_new_age.ponder.heater.header,Boiler Heater,Бойлер-нагревателем,true,create-new-age-1.2.0+neoforge-mc1.21.1.jar
create_new_age,translated,create_new_age.ponder.heater.text_1,"The Boiler Heater acts the same way as a blaze burner, however it uses heat instead of burnable fuel.","Бойлер-нагреватель - это как горелка всполоха, только работает на тепле.",true,create-new-age-1.2.0+neoforge-mc1.21.1.jar
create_new_age,translated,create_new_age.ponder.heater.text_2,"The more heat you provide to it, the more heat it will release.","Чем больше тепла вы ему подадите, тем больше он будет нагреваться.",true,create-new-age-1.2.0+neoforge-mc1.21.1.jar
create_new_age,translated,create_new_age.ponder.heating.header,Heating System,Системой нагревания,true,create-new-age-1.2.0+neoforge-mc1.21.1.jar
create_new_age,translated,create_new_age.ponder.heating.text_1,You can use a Heating Plate to generate heat during daytime.,Вы можете использовать солнечные теплогенераторы для выработки тепла днём.,true,create-new-age-1.2.0+neoforge-mc1.21.1.jar
create_new_age,identical_english,create_new_age.ponder.heating.text_10,80 ˚T,80 ˚T,true,create-new-age-1.2.0+neoforge-mc1.21.1.jar
create_new_age,identical_english,create_new_age.ponder.heating.text_11,80 ˚T,80 ˚T,true,create-new-age-1.2.0+neoforge-mc1.21.1.jar
create_new_age,translated,create_new_age.ponder.heating.text_12,When provided with heat from below a Stirling Engine will start to slowly rotate.,"Если поставить рядом двигатель Стирлинга, он начнёт создавать небольшое вращение.",true,create-new-age-1.2.0+neoforge-mc1.21.1.jar
create_new_age,translated,create_new_age.ponder.heating.text_13,If a Stirling Engine is provided with more heat it will rotate faster.,"Если двигатель Стирлинга нагревать сильнее, он будет вращаться немного быстрее.",true,create-new-age-1.2.0+neoforge-mc1.21.1.jar
create_new_age,translated,create_new_age.ponder.heating.text_14,You can use a heat pump to pump heat forward!,Вы можете использовать тепловые помпы для откачки тепла!,true,create-new-age-1.2.0+neoforge-mc1.21.1.jar
create_new_age,translated,create_new_age.ponder.heating.text_15,"However be careful, if a block overheats, it will turn into lava.","Однако будьте бдительны, перегретый блок превратится в лаву.",true,create-new-age-1.2.0+neoforge-mc1.21.1.jar
create_new_age,translated,create_new_age.ponder.heating.text_2,Heat pipes can be used to spread heat around.,Для передачи тепла используются тепловые трубы.,true,create-new-age-1.2.0+neoforge-mc1.21.1.jar
create_new_age,identical_english,create_new_age.ponder.heating.text_3,240 ˚T,240 ˚T,true,create-new-age-1.2.0+neoforge-mc1.21.1.jar
create_new_age,identical_english,create_new_age.ponder.heating.text_4,0 ˚T,0 ˚T,true,create-new-age-1.2.0+neoforge-mc1.21.1.jar
create_new_age,identical_english,create_new_age.ponder.heating.text_5,0 ˚T,0 ˚T,true,create-new-age-1.2.0+neoforge-mc1.21.1.jar
create_new_age,identical_english,create_new_age.ponder.heating.text_6,120 ˚T,120 ˚T,true,create-new-age-1.2.0+neoforge-mc1.21.1.jar
create_new_age,identical_english,create_new_age.ponder.heating.text_7,120 ˚T,120 ˚T,true,create-new-age-1.2.0+neoforge-mc1.21.1.jar
create_new_age,identical_english,create_new_age.ponder.heating.text_8,0 ˚T,0 ˚T,true,create-new-age-1.2.0+neoforge-mc1.21.1.jar
create_new_age,identical_english,create_new_age.ponder.heating.text_9,80 ˚T,80 ˚T,true,create-new-age-1.2.0+neoforge-mc1.21.1.jar
create_new_age,translated,create_new_age.ponder.motor.header,Motors!,Электромоторами!,true,create-new-age-1.2.0+neoforge-mc1.21.1.jar
create_new_age,translated,create_new_age.ponder.motor.text_1,Motors allow you to generate rotation using electricity.,Электромоторы могут создавать вращение с помощью электричества.,true,create-new-age-1.2.0+neoforge-mc1.21.1.jar
create_new_age,translated,create_new_age.ponder.motor.text_2,"You can configure its speed using a wrench, however the amount of SU it outputs will stay the same.","Вы можете настраивать скорость вращения с помощью гаечного ключа, размер потребляемого электричества не изменится.",true,create-new-age-1.2.0+neoforge-mc1.21.1.jar
create_new_age,translated,create_new_age.ponder.motor.text_3,By powering it with redstone you can disable it.,"Подав редстоун сигнал, вы остановите электромотор.",true,create-new-age-1.2.0+neoforge-mc1.21.1.jar
create_new_age,translated,create_new_age.ponder.motor.text_4,You can also invert that mechanic by right-clicking on it.,"Вы также можете обратно запустить электромотор, кликнув правой кнопкой мыши.",true,create-new-age-1.2.0+neoforge-mc1.21.1.jar
create_new_age,missing,create_new_age.ponder.motor_extension.header,Motor Extensions,,true,create-new-age-1.2.0+neoforge-mc1.21.1.jar
create_new_age,missing,create_new_age.ponder.motor_extension.text_1,Tired of your motors being overstressed? Use a motor extension!,,true,create-new-age-1.2.0+neoforge-mc1.21.1.jar
create_new_age,missing,create_new_age.ponder.motor_extension.text_2,Extensions allow you to configure motor stress capacity multiplier,,true,create-new-age-1.2.0+neoforge-mc1.21.1.jar
create_new_age,missing,create_new_age.ponder.motor_extension.text_3,Note that energy consumption is proportional to stress capacity,,true,create-new-age-1.2.0+neoforge-mc1.21.1.jar
create_new_age,translated,create_new_age.ponder.reactor.header,Using Nuclear Energy,Использованием ядерной энергии,true,create-new-age-1.2.0+neoforge-mc1.21.1.jar
create_new_age,translated,create_new_age.ponder.reactor.text_1,A nuclear reactor is a great way to generate large amounts of heat.,Ядерные реакторы - это самый лучший способ получать тепло.,true,create-new-age-1.2.0+neoforge-mc1.21.1.jar
create_new_age,translated,create_new_age.ponder.reactor.text_2,"The first component of a nuclear reactor are the Reactor Rods, which allow for nuclear reaction to take place.","Первый компонент - стержени реактора, которые позволяют протекать ядерной реакции.",true,create-new-age-1.2.0+neoforge-mc1.21.1.jar
create_new_age,translated,create_new_age.ponder.reactor.text_3,The second component is the Reactor Fuel Inserter which allows you to insert fuel into the reactor.,"Второй компонент - загрузчик реакторного топлива, который позволяет загружать стержни ядерным топливом.",true,create-new-age-1.2.0+neoforge-mc1.21.1.jar
create_new_age,translated,create_new_age.ponder.reactor.text_4,The final component needed for a nuclear reactor is the Reactor Heat Vent which will collect heat from the reactor and distribute it to connected pipes.,"И последний компонент - реакторный теплоотвод, который собирает и распространяет тепло по тепловым трубам.",true,create-new-age-1.2.0+neoforge-mc1.21.1.jar
create_new_age,translated,create_new_age.ponder.reactor.text_5,However as one uses the nuclear reactor they must be careful as the nuclear reactor emits deadly radiation.,"Однако, работающий ядерный реактор излучает радиацию, смертельную для всего живого.",true,create-new-age-1.2.0+neoforge-mc1.21.1.jar
create_new_age,translated,create_new_age.ponder.reactor.text_6,One can avoid radiation by wearing leather armor or by completely encasing the nuclear reactor in Reactor Casing/Glass.,"Чтобы этого избежать, наденьте кожаную броню или полностью застройте реактор в реакторное стекло/корпус.",true,create-new-age-1.2.0+neoforge-mc1.21.1.jar
create_new_age,translated,create_new_age.ponder.reactor.text_7,"Additionally you must have something use the heat from the reactor, otherwise you will get a fun little meltdown.","Кроме того, для избежания перегрева стержней вы должны использовать тепло от реактора, а не то...",true,create-new-age-1.2.0+neoforge-mc1.21.1.jar
create_new_age,translated,create_new_age.ponder.tag.electrical,Electrical Components,Электрическими машинами,true,create-new-age-1.2.0+neoforge-mc1.21.1.jar
create_new_age,translated,create_new_age.ponder.tag.electrical.description,"Blocks responsible for generating, transporting and using electricity.","Это отвечает за генерацию, передачу или потребление электричества.",true,create-new-age-1.2.0+neoforge-mc1.21.1.jar
create_new_age,translated,create_new_age.ponder.tag.electricity_generation,Electricity Generation,Выработкой электричества,true,create-new-age-1.2.0+neoforge-mc1.21.1.jar
create_new_age,translated,create_new_age.ponder.tag.electricity_generation.description,Blocks used for generating electricity.,Это используется для выработки электричества.,true,create-new-age-1.2.0+neoforge-mc1.21.1.jar
create_new_age,translated,create_new_age.ponder.tag.heating,Heating Components,Нагревающими элементами,true,create-new-age-1.2.0+neoforge-mc1.21.1.jar
create_new_age,translated,create_new_age.ponder.tag.heating.description,"Blocks used for generating, transporting and using heat.","Это используется для выработки, передачи или потребления тепла.",true,create-new-age-1.2.0+neoforge-mc1.21.1.jar
create_new_age,translated,create_new_age.ponder.tag.magnets,Magnets,Магнитами,true,create-new-age-1.2.0+neoforge-mc1.21.1.jar
create_new_age,translated,create_new_age.ponder.tag.magnets.description,Magnets used for generating electricity.,Магниты используются для выработки электричества.,true,create-new-age-1.2.0+neoforge-mc1.21.1.jar
create_new_age,translated,create_new_age.ponder.tag.reactor,Nuclear Reactor,Ядерными реакторами,true,create-new-age-1.2.0+neoforge-mc1.21.1.jar
create_new_age,translated,create_new_age.ponder.tag.reactor.description,Blocks used in a nuclear reactor.,Это используется в ядерном реакторе.,true,create-new-age-1.2.0+neoforge-mc1.21.1.jar
create_new_age,translated,create_new_age.ponder.tag.wiring,Wiring,Проводкой,true,create-new-age-1.2.0+neoforge-mc1.21.1.jar
create_new_age,translated,create_new_age.ponder.tag.wiring.description,Items used for wiring.,Это связано с проводами.,true,create-new-age-1.2.0+neoforge-mc1.21.1.jar
create_new_age,translated,create_new_age.ponder.wires.header,Wiring,Соединением проводов,true,create-new-age-1.2.0+neoforge-mc1.21.1.jar
create_new_age,missing,create_new_age.ponder.wires.text_1,Wires are used to transfer energy from one place to another,,true,create-new-age-1.2.0+neoforge-mc1.21.1.jar
create_new_age,missing,create_new_age.ponder.wires.text_2,This block automatically pushes its energy to neighboring blocks. But what if it didn't do that?,,true,create-new-age-1.2.0+neoforge-mc1.21.1.jar
create_new_age,missing,create_new_age.ponder.wires.text_3,Connector can pull energy from the block it stands on when 'Pull' mode is enabled. Modes are switched with a wrench,,true,create-new-age-1.2.0+neoforge-mc1.21.1.jar
create_new_age,missing,create_new_age.ponder.wires.text_4,Note that 'Pull' mode is only for compatibility with other mods and can't be used to extract energy from energizer/motor internal storage,,true,create-new-age-1.2.0+neoforge-mc1.21.1.jar
create_optical,translated,create_optical.ponder.opticals.base.header,Transmitting Rotational Force with Light,Передачей вращательной силы с помощью лучей,true,create_optical-0.4.2.jar
create_optical,translated,create_optical.ponder.opticals.base.text_1,Optical sources transform rotational force into light,Оптические источники преобразуют силу вращения в лучи,true,create_optical-0.4.2.jar
create_optical,translated,create_optical.ponder.opticals.base.text_2,Optical receptors can transform the received light into rotational force,Оптические приемники могут преобразовывать принимаемые лучи во вращательную силу,true,create_optical-0.4.2.jar
create_optical,translated,create_optical.ponder.opticals.base.text_3,"Tinted glass, non-transparent blocks and entities can block the light","Тонированное стекло, непрозрачные блоки и сущности могут блокировать лучи",true,create_optical-0.4.2.jar
create_optical,translated,create_optical.ponder.opticals.beam_focuser.header,Beam Focuser,Фокусировщиком луча,true,create_optical-0.4.2.jar
create_optical,translated,create_optical.ponder.opticals.beam_focuser.text_1,Optical focuser can process items with incident light and rotational power,Фокусировщик луча может обрабатывать предметы с помощью поданных лучей и силы вращения,true,create_optical-0.4.2.jar
create_optical,translated,create_optical.ponder.opticals.beam_focuser.text_2,"This component needs a incident beam to work properly, you'll need to control the beam type of the source to process certain items","Для правильной работы этого компонента необходима подача луча, вам нужно будет управлять типом луча в источнике для обработки определенных предметов",true,create_optical-0.4.2.jar
create_optical,translated,create_optical.ponder.opticals.beam_focuser.text_3,Some recipes need specific items to operate with the required mode,Некоторые рецепты требуют определенные предметы для операций в необходимых режимах,true,create_optical-0.4.2.jar
create_optical,translated,create_optical.ponder.opticals.beam_types.header,Propagating Different Types of Light,Распространением различных типов лучей,true,create_optical-0.4.2.jar
create_optical,translated,create_optical.ponder.opticals.beam_types.text_1,Optical sources can propagate different types of light depending on the given rotational force,Оптические источники могут излучать различные типы лучей в зависимости от поданной силы вращения,true,create_optical-0.4.2.jar
create_optical,translated,create_optical.ponder.opticals.beam_types.text_2,The beam types are:,Существуют следующие типы лучей:,true,create_optical-0.4.2.jar
create_optical,translated,create_optical.ponder.opticals.beam_types.text_3,"Radio Waves,","Радио волны,",true,create_optical-0.4.2.jar
create_optical,translated,create_optical.ponder.opticals.beam_types.text_4,"Microwaves,","Микроволны,",true,create_optical-0.4.2.jar
create_optical,translated,create_optical.ponder.opticals.beam_types.text_5,"Visible Light,","Видимый луч,",true,create_optical-0.4.2.jar
create_optical,translated,create_optical.ponder.opticals.beam_types.text_6,and Gamma Ray,и Гамма излучение,true,create_optical-0.4.2.jar
create_optical,translated,create_optical.ponder.opticals.beam_types.text_7,"Higher the frequency, lower the range of the beam.","Чем выше частота, тем меньше дальность действия луча.",true,create_optical-0.4.2.jar
create_optical,translated,create_optical.ponder.opticals.beam_types.text_8,"Each beam type has it's own specific properties, explore them by your own","Осторожно, при использовании более высоких частот луч может вредить объектам.",true,create_optical-0.4.2.jar
create_optical,missing,create_optical.ponder.opticals.beam_types.text_9,"But caution with higher frequencies, entities (including players) can be hurt by gamma rays",,true,create_optical-0.4.2.jar
create_optical,translated,create_optical.ponder.opticals.condenser.header,Condenser and Receptor's heaviness,Конденсатором и мощным приемником,true,create_optical-0.4.2.jar
create_optical,translated,create_optical.ponder.opticals.condenser.text_1,Optical Condensers can combine up to three beams simultaneously!,Оптические конденсаторы могут объединять до трех лучей одновременно.,true,create_optical-0.4.2.jar
create_optical,translated,create_optical.ponder.opticals.condenser.text_10,This is a heavy optical receptor. It works more like the light receptor but this one supports greater intensities.,"Это мощный оптический приемник. Он работает так же как и обычный приемник, но выдерживает большее напряжение.",true,create_optical-0.4.2.jar
create_optical,translated,create_optical.ponder.opticals.condenser.text_11,It have fixed speed.,Скорость этого компонента составляет одну треть от скорости поданного луча.,true,create_optical-0.4.2.jar
create_optical,translated,create_optical.ponder.opticals.condenser.text_2,The resultant beam acts exactly like a normal beam. But its properties follow these criteria:,"Равнодействующий луч действует точно так же, как обычный луч. Но его первоначальные свойства соответствуют следующим критериям:",true,create_optical-0.4.2.jar
create_optical,translated,create_optical.ponder.opticals.condenser.text_3,"Intensity is the sum of the beams intensities,","Скорость - это сумма скоростей интенсивного луча,",true,create_optical-0.4.2.jar
create_optical,translated,create_optical.ponder.opticals.condenser.text_4,"Beam Type and speed direction is the same of the higher beam,","Тип луча и направление скорости такие же, как и у быстрого луча,",true,create_optical-0.4.2.jar
create_optical,translated,create_optical.ponder.opticals.condenser.text_5,"Visibility depends if there's at least one visible beam composing it,","Видимость зависит от того, есть ли хотя бы один видимый луч, составляющий его,",true,create_optical-0.4.2.jar
create_optical,translated,create_optical.ponder.opticals.condenser.text_6,Polarization follow the composing system.,Поляризацию и цвет соответствующий системе компоновки.,true,create_optical-0.4.2.jar
create_optical,translated,create_optical.ponder.opticals.condenser.text_7,Composing system means that the components can compose a different result than itself. Combining different polarizations create a beam with random polarization. ,"Компонующая система означает, что компоненты могут создавать результат, отличный от ее собственного. Разные цвета создают белый равнодействующий луч, одинаковые цвета создают луч определенного цвета. ",true,create_optical-0.4.2.jar
create_optical,translated,create_optical.ponder.opticals.condenser.text_8,The color of the beam is the sum of the color of the visible beams.,То же самое относится и к свойству поляризации.,true,create_optical-0.4.2.jar
create_optical,translated,create_optical.ponder.opticals.condenser.text_9,To transform really fast beams into rotational force you'll need a greater receptor,"Чтобы преобразовать действительно быстрые лучи во вращательную силу, вам понадобится более мощный приемник",true,create_optical-0.4.2.jar
create_optical,missing,create_optical.ponder.opticals.hologram_display.header,Cool messages,,true,create_optical-0.4.2.jar
create_optical,missing,create_optical.ponder.opticals.hologram_display.text_1,You can use Hologram Displays to also display messages...,,true,create_optical-0.4.2.jar
create_optical,missing,create_optical.ponder.opticals.hologram_display.text_2,You can configure the display mode of hologram,,true,create_optical-0.4.2.jar
create_optical,missing,create_optical.ponder.opticals.hologram_source.header,Cool displays,,true,create_optical-0.4.2.jar
create_optical,missing,create_optical.ponder.opticals.hologram_source.text_1,These hologram sources require visible light to work properly,,true,create_optical-0.4.2.jar
create_optical,missing,create_optical.ponder.opticals.hologram_source.text_2,Right clicking with an item displays it as a hologram,,true,create_optical-0.4.2.jar
create_optical,missing,create_optical.ponder.opticals.hologram_source.text_3,You can color the hologram by coloring the incident beam.,,true,create_optical-0.4.2.jar
create_optical,missing,create_optical.ponder.opticals.hologram_source.text_4,You can access the panel by right clicking it with no items in hand. There you can control the rotation of the hologram.,,true,create_optical-0.4.2.jar
create_optical,missing,create_optical.ponder.opticals.hologram_source.text_5,You can remove the item by shift + right click with empty hand,,true,create_optical-0.4.2.jar
create_optical,missing,create_optical.ponder.opticals.hologram_source.text_6,"Due to some limitations of the component, some items cannot be displayed correctly",,true,create_optical-0.4.2.jar
create_optical,missing,create_optical.ponder.opticals.hologram_source.text_7,Hologram sources can be combined in a connection to make the hologram bigger!,,true,create_optical-0.4.2.jar
create_optical,translated,create_optical.ponder.opticals.mirror.header,Propagating Beams through mirrors,Распространением лучей через зеркала,true,create_optical-0.4.2.jar
create_optical,translated,create_optical.ponder.opticals.mirror.text_1,Encased mirrors can propagate the incident beam perpendicularly.,Зеркала в корпусе могут распространять падающий луч перпендикулярно.,true,create_optical-0.4.2.jar
create_optical,translated,create_optical.ponder.opticals.mirror.text_2,You can rotate it to make the beam propagate wherever you want,"Вы можете вращать его, чтобы луч распространялся туда, куда вы хотите",true,create_optical-0.4.2.jar
create_optical,missing,create_optical.ponder.opticals.modulator.header,Communicating by light,,true,create_optical-0.4.2.jar
create_optical,missing,create_optical.ponder.opticals.modulator.text_1,"Using the modulator, you can communicate from one point to another...",,true,create_optical-0.4.2.jar
create_optical,missing,create_optical.ponder.opticals.modulator.text_2,Just write some text on a clipboard and apply it to the component,,true,create_optical-0.4.2.jar
create_optical,missing,create_optical.ponder.opticals.modulator.text_3,To receive the signal you'll need a beam reader and a display...,,true,create_optical-0.4.2.jar
create_optical,missing,create_optical.ponder.opticals.modulator.text_4,But this requires both components to be in tune,,true,create_optical-0.4.2.jar
create_optical,translated,create_optical.ponder.opticals.polarizing_cube.header,Polarizing Cube,Поляризационным разделителем лучей,true,create_optical-0.4.2.jar
create_optical,translated,create_optical.ponder.opticals.polarizing_cube.text_1,Polarizing Beam Splitter blocks can split the beam in two polarized beams.,Поляризационные разделители лучей могут разделять один луч на два поляризованных луча.,true,create_optical-0.4.2.jar
create_optical,translated,create_optical.ponder.opticals.polarizing_cube.text_2,One of them will propagate straight and be vertically polarized.,Один из них будет распространяться прямо и будет поляризован вертикально.,true,create_optical-0.4.2.jar
create_optical,translated,create_optical.ponder.opticals.polarizing_cube.text_3,The other one of them will propagate perpendicularly and be horizontally polarized.,Другой из них будет распространяться перпендикулярно и будет поляризован горизонтально.,true,create_optical-0.4.2.jar
create_optical,translated,create_optical.ponder.opticals.polarizing_filter.header,Polarizing Filter,Поляризационным фильтром,true,create_optical-0.4.2.jar
create_optical,translated,create_optical.ponder.opticals.polarizing_filter.text_1,"Propagated beams have certain properties. One of them, is the polarization.",Распространяющиеся лучи обладают определенными свойствами. Одним из них является поляризация.,true,create_optical-0.4.2.jar
create_optical,translated,create_optical.ponder.opticals.polarizing_filter.text_2,This receptor is receiving a randomly polarized beam. This means that the beam is not oscillating in a preferred direction.,"Этот приемник принимает случайно поляризованный луч. Это означает, что луч не колеблется в предпочтительном направлении.",true,create_optical-0.4.2.jar
create_optical,translated,create_optical.ponder.opticals.polarizing_filter.text_3,Polarizing filters can change the polarization of the beam and its intensity.,Поляризационные фильтры могут изменять поляризацию луча и его интенсивность.,true,create_optical-0.4.2.jar
create_optical,translated,create_optical.ponder.opticals.polarizing_filter.text_4,"Regardless of the direction of polarization, if the ray is randomly polarized it will always reduce its intensity by half.","Независимо от направления поляризации, если луч поляризован случайным образом, он всегда будет уменьшать свою интенсивность наполовину.",true,create_optical-0.4.2.jar
create_optical,translated,create_optical.ponder.opticals.polarizing_filter.text_5,You can combine polarizing filters to get your desired intensity. Keep in mind that polarizing a beam perpendicularly will nullify its intensity.,"Вы можете комбинировать поляризационные фильтры, чтобы получить желаемую интенсивность. Имейте в виду, что перпендикулярная поляризация луча приведет к уменьшению его интенсивности.",true,create_optical-0.4.2.jar
create_optical,translated,create_optical.ponder.opticals.polarizing_filter.text_6,The initial polarization can be configured in the source panel.,Начальную поляризацию можно настроить на панели источника.,true,create_optical-0.4.2.jar
create_optical,missing,create_optical.ponder.opticals.reader.header,Reading beam properties,,true,create_optical-0.4.2.jar
create_optical,missing,create_optical.ponder.opticals.reader.text_1,Using goggles you can analyze the properties of the incident beam,,true,create_optical-0.4.2.jar
create_optical,missing,create_optical.ponder.opticals.reader.text_2,You can display the properties using a display link,,true,create_optical-0.4.2.jar
create_optical,missing,create_optical.ponder.opticals.receptors.header,Receptor types: Theory into practice,,true,create_optical-0.4.2.jar
create_optical,missing,create_optical.ponder.opticals.receptors.text_1,Right clicking with Optical Devices on a face of receptor adds a sensor to that direction.,,true,create_optical-0.4.2.jar
create_optical,missing,create_optical.ponder.opticals.receptors.text_2,Faces with sensor can receive beams. ,,true,create_optical-0.4.2.jar
create_optical,missing,create_optical.ponder.opticals.receptors.text_3,This is a light receptor. Adding more beams makes the speed of the receptor increase.,,true,create_optical-0.4.2.jar
create_optical,missing,create_optical.ponder.opticals.receptors.text_4,This is a heavy receptor. Adding more beams makes the stress capacity of the receptor increase.,,true,create_optical-0.4.2.jar
create_optical,missing,create_optical.ponder.opticals.receptors.text_5,With this receptor you can create stress sources very distant from the contraption.,,true,create_optical-0.4.2.jar
create_optical,translated,create_optical.ponder.opticals.sensor.header,Sensor,Сенсором,true,create_optical-0.4.2.jar
create_optical,translated,create_optical.ponder.opticals.sensor.text_1,Optical sensors emits redstone signal if a beam hits it.,"Оптические сенсоры излучают редстоун сигнал, если на них попадает луч.",true,create_optical-0.4.2.jar
create_optical,mixed_script,create_optical.ponder.opticals.sensor.text_2,You can change the criteria of the redstone level mapping using the wrench.,Вы можете изменить критерии сопоставления уровней редстоуна с помощью shift + пкм.,true,create_optical-0.4.2.jar
create_optical,translated,create_optical.ponder.opticals.sensor.text_3,The intensity mode makes a reduction based on the intensity of the incident beam.,В режиме интенсивности производится уменьшение в зависимости от интенсивности поданного луча.,true,create_optical-0.4.2.jar
create_optical,translated,create_optical.ponder.opticals.sensor.text_4,The color mode maps a color to an specific signal.,Цветовой режим сопоставляет определенный цвет с другим определенным цветом.,true,create_optical-0.4.2.jar
create_optical,translated,create_optical.ponder.opticals.sensor.text_5,"The digital mode make the block full signal if there is a beam incident, if it don't have, then zero redstone signal.","В цифровом режиме блокируется полный сигнал, если есть поданный луч, если его нет, то редстоун сигнал обнуляется.",true,create_optical-0.4.2.jar
create_optical,translated,create_optical.ponder.opticals.sensor.text_6,"In this mode, the sensor absorbs the color of the beam and produces light.",Сенсор также поглощает цвет луча и излучает свет.,true,create_optical-0.4.2.jar
create_optical,missing,create_optical.ponder.opticals.sensor.text_7,You can change the visual of the sensor applying a casing to it.,,true,create_optical-0.4.2.jar
create_optical,missing,create_optical.ponder.opticals.thermal_source.header,Light Evolution,,true,create_optical-0.4.2.jar
create_optical,missing,create_optical.ponder.opticals.thermal_source.text_1,Thermal Optical sources require a fluid to emmit a beam,,true,create_optical-0.4.2.jar
create_optical,missing,create_optical.ponder.opticals.thermal_source.text_2,Once filled with some fluid these sources begin to emmit light.,,true,create_optical-0.4.2.jar
create_optical,missing,create_optical.ponder.opticals.thermal_source.text_3,"Unlike normal sources, these have double kinetic stress impact",,true,create_optical-0.4.2.jar
create_optical,missing,create_optical.ponder.opticals.thermal_source.text_4,This means double intensity!,,true,create_optical-0.4.2.jar
create_optical,missing,create_optical.ponder.opticals.thermal_source.text_5,Lava grants double intensity comparing to water.,,true,create_optical-0.4.2.jar
create_optical,missing,create_optical.ponder.opticals.thermal_source.text_6,"If you want to transport big stress capacity, there is the way you can do it.",,true,create_optical-0.4.2.jar
create_optical,translated,create_optical.ponder.tag.opticals,Optical Components,Оптические компоненты,true,create_optical-0.4.2.jar
create_optical,translated,create_optical.ponder.tag.opticals.description,Components which work with optical beams.,"Компоненты, работающие с оптическими лучами.",true,create_optical-0.4.2.jar
create_radar,translated,create_radar.ponder.controller_linking.header,Linking a Controller to a Monitor!,Привязкой контроллеров к монитору,true,create_radar-0.4.9.4-1.21.1.jar
create_radar,translated,create_radar.ponder.controller_linking.text_1,Place Yaw Controller under turret mount,Разместите контроллер горизонтального прицеливания под креплением пушки,true,create_radar-0.4.9.4-1.21.1.jar
create_radar,translated,create_radar.ponder.controller_linking.text_2,Link using Data Links,Привяжите его с помощью передатчика радиолокационных данных,true,create_radar-0.4.9.4-1.21.1.jar
create_radar,translated,create_radar.ponder.controller_linking.text_3,Repeat for pitch Controller,Повторите с контроллером вертикального прицеливания,true,create_radar-0.4.9.4-1.21.1.jar
create_radar,translated,create_radar.ponder.controller_linking.text_4,Select Target on monitor for turret to aim/fire at,"Теперь пушка будет наводиться на цель, выбранную на мониторе",true,create_radar-0.4.9.4-1.21.1.jar
create_radar,mixed_script,create_radar.ponder.network_setup.header,Using the Network Controller,Using the сеть Контроллер,true,create_radar-0.4.9.4-1.21.1.jar
create_radar,mixed_script,create_radar.ponder.network_setup.text_1,The Network Controller is the core piece of the radar network,The сеть Контроллер is the core piece of the радар сеть,true,create_radar-0.4.9.4-1.21.1.jar
create_radar,mixed_script,create_radar.ponder.network_setup.text_2,Filter items can be used along side the Network Controller to limit what it can see and do,Filter предметы can be used along side the сеть Контроллер to limit what it can see and do,true,create_radar-0.4.9.4-1.21.1.jar
create_radar,identical_english,create_radar.ponder.network_setup.text_3,Use Data Links to connect to a monitor,Use Data Links to connect to a monitor,true,create_radar-0.4.9.4-1.21.1.jar
create_radar,mixed_script,create_radar.ponder.network_setup.text_4,The same can be done for Radars,The same can be done for радары,true,create_radar-0.4.9.4-1.21.1.jar
create_radar,identical_english,create_radar.ponder.network_setup.text_5,And Weapon Networks,And Weapon Networks,true,create_radar-0.4.9.4-1.21.1.jar
create_radar,translated,create_radar.ponder.radar_contraption.header,Creating a Radar!,Сборкой антенны радара,true,create_radar-0.4.9.4-1.21.1.jar
create_radar,translated,create_radar.ponder.radar_contraption.text_1,Place Radar Bearing,Разместите вращатель антенны,true,create_radar-0.4.9.4-1.21.1.jar
create_radar,translated,create_radar.ponder.radar_contraption.text_2,Place Radar Receiver,На него установите приёмник антенны,true,create_radar-0.4.9.4-1.21.1.jar
create_radar,translated,create_radar.ponder.radar_contraption.text_3,Add Radar Dishes,Прикрепите рефлекторы антенны,true,create_radar-0.4.9.4-1.21.1.jar
create_radar,translated,create_radar.ponder.radar_contraption.text_4,Radar Dishes can be used interchangeably with Radar Plates,Обычная и сетчатая версии взаимозаменяемы,true,create_radar-0.4.9.4-1.21.1.jar
create_radar,translated,create_radar.ponder.radar_contraption.text_5,Additional dishes/plates extend range,Дополнительные рефлекторы увеличивают дальность охвата,true,create_radar-0.4.9.4-1.21.1.jar
create_radar,translated,create_radar.ponder.radar_contraption.text_6,Power Radar Bearing,"Наконец, подайте вращение снизу",true,create_radar-0.4.9.4-1.21.1.jar
create_radar,translated,create_radar.ponder.radar_linking.header,Linking a Radar to a Monitor!,Привязкой радара к монитору,true,create_radar-0.4.9.4-1.21.1.jar
create_radar,translated,create_radar.ponder.radar_linking.text_1,Place Monitor,Поставьте монитор,true,create_radar-0.4.9.4-1.21.1.jar
create_radar,translated,create_radar.ponder.radar_linking.text_2,Build Radar Contraption,Соберите радар,true,create_radar-0.4.9.4-1.21.1.jar
create_radar,translated,create_radar.ponder.radar_linking.text_3,Link using Data Link,Привяжите последний с помощью передатчика радиолокационных данных,true,create_radar-0.4.9.4-1.21.1.jar
create_radar,translated,create_radar.ponder.radar_linking.text_4,Right click Radar Link to configure,"Кликните по нему, чтобы настроить отображение целей",true,create_radar-0.4.9.4-1.21.1.jar
create_radar,translated,create_radar.ponder.tag.radar_components,Radars,Радар,true,create_radar-0.4.9.4-1.21.1.jar
create_radar,translated,create_radar.ponder.tag.radar_components.description,Components which allow the creation of Radar Tracking System,"Компоненты, используемые при строительстве радиолокационных станций",true,create_radar-0.4.9.4-1.21.1.jar
create_radar,mixed_script,create_radar.ponder.tag.weapon_network,Weapon Network,Weapon сеть,true,create_radar-0.4.9.4-1.21.1.jar
create_radar,identical_english,create_radar.ponder.tag.weapon_network.description,Components which allow the creation of Weapon Networks,Components which allow the creation of Weapon Networks,true,create_radar-0.4.9.4-1.21.1.jar
create_radar,mixed_script,create_radar.ponder.weapon_setup.header,Making a simple weapon network,Making a simple weapon сеть,true,create_radar-0.4.9.4-1.21.1.jar
create_radar,mixed_script,create_radar.ponder.weapon_setup.text_1,Yaw Controller is placed under the turret mount,Yaw Контроллер is placed under the turret mount,true,create_radar-0.4.9.4-1.21.1.jar
create_radar,identical_english,create_radar.ponder.weapon_setup.text_2,Link using Data links,Link using Data links,true,create_radar-0.4.9.4-1.21.1.jar
create_radar,mixed_script,create_radar.ponder.weapon_setup.text_3,Repeat for pitch Controller,Repeat for pitch Контроллер,true,create_radar-0.4.9.4-1.21.1.jar
create_radar,mixed_script,create_radar.ponder.weapon_setup.text_4,The fire control block emits redstone when the cannon is in the correct position,The fire control блок emits redstone when the cannon is in the correct position,true,create_radar-0.4.9.4-1.21.1.jar
create_radar,mixed_script,create_radar.ponder.weapon_setup.text_5,Connect to radar Network using Data links,Connect to радар сеть using Data links,true,create_radar-0.4.9.4-1.21.1.jar
create_radar,mixed_script,create_radar.ponder.weapon_setup.text_6,"Red Data Links indicate a Weapon Network, Blue Data Links indicate a Radar Network","красный Data Links indicate a Weapon сеть, синий Data Links indicate a радар сеть",true,create_radar-0.4.9.4-1.21.1.jar
create_submarine,translated,create_submarine.ponder.ballast_vent.header,Ballast Vent Usage,Использование балластного клапана,true,create_submarine-2.2.4.jar
create_submarine,translated,create_submarine.ponder.ballast_vent.text_1,The vent requires rotational force to operate.,Для работы клапана требуется вращательное движение.,true,create_submarine-2.2.4.jar
create_submarine,translated,create_submarine.ponder.ballast_vent.text_2,It must be connected to the ballasts via pipes.,Он должен быть подключён к балластам через трубы.,true,create_submarine-2.2.4.jar
create_submarine,translated,create_submarine.ponder.ballast_vent.text_3,"Once powered and connected, it manages ballast pressure.",После запитывания и подключения он регулирует давление в балласте.,true,create_submarine-2.2.4.jar
create_submarine,translated,create_submarine.ponder.ballast_vent.text_4,The vent MUST have at least one face in contact with the sea.,Как минимум одна грань клапана ДОЛЖНА соприкасаться с морем.,true,create_submarine-2.2.4.jar
create_submarine,translated,create_submarine.ponder.ballast_vent.text_5,Reverse the direction of rotation to switch the pump to Drain Mode and expel water outside!,"Измените направление вращения, чтобы переключить помпу в режим слива и откачать воду наружу!",true,create_submarine-2.2.4.jar
create_submarine,translated,create_submarine.ponder.barometer.header,Barometer,Барометр,true,create_submarine-2.2.4.jar
create_submarine,translated,create_submarine.ponder.barometer.text_1,The Barometer indicates the pressure applied on the submarine.,"Барометр показывает давление, действующее на субмарину.",true,create_submarine-2.2.4.jar
create_submarine,translated,create_submarine.ponder.barometer.text_2,It compares it to the maximum pressure the hull can sustain based on its weakest block.,"Он сравнивает его с предельным давлением корпуса, определяемым по самому слабому блоку.",true,create_submarine-2.2.4.jar
create_submarine,translated,create_submarine.ponder.barometer.text_3,You can also name the fish inside with a Name Tag to have a companion in the abyss!,"Можно дать имя рыбе внутри с помощью бирки, чтобы у вас был спутник в бездне!",true,create_submarine-2.2.4.jar
create_submarine,translated,create_submarine.ponder.barometer_display_link.header,Display Link Integration,Подключение передатчика информации,true,create_submarine-2.2.4.jar
create_submarine,translated,create_submarine.ponder.barometer_display_link.text_1,You can attach a Display Link to the Barometer.,К барометру можно подключить передатчик информации.,true,create_submarine-2.2.4.jar
create_submarine,translated,create_submarine.ponder.barometer_display_link.text_2,This allows you to broadcast the submarine's depth and hull integrity to any Display Board!,Так глубину субмарины и состояние корпуса можно выводить на любое механическое табло!,true,create_submarine-2.2.4.jar
create_submarine,translated,create_submarine.ponder.barometer_display_link.text_3,Depth: 42m,Глубина: 42 м,true,create_submarine-2.2.4.jar
create_submarine,translated,create_submarine.ponder.electrolyzer.header,Electrolyzer Usage,Использование электролизера,true,create_submarine-2.2.4.jar
create_submarine,translated,create_submarine.ponder.electrolyzer.text_1,The Electrolyzer requires water to produce oxygen.,Для производства кислорода электролизеру требуется вода.,true,create_submarine-2.2.4.jar
create_submarine,mixed_script,create_submarine.ponder.electrolyzer.text_2,It must be powered by Forge Energy (FE).,Он должен быть запитан энергией Forge Energy (FE).,true,create_submarine-2.2.4.jar
create_submarine,translated,create_submarine.ponder.electrolyzer.text_3,Water is converted into Oxygen for your submarine!,Вода преобразуется в кислород для вашей субмарины!,true,create_submarine-2.2.4.jar
create_submarine,mixed_script,create_submarine.ponder.electrolyzer.text_4,"You have the choice between Create Crafts & Additions, Create New Age, and Create Power Grid to provide electricity.","Вы можете использовать Create Crafts & Additions, Create New Age или Create Power Grid для обеспечения электричеством.",true,create_submarine-2.2.4.jar
create_submarine,translated,create_submarine.ponder.oxygen_diffuser.header,Oxygen Diffuser Usage,Использование кислородного диффузора,true,create_submarine-2.2.4.jar
create_submarine,translated,create_submarine.ponder.oxygen_diffuser.text_1,The Oxygen Diffuser requires oxygen generated by an Electrolyzer.,"Для работы кислородного диффузора требуется кислород, вырабатываемый электролизером.",true,create_submarine-2.2.4.jar
create_submarine,translated,create_submarine.ponder.oxygen_diffuser.text_2,It consumes oxygen proportionally to the size of the submarine.,Он потребляет кислород пропорционально размеру субмарины.,true,create_submarine-2.2.4.jar
create_submarine,translated,create_submarine.ponder.oxygen_diffuser.text_3,"To activate the Oxygen Diffuser, provide it with a redstone signal.","Чтобы активировать кислородный диффузор, подайте на него сигнал редстоуна.",true,create_submarine-2.2.4.jar
create_submarine,translated,create_submarine.ponder.pulley.header,Pulley,Шкив,true,create_submarine-2.2.4.jar
create_submarine,translated,create_submarine.ponder.pulley.text_1,"Pinch the cable between
two Pulleys facing each other
to attach a sublevel to it.","Зажмите трос между
двома шкивами, направленными
друг к другу, чтобы закрепить подсекцию.",true,create_submarine-2.2.4.jar
create_submarine,translated,create_submarine.ponder.pulley.text_2,"The sublevel will then
follow the cable wherever it goes.","После этого подсекция будет
следовать за тросом, куда бы он ни шёл.",true,create_submarine-2.2.4.jar
create_submarine,translated,create_submarine.ponder.steel_cable.header,Steel Cable,Стальной трос,true,create_submarine-2.2.4.jar
create_submarine,translated,create_submarine.ponder.steel_cable.text_1,"Entities can walk on
a taut steel cable.","Существа могут ходить по
натянутому стальному тросу.",true,create_submarine-2.2.4.jar
create_submarine,translated,create_submarine.ponder.steel_cable_electrified.header,Steel Cable — Electrification,Стальной трос — Электрификация,true,create_submarine-2.2.4.jar
create_submarine,mixed_script,create_submarine.ponder.steel_cable_electrified.text_1,"With an electricity mod such as
Create: Addition, supply FE
directly to the Rope Winch
holding the cable to electrify it.","При наличии мода на электричество (например,
Create: Additions), подайте энергию FE
напрямую на канатную лебёдку, удерживающую
трос, чтобы наэлектризовать его.",true,create_submarine-2.2.4.jar
create_submarine,latin_only,create_submarine.ponder.tag.deep_seas,Deep Seas Components,Create: Deep Seas,true,create_submarine-2.2.4.jar
create_submarine,mixed_script,create_submarine.ponder.tag.deep_seas.description,Submarine engineering and mechanics,Все компоненты Create: Deep Seas,true,create_submarine-2.2.4.jar
create_submarine,translated,create_submarine.ponder.water_thruster.header,Water Thruster Propulsion,Тяга водомётного двигателя,true,create_submarine-2.2.4.jar
create_submarine,translated,create_submarine.ponder.water_thruster.text_1,The Water Thruster uses pressurized water to generate thrust.,Водомётный двигатель использует воду под давлением для создания тяги.,true,create_submarine-2.2.4.jar
create_submarine,translated,create_submarine.ponder.water_thruster.text_2,Connecting it to a water source and providing kinetic energy will activate it.,Подключение его к источнику воды и подача кинетической энергии активируют его.,true,create_submarine-2.2.4.jar
create_submarine,translated,create_submarine.ponder.water_thruster.text_3,"The more pressure and speed, the faster you go!","Чем больше давление и скорость, тем быстрее вы двигаетесь!",true,create_submarine-2.2.4.jar
create_submarine,translated,create_submarine.ponder.water_thruster.text_4,This tank provides the necessary water for the propulsion.,Эта цистерна обеспечивает необходимую воду для движения.,true,create_submarine-2.2.4.jar
createaddition,translated,createaddition.ponder.alternator.header,Generating Electric energy using an Alternator,Выработкой электроэнергии с помощью генератора переменного тока,true,createaddition-1.7.1.jar
createaddition,translated,createaddition.ponder.alternator.text_1,The Alternator requires at least 32 RPM to operate,Для работы генератора переменного тока требуется скорость вращения не менее 32 об/мин,true,createaddition-1.7.1.jar
createaddition,translated,createaddition.ponder.alternator.text_2,It generates electric energy from rotational force,Он генерирует электрическую энергию (⚡) за счёт силы вращения,true,createaddition-1.7.1.jar
createaddition,translated,createaddition.ponder.alternator.text_3,Its energy production is determined by the input RPM,Выработка энергии определяется входной скоростью вращения,true,createaddition-1.7.1.jar
createaddition,translated,createaddition.ponder.automated_rolling_mill.header,Automating the Rolling Mill,Автоматизацией прокатного стана,true,createaddition-1.7.1.jar
createaddition,translated,createaddition.ponder.automated_rolling_mill.text_1,The Rolling Mill can be automated using a Belt and two Funnels,Прокатный стан может быть автоматизирован с помощью механического ремня и двух шлюзов,true,createaddition-1.7.1.jar
createaddition,translated,createaddition.ponder.automated_rolling_mill.text_2,Input Funnel,Входной шлюз,true,createaddition-1.7.1.jar
createaddition,translated,createaddition.ponder.automated_rolling_mill.text_3,Output Funnel,Выходной шлюз,true,createaddition-1.7.1.jar
createaddition,mixed_script,createaddition.ponder.cc_electric_motor.header,Using ComputerCraft to control an Electric Motor,Использованием ComputerCraft для управления электромотором,true,createaddition-1.7.1.jar
createaddition,mixed_script,createaddition.ponder.cc_electric_motor.text_1,The Electric Motor can be controlled using ComputerCraft,Электромотором можно управлять с помощью ComputerCraft,true,createaddition-1.7.1.jar
createaddition,translated,createaddition.ponder.cc_electric_motor.text_2,Connect to the motor using 'peripheral.wrap(side)',Подсоединитесь к двигателю с помощью периферийного устройства (сбоку),true,createaddition-1.7.1.jar
createaddition,mixed_script,createaddition.ponder.cc_electric_motor.text_3,Get to the API documentation by issuing the command '/cca_api' in the chat,"Чтобы получить документацию по API, введите в чате команду /cca_api",true,createaddition-1.7.1.jar
createaddition,translated,createaddition.ponder.electric_motor.header,Generating Rotational Force using Electric Motors,Генерацией силы вращения с помощью электромотора,true,createaddition-1.7.1.jar
createaddition,translated,createaddition.ponder.electric_motor.text_1,Electric Motors are a compact and configurable source of Rotational Force,Электромоторы - это компактные и настраиваемые источники силы вращения,true,createaddition-1.7.1.jar
createaddition,translated,createaddition.ponder.electric_motor.text_2,Scrolling on the back panel changes the RPM of the motor's rotational output,Генерируемая скорость вращения может быть настроена на панели параметров,true,createaddition-1.7.1.jar
createaddition,translated,createaddition.ponder.electric_motor.text_3,The Electric Motor requires a source of energy,Для работы электромотора требуется источник энергии (⚡),true,createaddition-1.7.1.jar
createaddition,translated,createaddition.ponder.electric_motor.text_4,The motor's energy consumption is determined by the set RPM,Энергопотребление мотора определяется генерируемой скоростью вращения,true,createaddition-1.7.1.jar
createaddition,translated,createaddition.ponder.liquid_blaze_burner.header,Liquid Fuel Burning,Сжиганием жидкого топлива,true,createaddition-1.7.1.jar
createaddition,translated,createaddition.ponder.liquid_blaze_burner.text_1,Giving the Blaze Burner a Straw,"Если дать соломинку горелке всполоха,",true,createaddition-1.7.1.jar
createaddition,translated,createaddition.ponder.liquid_blaze_burner.text_2,will allow it to accept liquid fuels by Buckets,Это позволит кормить её жидким топливом из вёдер,true,createaddition-1.7.1.jar
createaddition,translated,createaddition.ponder.liquid_blaze_burner.text_3,- or by pipes.,или с помощью труб,true,createaddition-1.7.1.jar
createaddition,translated,createaddition.ponder.modular_accumulator.header,The Multi-block Accumulator,Многоблочным аккумулятором,true,createaddition-1.7.1.jar
createaddition,translated,createaddition.ponder.modular_accumulator.text_1,The Accumulator is a multi-block structure,Аккумулятор - это многоблочная структура,true,createaddition-1.7.1.jar
createaddition,translated,createaddition.ponder.modular_accumulator.text_2,It can store large amounts of electric energy,Он может хранить огромное количество электроэнергии,true,createaddition-1.7.1.jar
createaddition,translated,createaddition.ponder.modular_accumulator.text_3,Configure an input connector,Настройте соединители на получение энергии...,true,createaddition-1.7.1.jar
createaddition,translated,createaddition.ponder.modular_accumulator.text_4,and an output connector.,и её отдачу,true,createaddition-1.7.1.jar
createaddition,translated,createaddition.ponder.modular_accumulator.text_5,"To improve mod compatibility, the Accumulator will actively push energy to blocks placed on the top and bottom faces.","Чтобы улучшить совместимость с модификациями, аккумулятор будет активно передавать энергию к блокам, расположенным на верхней и нижней сторонах.",true,createaddition-1.7.1.jar
createaddition,translated,createaddition.ponder.pei_redstone.header,Redstone Control,Управлением редстоуном,true,createaddition-1.7.1.jar
createaddition,translated,createaddition.ponder.pei_redstone.text_1,Redstone power will prevent the stationary interface from engaging.,Редстоун-сигнал предотвратит включение портативного интерфейса,true,createaddition-1.7.1.jar
createaddition,translated,createaddition.ponder.pei_transfer.header,Contraption Energy Exchange,Энергообменом штуковин,true,createaddition-1.7.1.jar
createaddition,translated,createaddition.ponder.pei_transfer.text_1,Accumulators on moving contraptions cannot connect to stationary connectors.,Аккумуляторы на движущихся штуковинах не могут подключаться к статичным соединителям,true,createaddition-1.7.1.jar
createaddition,translated,createaddition.ponder.pei_transfer.text_2,This component can interact with Accumulators without the need to stop the contraption.,Этот компонент может взаимодействовать с аккумуляторами без необходимости останавливать штуковину,true,createaddition-1.7.1.jar
createaddition,translated,createaddition.ponder.pei_transfer.text_3,Place a second one with a gap of 1 or 2 blocks inbetween,Разместите второй с промежутком в 1 или 2 блока между ними,true,createaddition-1.7.1.jar
createaddition,translated,createaddition.ponder.pei_transfer.text_4,"Whenever they pass by each other, they will engage in a connection","Когда они пройдут мимо друг друга, они соединятся",true,createaddition-1.7.1.jar
createaddition,translated,createaddition.ponder.pei_transfer.text_5,"While engaged, the stationary interface will represent ALL Accumulators on the contraption","Пока они соединены, портативный интерфейс будет представлять собой ВСЕ аккумуляторы на штуковине",true,createaddition-1.7.1.jar
createaddition,translated,createaddition.ponder.pei_transfer.text_6,Energy can now be exchanged according to the Push/Pull configuration of the connector...,Теперь обмен энергией может осуществляться в соответствии с режимом соединителя...,true,createaddition-1.7.1.jar
createaddition,translated,createaddition.ponder.pei_transfer.text_7,"After no energy have been exchanged for a while, the contraption will continue on its way.","Если на какое-то временя обмен энергией прекратится, штуковина продолжит свой путь",true,createaddition-1.7.1.jar
createaddition,translated,createaddition.ponder.rolling_mill.header,Rolling metals into Rods and Wires,Прокаткой металлов в стержни и провода,true,createaddition-1.7.1.jar
createaddition,translated,createaddition.ponder.rolling_mill.text_1,The Rolling Mill uses rotational force to roll metals into Rods and Wires,Прокатный стан использует силу вращения для прокатки металлов в стержни и провода,true,createaddition-1.7.1.jar
createaddition,translated,createaddition.ponder.rolling_mill.text_2,"To manually input items, drop Ingots or Plates on the top of the Mill","Чтобы вручную добавить предметы, бросьте слитки или листы на верхнюю часть стана",true,createaddition-1.7.1.jar
createaddition,translated,createaddition.ponder.rolling_mill.text_3,Right-click the Mill to manually retrieve the output items,"Нажмите ПКМ по прокатному стану, чтобы вручную достать материалы",true,createaddition-1.7.1.jar
createaddition,translated,createaddition.ponder.tag.electric,Electric Appliances,Электроприборы,true,createaddition-1.7.1.jar
createaddition,translated,createaddition.ponder.tag.electric.description,Components which use electricity,"Компоненты, использующие электричество",true,createaddition-1.7.1.jar
createaddition,translated,createaddition.ponder.tesla_coil.header,Using a Tesla Coil to charge Items,Использованием катушки Теслы для зарядки предметов,true,createaddition-1.7.1.jar
createaddition,translated,createaddition.ponder.tesla_coil.text_1,The Tesla Coil will charge Items below it,Катушка Теслы будет заряжать предметы под собой,true,createaddition-1.7.1.jar
createaddition,mixed_script,createaddition.ponder.tesla_coil.text_2,It will charge any Forge Energy Items and more!,Она заряжает любые предметы совместимые с Forge Energy и многое другое!,true,createaddition-1.7.1.jar
createaddition,translated,createaddition.ponder.tesla_coil_hurt.header,Dangerous Tesla Coils,Опасностью катушки Теслы,true,createaddition-1.7.1.jar
createaddition,translated,createaddition.ponder.tesla_coil_hurt.text_1,The Tesla Coil is also able to inflict damage on nearby Players and Mobs,Катушка Теслы способна наносить урон находящимся поблизости игрокам и мобам,true,createaddition-1.7.1.jar
createaddition,translated,createaddition.ponder.tesla_coil_hurt.text_2,This can be activated with a Redstone signal,Её можно активировать с помощью редстоун-сигнала,true,createaddition-1.7.1.jar
createaddition,translated,createaddition.ponder.tesla_coil_hurt.text_3,Prepare to be Shocked!,Приготовьтесь испытать шок!,true,createaddition-1.7.1.jar
createbigcannons,translated,createbigcannons.ponder.cannon_crafting/basin_foundry.header,Using the Basin Foundry Lid,Использование литейной крышки для плавки,true,cbc_going_ballistic-0.3.1.jar; createbigcannons-5.11.7+mc.1.21.1.jar
createbigcannons,translated,createbigcannons.ponder.cannon_crafting/basin_foundry.text_1,Basin Foundry Lids are used to melt down metals for cannon casting.,Крышки для литейной плавки используются для плавления металлов для отливки пушек.,true,cbc_going_ballistic-0.3.1.jar; createbigcannons-5.11.7+mc.1.21.1.jar
createbigcannons,translated,createbigcannons.ponder.cannon_crafting/basin_foundry.text_2,They must be heated to process melting recipes.,Для начала плавления их необходимо нагреть.,true,cbc_going_ballistic-0.3.1.jar; createbigcannons-5.11.7+mc.1.21.1.jar
createbigcannons,translated,createbigcannons.ponder.cannon_crafting/cannon_boring.header,Boring Holes in Cast Cannons,Сверление отверстий в литых пушках,true,cbc_going_ballistic-0.3.1.jar; createbigcannons-5.11.7+mc.1.21.1.jar
createbigcannons,translated,createbigcannons.ponder.cannon_crafting/cannon_boring.text_1,Cannon Drills are used to bore out cast cannons.,Пушечные свёрла используются для сверления литых пушек.,true,cbc_going_ballistic-0.3.1.jar; createbigcannons-5.11.7+mc.1.21.1.jar
createbigcannons,translated,createbigcannons.ponder.cannon_crafting/cannon_boring.text_2,"In addition to rotational force, they require water to operate, and consume more as they speed up.","Помимо силы вращения, для работы им требуется вода, и по мере ускорения они потребляют больше воды.",true,cbc_going_ballistic-0.3.1.jar; createbigcannons-5.11.7+mc.1.21.1.jar
createbigcannons,translated,createbigcannons.ponder.cannon_crafting/cannon_boring.text_3,The speed of the drill must match the speed of the lathe to do work.,Для выполнения работы скорость сверла должна соответствовать скорости токарного станка.,true,cbc_going_ballistic-0.3.1.jar; createbigcannons-5.11.7+mc.1.21.1.jar
createbigcannons,translated,createbigcannons.ponder.cannon_crafting/cannon_boring.text_4,Bored cannon blocks drop scrap items.,Из просверлённых пушечных блоков выпадает металлолом.,true,cbc_going_ballistic-0.3.1.jar; createbigcannons-5.11.7+mc.1.21.1.jar
createbigcannons,translated,createbigcannons.ponder.cannon_crafting/cannon_building.header,Building Built-Up Cannons,Постройка составных пушек,true,cbc_going_ballistic-0.3.1.jar; createbigcannons-5.11.7+mc.1.21.1.jar
createbigcannons,translated,createbigcannons.ponder.cannon_crafting/cannon_building.text_1,Cannon Builders are used to put together the layers of built-up cannons.,Наращиватели слоёв используются для соединения слоёв составных пушек.,true,cbc_going_ballistic-0.3.1.jar; createbigcannons-5.11.7+mc.1.21.1.jar
createbigcannons,translated,createbigcannons.ponder.cannon_crafting/cannon_building.text_2,Pulse the Cannon Builder with power to toggle its attachment state.,"Подайте импульс редстоуна на наращиватель слоёв, чтобы переключить состояние крепления.",true,cbc_going_ballistic-0.3.1.jar; createbigcannons-5.11.7+mc.1.21.1.jar
createbigcannons,translated,createbigcannons.ponder.cannon_crafting/cannon_building.text_3,"When grabbing layers from built-up blocks, the outermost layer will always be grabbed","Когда снимаете слои с пушки, первым слоем всегда будет снят самый наружный слой.",true,cbc_going_ballistic-0.3.1.jar; createbigcannons-5.11.7+mc.1.21.1.jar
createbigcannons,translated,createbigcannons.ponder.cannon_crafting/cannon_casting.header,Cannon Casting,Отливка пушек,true,cbc_going_ballistic-0.3.1.jar; createbigcannons-5.11.7+mc.1.21.1.jar
createbigcannons,translated,createbigcannons.ponder.cannon_crafting/cannon_casting.text_1,Cannon Casts are the first block recipe for cannon blocks.,Литейные формы — это первый этап для создания пушек.,true,cbc_going_ballistic-0.3.1.jar; createbigcannons-5.11.7+mc.1.21.1.jar
createbigcannons,translated,createbigcannons.ponder.cannon_crafting/cannon_casting.text_10,It is possible to automate the removal of finished casts.,Можно автоматизировать удаление готовых слепков.,true,cbc_going_ballistic-0.3.1.jar; createbigcannons-5.11.7+mc.1.21.1.jar
createbigcannons,translated,createbigcannons.ponder.cannon_crafting/cannon_casting.text_11,Smaller cannons such as autocannons shed the casting sand automatically.,"Пушки меньшего размера, такие как автопушки, автоматически сбрасывают литейный песок.",true,cbc_going_ballistic-0.3.1.jar; createbigcannons-5.11.7+mc.1.21.1.jar
createbigcannons,translated,createbigcannons.ponder.cannon_crafting/cannon_casting.text_2,Use a cannon mould to build a cast layer.,"Используйте литейную форму, чтобы создать слой для литья.",true,cbc_going_ballistic-0.3.1.jar; createbigcannons-5.11.7+mc.1.21.1.jar
createbigcannons,translated,createbigcannons.ponder.cannon_crafting/cannon_casting.text_3,Deployers can also interact with cannon casts.,Автономные активаторы также могут взаимодействовать с формами.,true,cbc_going_ballistic-0.3.1.jar; createbigcannons-5.11.7+mc.1.21.1.jar
createbigcannons,translated,createbigcannons.ponder.cannon_crafting/cannon_casting.text_4,Fill the cast with molten metal to start the casting process.,"Наполните литейную форму расплавленным металлом, чтобы начать процесс литья.",true,cbc_going_ballistic-0.3.1.jar; createbigcannons-5.11.7+mc.1.21.1.jar
createbigcannons,translated,createbigcannons.ponder.cannon_crafting/cannon_casting.text_5,Cannon casts output a signal that can be read by comparators.,"Литейные формы выводят сигнал, который может быть считан компараторами.",true,cbc_going_ballistic-0.3.1.jar; createbigcannons-5.11.7+mc.1.21.1.jar
createbigcannons,translated,createbigcannons.ponder.cannon_crafting/cannon_casting.text_6,"They output a signal from 0 to 14 measuring how full the cast is, and 15 when the cast is finished.","Они выдают сигнал от 0 до 14, указывающий, насколько заполнена форма, и 15, когда литьё завершено.",true,cbc_going_ballistic-0.3.1.jar; createbigcannons-5.11.7+mc.1.21.1.jar
createbigcannons,translated,createbigcannons.ponder.cannon_crafting/cannon_casting.text_7,"After being completely filled up, the cannon cast takes some time to solidify.","После того как форма наполнилась до краёв, отливке потребуется некоторое время, чтобы застыть.",true,cbc_going_ballistic-0.3.1.jar; createbigcannons-5.11.7+mc.1.21.1.jar
createbigcannons,translated,createbigcannons.ponder.cannon_crafting/cannon_casting.text_8,The time it takes for the casting process to finish depends on the size of the cast.,"Время, необходимое для завершения процесса затвердевания, зависит от размера формы.",true,cbc_going_ballistic-0.3.1.jar; createbigcannons-5.11.7+mc.1.21.1.jar
createbigcannons,translated,createbigcannons.ponder.cannon_crafting/cannon_casting.text_9,The finished cannon cast can be removed by breaking or interacting with it.,"Готовую форму пушки можно удалить, сломав её или взаимодействуя с ней.",true,cbc_going_ballistic-0.3.1.jar; createbigcannons-5.11.7+mc.1.21.1.jar
createbigcannons,translated,createbigcannons.ponder.cannon_crafting/cannon_welder.header,Using the Cannon Welder,Использование сварочного аппарата,true,cbc_going_ballistic-0.3.1.jar; createbigcannons-5.11.7+mc.1.21.1.jar
createbigcannons,translated,createbigcannons.ponder.cannon_crafting/cannon_welder.text_1,Cannon blocks placed in survival will not connect to other cannon blocks.,"Блоки пушки, размещённые в выживании, не соединяются с другими блоками орудия.",true,cbc_going_ballistic-0.3.1.jar; createbigcannons-5.11.7+mc.1.21.1.jar
createbigcannons,translated,createbigcannons.ponder.cannon_crafting/cannon_welder.text_2,The Cannon Welder can quickly connect two cannon blocks at a time.,Сварочный аппарат позволяет быстро соединить два блока пушки между собой.,true,cbc_going_ballistic-0.3.1.jar; createbigcannons-5.11.7+mc.1.21.1.jar
createbigcannons,translated,createbigcannons.ponder.cannon_crafting/cannon_welder.text_3,Right-click two adjacent cannon blocks to weld them together.,"Кликните ПКМ по двум соседним блокам пушки, чтобы сварить их вместе.",true,cbc_going_ballistic-0.3.1.jar; createbigcannons-5.11.7+mc.1.21.1.jar
createbigcannons,translated,createbigcannons.ponder.cannon_crafting/cannon_welder.text_4,"The cannon blocks must align, connect, have the same material, and have the same cannon type.","Блоки пушки должны быть выровнены, соединены, изготовлены из одного материала и иметь один и тот же тип пушки.",true,cbc_going_ballistic-0.3.1.jar; createbigcannons-5.11.7+mc.1.21.1.jar
createbigcannons,translated,createbigcannons.ponder.cannon_crafting/cannon_welder.text_5,Invalid,Неправильно,true,cbc_going_ballistic-0.3.1.jar; createbigcannons-5.11.7+mc.1.21.1.jar
createbigcannons,translated,createbigcannons.ponder.cannon_crafting/cannon_welder.text_6,"By default, the Cannon Welder cannot weld some cannon materials and/or types together.",По умолчанию сварочный аппарат не может сваривать некоторые материалы и/или типы пушек вместе.,true,cbc_going_ballistic-0.3.1.jar; createbigcannons-5.11.7+mc.1.21.1.jar
createbigcannons,translated,createbigcannons.ponder.cannon_crafting/cannon_welder.text_7,The Cannon Welder can weld different types of cannon.,Сварочный аппарат может сваривать различные типы пушек.,true,cbc_going_ballistic-0.3.1.jar; createbigcannons-5.11.7+mc.1.21.1.jar
createbigcannons,translated,createbigcannons.ponder.cannon_crafting/cannon_welder.text_8,Welding cannon blocks together can weaken certain types of cannon.,Сварка блоков пушек вместе может ослабить некоторые типы пушек.,true,cbc_going_ballistic-0.3.1.jar; createbigcannons-5.11.7+mc.1.21.1.jar
createbigcannons,translated,createbigcannons.ponder.cannon_crafting/cannon_welder.text_9,It is recommended to craft and move cannon pieces in their entirety instead.,Вместо этого рекомендуется сразу создавать и перемещать части пушки целиком.,true,cbc_going_ballistic-0.3.1.jar; createbigcannons-5.11.7+mc.1.21.1.jar
createbigcannons,translated,createbigcannons.ponder.cannon_crafting/finishing_built_up_cannons.header,Finishing Built-Up Cannons,Завершение наращивания слоёв пушки,true,cbc_going_ballistic-0.3.1.jar; createbigcannons-5.11.7+mc.1.21.1.jar
createbigcannons,translated,createbigcannons.ponder.cannon_crafting/finishing_built_up_cannons.text_1,Blasting built-up cannon layers turns them into built-up cannon blocks.,Нагрев составных слоёв пушки превращает их в составные блоки пушки.,true,cbc_going_ballistic-0.3.1.jar; createbigcannons-5.11.7+mc.1.21.1.jar
createbigcannons,translated,createbigcannons.ponder.cannon_crafting/finishing_built_up_cannons.text_2,"The process works similar to bulk blasting of items, using a fan blowing into a lava block to produce a heating current.",Процесс работает аналогично массовому плавлению предметов: вентилятор обдувает блок лавы для создания нагревательного потока.,true,cbc_going_ballistic-0.3.1.jar; createbigcannons-5.11.7+mc.1.21.1.jar
createbigcannons,translated,createbigcannons.ponder.cannon_crafting/finishing_built_up_cannons.text_3,A built-up cannon block must have all the correct layers to be transformed.,"Чтобы преобразование сработало, составной блок пушки должен содержать все правильные слои.",true,cbc_going_ballistic-0.3.1.jar; createbigcannons-5.11.7+mc.1.21.1.jar
createbigcannons,translated,createbigcannons.ponder.cannon_crafting/finishing_built_up_cannons.text_4,It takes a while for the cannon layers to transform into cannon blocks.,Преобразование слоёв пушки в блоки пушки занимает некоторое время.,true,cbc_going_ballistic-0.3.1.jar; createbigcannons-5.11.7+mc.1.21.1.jar
createbigcannons,translated,createbigcannons.ponder.cannon_crafting/incomplete_cannon_blocks.header,Incomplete Cannon Blocks,Незаконченные пушечные блоки,true,cbc_going_ballistic-0.3.1.jar; createbigcannons-5.11.7+mc.1.21.1.jar
createbigcannons,translated,createbigcannons.ponder.cannon_crafting/incomplete_cannon_blocks.text_1,Some bored cannon blocks need additional items to be completed.,Некоторые просверлённые пушечные блоки требуют дополнительных предметов для завершения.,true,cbc_going_ballistic-0.3.1.jar; createbigcannons-5.11.7+mc.1.21.1.jar
createbigcannons,translated,createbigcannons.ponder.cannon_crafting/incomplete_cannon_blocks.text_2,These are usually cannon breech blocks.,Обычно это затворы пушек.,true,cbc_going_ballistic-0.3.1.jar; createbigcannons-5.11.7+mc.1.21.1.jar
createbigcannons,translated,createbigcannons.ponder.cannon_crafting/incomplete_cannon_blocks.text_3,Use the listed items on the block to complete it.,"Используйте перечисленные предметы на блоке, чтобы завершить его.",true,cbc_going_ballistic-0.3.1.jar; createbigcannons-5.11.7+mc.1.21.1.jar
createbigcannons,translated,createbigcannons.ponder.cannon_crafting/incomplete_cannon_blocks.text_4,Deployers can also complete incomplete cannon blocks.,Автономные активаторы также могут завершать неполные пушечные блоки.,true,cbc_going_ballistic-0.3.1.jar; createbigcannons-5.11.7+mc.1.21.1.jar
createbigcannons,translated,createbigcannons.ponder.cannon_crafting/making_quick_firing_breeches.header,Creating a Quick-Firing Breech,Создание скорострельного затвора,true,cbc_going_ballistic-0.3.1.jar; createbigcannons-5.11.7+mc.1.21.1.jar
createbigcannons,translated,createbigcannons.ponder.cannon_crafting/making_quick_firing_breeches.text_1,Use a Quick-Firing Mechanism to convert a Sliding Breech into a Quick-Firing Breech.,"Используйте скорострельный механизм, чтобы превратить казённую часть в скорострельный затвор.",true,cbc_going_ballistic-0.3.1.jar; createbigcannons-5.11.7+mc.1.21.1.jar
createbigcannons,translated,createbigcannons.ponder.cannon_crafting/making_quick_firing_breeches.text_2,Deployers can also be used to create Quick-Firing Breeches.,Автономные активаторы также можно использовать для создания скорострельных затворов.,true,cbc_going_ballistic-0.3.1.jar; createbigcannons-5.11.7+mc.1.21.1.jar
createbigcannons,translated,createbigcannons.ponder.cannon_crafting/making_quick_firing_breeches.text_3,Wrench a Quick-Firing Breech to revert it back to a Sliding Breech.,"Примените гаечный ключ к скорострельному затвору, чтобы превратить его обратно в казённую часть.",true,cbc_going_ballistic-0.3.1.jar; createbigcannons-5.11.7+mc.1.21.1.jar
createbigcannons,translated,createbigcannons.ponder.cannon_crafting/moving_cannons.header,Moving Cannons Around,Перемещение пушек,true,cbc_going_ballistic-0.3.1.jar; createbigcannons-5.11.7+mc.1.21.1.jar
createbigcannons,translated,createbigcannons.ponder.cannon_crafting/moving_cannons.text_1,"By default, most cast cannons will turn into scrap when broken without a Silk Touch pickaxe.",По умолчанию большинство литых пушек превращаются в металлолом при разрушении без кирки с зачарованием Шёлковое касание.,true,cbc_going_ballistic-0.3.1.jar; createbigcannons-5.11.7+mc.1.21.1.jar
createbigcannons,mixed_script,createbigcannons.ponder.cannon_crafting/moving_cannons.text_2,Create's contraptions can be used in varying ways to move cannons.,Устройства Create можно использовать различными способами для перемещения пушек.,true,cbc_going_ballistic-0.3.1.jar; createbigcannons-5.11.7+mc.1.21.1.jar
createbigcannons,translated,createbigcannons.ponder.cannon_kinetics/automating_quick_firing_breeches.header,Automating Quick-Firing Breeches,Автоматизация скорострельных затворов,true,cbc_going_ballistic-0.3.1.jar; createbigcannons-5.11.7+mc.1.21.1.jar
createbigcannons,translated,createbigcannons.ponder.cannon_kinetics/automating_quick_firing_breeches.text_1,Mechanical Arms can be used to reload the Quick-Firing Breech.,Механические руки можно использовать для перезарядки скорострельного затвора.,true,cbc_going_ballistic-0.3.1.jar; createbigcannons-5.11.7+mc.1.21.1.jar
createbigcannons,translated,createbigcannons.ponder.cannon_kinetics/automating_quick_firing_breeches.text_2,Right-click the Cannon Mount to set the arm's output.,"Кликните ПКМ по пушечному креплению, чтобы назначить его выходом руки.",true,cbc_going_ballistic-0.3.1.jar; createbigcannons-5.11.7+mc.1.21.1.jar
createbigcannons,translated,createbigcannons.ponder.cannon_kinetics/automating_quick_firing_breeches.text_3,The Quick-Firing Breech must be closed in order for the arm to operate.,"Скорострельный затвор должен быть закрыт, чтобы рука могла работать.",true,cbc_going_ballistic-0.3.1.jar; createbigcannons-5.11.7+mc.1.21.1.jar
createbigcannons,translated,createbigcannons.ponder.cannon_kinetics/automating_quick_firing_breeches.text_4,The arm will not load the big cannon if the breech is open.,"Рука не будет заряжать большую пушку, если затвор открыт.",true,cbc_going_ballistic-0.3.1.jar; createbigcannons-5.11.7+mc.1.21.1.jar
createbigcannons,translated,createbigcannons.ponder.cannon_kinetics/automating_quick_firing_breeches.text_5,"Once the cannon fires, the arm will automatically extract empty cartridges when provided a deposit area.","После выстрела пушки рука автоматически извлечёт пустые гильзы, если задан выход.",true,cbc_going_ballistic-0.3.1.jar; createbigcannons-5.11.7+mc.1.21.1.jar
createbigcannons,translated,createbigcannons.ponder.cannon_kinetics/automating_quick_firing_breeches.text_6,Deposit areas should have an empty Big Cartridge filter to avoid item mismanagement.,"У выходов должен стоять фильтр на пустой большой картридж, чтобы избежать ошибок управления предметами.",true,cbc_going_ballistic-0.3.1.jar; createbigcannons-5.11.7+mc.1.21.1.jar
createbigcannons,translated,createbigcannons.ponder.cannon_kinetics/quick_firing_breech.header,Loading a Quick-Firing Breech,Зарядка скорострельного затвора,true,cbc_going_ballistic-0.3.1.jar; createbigcannons-5.11.7+mc.1.21.1.jar
createbigcannons,translated,createbigcannons.ponder.cannon_kinetics/quick_firing_breech.text_1,The Quick-Firing Breech allows fast reloading of assembled big cannons.,Скорострельный затвор позволяет быстро перезаряжать собранные пушки.,true,cbc_going_ballistic-0.3.1.jar; createbigcannons-5.11.7+mc.1.21.1.jar
createbigcannons,translated,createbigcannons.ponder.cannon_kinetics/quick_firing_breech.text_2,The Quick-Firing Breech can be opened and closed by right clicking the side of the breech.,"Скорострельный затвор можно открыть и закрыть, кликнув ПКМ по боковой грани затвора.",true,cbc_going_ballistic-0.3.1.jar; createbigcannons-5.11.7+mc.1.21.1.jar
createbigcannons,translated,createbigcannons.ponder.cannon_kinetics/quick_firing_breech.text_3,"First, load the projectile by right clicking the open side of the breech.","Сначала загрузите снаряд, кликнув ПКМ по открытой стороне затвора.",true,cbc_going_ballistic-0.3.1.jar; createbigcannons-5.11.7+mc.1.21.1.jar
createbigcannons,translated,createbigcannons.ponder.cannon_kinetics/quick_firing_breech.text_4,Then load the propellant and close the breech.,Затем загрузите порох и закройте затвор.,true,cbc_going_ballistic-0.3.1.jar; createbigcannons-5.11.7+mc.1.21.1.jar
createbigcannons,translated,createbigcannons.ponder.cannon_kinetics/quick_firing_breech.text_5,Big Cartridges are recommended for faster reloading.,Для более быстрой перезарядки рекомендуется использовать большие картриджи.,true,cbc_going_ballistic-0.3.1.jar; createbigcannons-5.11.7+mc.1.21.1.jar
createbigcannons,translated,createbigcannons.ponder.cannon_kinetics/quick_firing_breech.text_6,The big cannon can then be fired.,Тогда из пушки можно будет стрелять.,true,cbc_going_ballistic-0.3.1.jar; createbigcannons-5.11.7+mc.1.21.1.jar
createbigcannons,translated,createbigcannons.ponder.cannon_kinetics/quick_firing_breech.text_7,Remaining munitions such as spent Big Cartridge cases will be automatically ejected.,"Оставшиеся боеприпасы, такие как использованные гильзы больших картриджей, будут автоматически выброшены.",true,cbc_going_ballistic-0.3.1.jar; createbigcannons-5.11.7+mc.1.21.1.jar
createbigcannons,mixed_script,createbigcannons.ponder.cannon_loader/base_contraption_loading.header,Loading Big Cannons with base Create contraptions,Зарядка больших пушек базовыми устройствами Create,true,cbc_going_ballistic-0.3.1.jar; createbigcannons-5.11.7+mc.1.21.1.jar
createbigcannons,translated,createbigcannons.ponder.cannon_loader/base_contraption_loading.text_1,"Mechanical Pistons, Gantries, and Rope Pulleys can also load big cannons.","Механические поршни, верстаки-краны и верёвочные шкивы также могут заряжать большие пушки.",true,cbc_going_ballistic-0.3.1.jar; createbigcannons-5.11.7+mc.1.21.1.jar
createbigcannons,translated,createbigcannons.ponder.cannon_loader/base_contraption_loading.text_2,Munition blocks can be pulled out of big cannons depending on the connectivity of certain blocks.,Блоки боеприпасов можно вытаскивать из больших пушек в зависимости от соединения определённых блоков.,true,cbc_going_ballistic-0.3.1.jar; createbigcannons-5.11.7+mc.1.21.1.jar
createbigcannons,translated,createbigcannons.ponder.cannon_loader/base_contraption_loading.text_3,"Unlike the Cannon Loader, other blocks can still be attached to the contraption.","В отличие от пушечного заряжателя, к устройству могут быть прикреплены и другие блоки.",true,cbc_going_ballistic-0.3.1.jar; createbigcannons-5.11.7+mc.1.21.1.jar
createbigcannons,translated,createbigcannons.ponder.cannon_loader/base_contraption_loading.text_4,"This does not affect cannon loading in any way, although only aligned munition blocks can be inserted into big cannons.","Это никак не влияет на зарядку пушки, хотя только выровненные блоки боеприпасов могут быть вставлены в большие пушки.",true,cbc_going_ballistic-0.3.1.jar; createbigcannons-5.11.7+mc.1.21.1.jar
createbigcannons,translated,createbigcannons.ponder.cannon_loader/handloading_tools.header,Handloading Tools,Инструменты для ручной перезарядки,true,cbc_going_ballistic-0.3.1.jar; createbigcannons-5.11.7+mc.1.21.1.jar
createbigcannons,translated,createbigcannons.ponder.cannon_loader/handloading_tools.text_1,Handloading tools are convenient for loading big cannons.,Инструменты ручной перезарядки удобны для заряжания больших пушек.,true,cbc_going_ballistic-0.3.1.jar; createbigcannons-5.11.7+mc.1.21.1.jar
createbigcannons,translated,createbigcannons.ponder.cannon_loader/handloading_tools.text_2,Munitions can also be inserted directly into assembled big cannons.,Боеприпасы также можно вставлять непосредственно в собранные пушки.,true,cbc_going_ballistic-0.3.1.jar; createbigcannons-5.11.7+mc.1.21.1.jar
createbigcannons,translated,createbigcannons.ponder.cannon_loader/handloading_tools.text_3,Handloading tools can also interact with assembled big cannons.,Инструменты ручной перезарядки также могут взаимодействовать с собранными пушками.,true,cbc_going_ballistic-0.3.1.jar; createbigcannons-5.11.7+mc.1.21.1.jar
createbigcannons,translated,createbigcannons.ponder.cannon_loader/loading_big_cannons.header,Loading Big Cannons,Перезарядка пушек,true,cbc_going_ballistic-0.3.1.jar; createbigcannons-5.11.7+mc.1.21.1.jar
createbigcannons,translated,createbigcannons.ponder.cannon_loader/loading_big_cannons.text_1,"Cannon Loaders work like Mechanical Pistons, using Piston Extension Poles to extend their range.","Пушечные заряжатели работают как механические поршни, используя удлинители поршней для увеличения дальности действия.",true,cbc_going_ballistic-0.3.1.jar; createbigcannons-5.11.7+mc.1.21.1.jar
createbigcannons,translated,createbigcannons.ponder.cannon_loader/loading_big_cannons.text_2,"They must be outfitted with a head to be useful, such as a Ram Head or a Worm Head.","Чтобы они были полезны, их нужно оснастить насадкой — например толкательной или банником.",true,cbc_going_ballistic-0.3.1.jar; createbigcannons-5.11.7+mc.1.21.1.jar
createbigcannons,translated,createbigcannons.ponder.cannon_loader/loading_big_cannons.text_3,"Under normal circumstances, the Ram Head should be used.",В обычных обстоятельствах следует использовать толкательную насадку.,true,cbc_going_ballistic-0.3.1.jar; createbigcannons-5.11.7+mc.1.21.1.jar
createbigcannons,translated,createbigcannons.ponder.cannon_loader/loading_big_cannons.text_4,"However, the Worm Head can be attached if the cannon needs to be unjammed.","Однако насадку банника можно прикрепить, если пушку нужно расклинить.",true,cbc_going_ballistic-0.3.1.jar; createbigcannons-5.11.7+mc.1.21.1.jar
createbigcannons,translated,createbigcannons.ponder.cannon_loader/loading_big_cannons.text_5,"Before reloading a cannon, it must be disassembled.",Перед перезарядкой пушки её необходимо разобрать.,true,cbc_going_ballistic-0.3.1.jar; createbigcannons-5.11.7+mc.1.21.1.jar
createbigcannons,translated,createbigcannons.ponder.cannon_loader/loading_big_cannons.text_6,"When loading a cannon, the loader mechanism, munitions, and cannon must all be in line on the same axis.","При загрузке пушки механизм заряжания, боеприпасы и пушка должны располагаться на одной оси.",true,cbc_going_ballistic-0.3.1.jar; createbigcannons-5.11.7+mc.1.21.1.jar
createbigcannons,translated,createbigcannons.ponder.cannon_mount/assembly_and_use.header,Assembly and Use,Сборка и использование,true,cbc_going_ballistic-0.3.1.jar; createbigcannons-5.11.7+mc.1.21.1.jar
createbigcannons,translated,createbigcannons.ponder.cannon_mount/assembly_and_use.text_1,Big cannons need to be placed on cannon mounts to be assembled.,Для сборки пушки необходимо её разместить на пушечном креплении.,true,cbc_going_ballistic-0.3.1.jar; createbigcannons-5.11.7+mc.1.21.1.jar
createbigcannons,translated,createbigcannons.ponder.cannon_mount/assembly_and_use.text_2,"To assemble a cannon, power the hammer face with a redstone signal.","Чтобы собрать пушку, подайте редстоун-сигнал на грань с молотом.",true,cbc_going_ballistic-0.3.1.jar; createbigcannons-5.11.7+mc.1.21.1.jar
createbigcannons,translated,createbigcannons.ponder.cannon_mount/assembly_and_use.text_3,Power the Cannon Mount to aim the cannon up and down...,"Подайте сигнал на пушечное крепление, чтобы навести пушку вверх и вниз...",true,cbc_going_ballistic-0.3.1.jar; createbigcannons-5.11.7+mc.1.21.1.jar
createbigcannons,translated,createbigcannons.ponder.cannon_mount/assembly_and_use.text_4,...or side to side.,...или влево и вправо.,true,cbc_going_ballistic-0.3.1.jar; createbigcannons-5.11.7+mc.1.21.1.jar
createbigcannons,translated,createbigcannons.ponder.cannon_mount/customizing_autocannons.header,Customizing Autocannons,Настройка автопушек,true,cbc_going_ballistic-0.3.1.jar; createbigcannons-5.11.7+mc.1.21.1.jar
createbigcannons,translated,createbigcannons.ponder.cannon_mount/customizing_autocannons.text_1,"Autocannons can be customized in a few ways, both cosmetic and functional.","Автопушки можно настроить несколькими способами, как косметическими, так и функциональными.",true,cbc_going_ballistic-0.3.1.jar; createbigcannons-5.11.7+mc.1.21.1.jar
createbigcannons,translated,createbigcannons.ponder.cannon_mount/customizing_autocannons.text_2,Wrenching the end of an autocannon will change the type of barrel end.,Применение гаечного ключа к концу автопушки изменит его тип.,true,cbc_going_ballistic-0.3.1.jar; createbigcannons-5.11.7+mc.1.21.1.jar
createbigcannons,translated,createbigcannons.ponder.cannon_mount/customizing_autocannons.text_3,Recoil Springs make the barrel push back when firing.,Возвратные пружины заставляют ствол откатываться при выстреле.,true,cbc_going_ballistic-0.3.1.jar; createbigcannons-5.11.7+mc.1.21.1.jar
createbigcannons,translated,createbigcannons.ponder.cannon_mount/customizing_autocannons.text_4,Wrenching the autocannon breech will add handles.,Применение гаечного ключа к затвору автопушки добавит ручки.,true,cbc_going_ballistic-0.3.1.jar; createbigcannons-5.11.7+mc.1.21.1.jar
createbigcannons,translated,createbigcannons.ponder.cannon_mount/customizing_autocannons.text_5,Autocannons with handles are controlled by the player instead of by kinetics.,"Автопушки с ручками управляются игроком, а не механикой.",true,cbc_going_ballistic-0.3.1.jar; createbigcannons-5.11.7+mc.1.21.1.jar
createbigcannons,translated,createbigcannons.ponder.cannon_mount/customizing_autocannons.text_6,You can place a seat on the handle breech.,Вы можете разместить сиденье на затворе с ручками.,true,cbc_going_ballistic-0.3.1.jar; createbigcannons-5.11.7+mc.1.21.1.jar
createbigcannons,translated,createbigcannons.ponder.cannon_mount/customizing_autocannons.text_7,Seats are purely cosmetic.,Сиденья чисто косметические.,true,cbc_going_ballistic-0.3.1.jar; createbigcannons-5.11.7+mc.1.21.1.jar
createbigcannons,translated,createbigcannons.ponder.cannon_mount/customizing_autocannons.text_8,Wrenching the autocannon breech again will remove handles.,Повторное применение гаечного ключа к затвору автопушки уберёт ручки.,true,cbc_going_ballistic-0.3.1.jar; createbigcannons-5.11.7+mc.1.21.1.jar
createbigcannons,translated,createbigcannons.ponder.cannon_mount/customizing_autocannons.text_9,Any placed seats will be returned to the player or popped off.,Любые размещённые сиденья будут возвращены игроку или сняты.,true,cbc_going_ballistic-0.3.1.jar; createbigcannons-5.11.7+mc.1.21.1.jar
createbigcannons,translated,createbigcannons.ponder.cannon_mount/firing_big_cannons.header,Firing Big Cannons,Стрельба из больших пушек,true,cbc_going_ballistic-0.3.1.jar; createbigcannons-5.11.7+mc.1.21.1.jar
createbigcannons,translated,createbigcannons.ponder.cannon_mount/firing_big_cannons.text_1,"After loading, assembling, and aiming the cannon, big cannons are ready to fire.","После зарядки, сборки и прицеливания пушка готова к стрельбе.",true,cbc_going_ballistic-0.3.1.jar; createbigcannons-5.11.7+mc.1.21.1.jar
createbigcannons,translated,createbigcannons.ponder.cannon_mount/firing_big_cannons.text_2,Power the lit cannon face on the cannon mount to fire the mounted cannon.,"Подайте сигнал на грань с подожжённой пушкой на пушечном креплении, чтобы выстрелить.",true,cbc_going_ballistic-0.3.1.jar; createbigcannons-5.11.7+mc.1.21.1.jar
createbigcannons,translated,createbigcannons.ponder.cannon_mount/firing_big_cannons.text_3,"To disassemble the cannon to prepare it for the next shot, unpower the hammer face.","Чтобы разобрать пушку и подготовить её к следующему выстрелу, отключите редстоун-сигнал на грани с молотом.",true,cbc_going_ballistic-0.3.1.jar; createbigcannons-5.11.7+mc.1.21.1.jar
createbigcannons,translated,createbigcannons.ponder.cannon_mount/firing_big_cannons.text_4,The cannon instantly snaps back to the position it was assembled at when disassembled.,"При разборке пушка мгновенно возвращается в то положение, в котором она была собрана.",true,cbc_going_ballistic-0.3.1.jar; createbigcannons-5.11.7+mc.1.21.1.jar
createbigcannons,translated,createbigcannons.ponder.cannon_mount/screw_breech.header,Using a Screw Breech,Использование винтового затвора,true,cbc_going_ballistic-0.3.1.jar; createbigcannons-5.11.7+mc.1.21.1.jar
createbigcannons,translated,createbigcannons.ponder.cannon_mount/screw_breech.text_1,Screw Breeches are strong breech blocks that do not suffer strength penalties unlike Sliding Breeches.,"Винтовые затворы — это прочные затворы, которые в отличие от выдвижных не имеют штрафов к прочности.",true,cbc_going_ballistic-0.3.1.jar; createbigcannons-5.11.7+mc.1.21.1.jar
createbigcannons,translated,createbigcannons.ponder.cannon_mount/screw_breech.text_2,Use rotational force to unlock screw breeches.,"Используйте силу вращения, чтобы разблокировать винтовые затворы.",true,cbc_going_ballistic-0.3.1.jar; createbigcannons-5.11.7+mc.1.21.1.jar
createbigcannons,translated,createbigcannons.ponder.cannon_mount/screw_breech.text_3,"Once the screw breech is fully unlocked, use kinetic contraptions to move it out of the way for loading.","Как только винтовой затвор полностью разблокируется, используйте кинетические приспособления, чтобы отодвинуть его в сторону для заряжания.",true,cbc_going_ballistic-0.3.1.jar; createbigcannons-5.11.7+mc.1.21.1.jar
createbigcannons,translated,createbigcannons.ponder.cannon_mount/screw_breech.text_4,"Once loading is finished, close the screw breech to close the cannon.","После завершения заряжания закройте винтовой затвор, чтобы закрыть пушку.",true,cbc_going_ballistic-0.3.1.jar; createbigcannons-5.11.7+mc.1.21.1.jar
createbigcannons,translated,createbigcannons.ponder.cannon_mount/sliding_breech.header,Using a Sliding Breech,Использование выдвижного затвора,true,cbc_going_ballistic-0.3.1.jar; createbigcannons-5.11.7+mc.1.21.1.jar
createbigcannons,translated,createbigcannons.ponder.cannon_mount/sliding_breech.text_1,"Sliding Breeches offer a quick way to load cannons from the breech, at the cost of cannon strength.","Выдвижные затворы позволяют быстро заряжать пушки с казённой части, но за счёт прочности пушки.",true,cbc_going_ballistic-0.3.1.jar; createbigcannons-5.11.7+mc.1.21.1.jar
createbigcannons,translated,createbigcannons.ponder.cannon_mount/sliding_breech.text_2,Use rotational force to open up sliding breeches.,"Используйте силу вращения, чтобы открыть выдвижные затворы.",true,cbc_going_ballistic-0.3.1.jar; createbigcannons-5.11.7+mc.1.21.1.jar
createbigcannons,translated,createbigcannons.ponder.cannon_mount/sliding_breech.text_3,"Once the sliding breech is fully opened, cannon munitions can be loaded through the breech.","Как только выдвижной затвор полностью откроется, через него можно будет загрузить снаряды.",true,cbc_going_ballistic-0.3.1.jar; createbigcannons-5.11.7+mc.1.21.1.jar
createbigcannons,translated,createbigcannons.ponder.cannon_mount/sliding_breech.text_4,The sliding breech must be not obstructed by munitions or loader contraptions for it to close.,Для закрытия выдвижной затвор не должен блокироваться боеприпасом или устройством заряжания.,true,cbc_going_ballistic-0.3.1.jar; createbigcannons-5.11.7+mc.1.21.1.jar
createbigcannons,translated,createbigcannons.ponder.cannon_mount/upside_down_cannon_mounts.header,Placing Cannon Mounts upside down,Размещение креплений пушки вверх ногами,true,cbc_going_ballistic-0.3.1.jar; createbigcannons-5.11.7+mc.1.21.1.jar
createbigcannons,translated,createbigcannons.ponder.cannon_mount/upside_down_cannon_mounts.text_1,Cannon Mounts can be rotated to face downwards by clicking their sides with a wrench.,"Крепления пушек можно повернуть лицом вниз, кликнув ПКМ по их боковым сторонам гаечным ключом.",true,cbc_going_ballistic-0.3.1.jar; createbigcannons-5.11.7+mc.1.21.1.jar
createbigcannons,translated,createbigcannons.ponder.cannon_mount/upside_down_cannon_mounts.text_2,Cannon Mounts can also be placed upside-down on the bottom of blocks.,Крепления пушек также можно размещать перевёрнутыми на нижней стороне блоков.,true,cbc_going_ballistic-0.3.1.jar; createbigcannons-5.11.7+mc.1.21.1.jar
createbigcannons,translated,createbigcannons.ponder.cannon_mount/using_autocannons.header,Using Autocannons,Использование автопушек,true,cbc_going_ballistic-0.3.1.jar; createbigcannons-5.11.7+mc.1.21.1.jar
createbigcannons,translated,createbigcannons.ponder.cannon_mount/using_autocannons.text_1,Autocannons fire at a fast rate.,Автопушки стреляют с высокой скоростью.,true,cbc_going_ballistic-0.3.1.jar; createbigcannons-5.11.7+mc.1.21.1.jar
createbigcannons,translated,createbigcannons.ponder.cannon_mount/using_autocannons.text_2,They take in item munitions as input.,Они принимают боеприпасы в виде предметов.,true,cbc_going_ballistic-0.3.1.jar; createbigcannons-5.11.7+mc.1.21.1.jar
createbigcannons,translated,createbigcannons.ponder.cannon_mount/using_autocannons.text_3,Spent ammunition is ejected from the breech.,Использованные гильзы выбрасываются из затвора.,true,cbc_going_ballistic-0.3.1.jar; createbigcannons-5.11.7+mc.1.21.1.jar
createbigcannons,translated,createbigcannons.ponder.cannon_mount/using_autocannons.text_4,Power the firing face on the Cannon Mount to make the autocannon shoot.,"Подайте сигнал на грань стрельбы пушечного крепления, чтобы автопушка начала стрелять.",true,cbc_going_ballistic-0.3.1.jar; createbigcannons-5.11.7+mc.1.21.1.jar
createbigcannons,translated,createbigcannons.ponder.cannon_mount/using_autocannons.text_5,Increasing the power on the firing face increases the fire rate of the autocannon.,Усиление сигнала на грани стрельбы повышает скорострельность автопушки.,true,cbc_going_ballistic-0.3.1.jar; createbigcannons-5.11.7+mc.1.21.1.jar
createbigcannons,translated,createbigcannons.ponder.cannon_mount/using_extensions.header,Using Cannon Mount Extensions,Использование расширений крепления пушки,true,cbc_going_ballistic-0.3.1.jar; createbigcannons-5.11.7+mc.1.21.1.jar
createbigcannons,translated,createbigcannons.ponder.cannon_mount/using_extensions.text_1,Cannon Mount Extensions provide extra interface areas for blocks.,Расширения крепления пушки предоставляют дополнительные интерфейсные области для блоков.,true,cbc_going_ballistic-0.3.1.jar; createbigcannons-5.11.7+mc.1.21.1.jar
createbigcannons,translated,createbigcannons.ponder.cannon_mount/using_extensions.text_2,"They extend the mount they point into, as indicated by the arrow on their sides.","Они расширяют крепление, на которое указывают, как показано стрелкой на их сторонах.",true,cbc_going_ballistic-0.3.1.jar; createbigcannons-5.11.7+mc.1.21.1.jar
createbigcannons,translated,createbigcannons.ponder.cannon_mount/using_fixed_cannon_mounts.header,Using Fixed Cannon Mounts,Использование стационарных креплений пушки,true,cbc_going_ballistic-0.3.1.jar; createbigcannons-5.11.7+mc.1.21.1.jar
createbigcannons,translated,createbigcannons.ponder.cannon_mount/using_fixed_cannon_mounts.text_1,Fixed Cannon Mounts can be used for aiming cannons at the same spot.,Стационарные крепления пушки можно использовать для прицеливания пушек в одно и то же место.,true,cbc_going_ballistic-0.3.1.jar; createbigcannons-5.11.7+mc.1.21.1.jar
createbigcannons,translated,createbigcannons.ponder.cannon_mount/using_fixed_cannon_mounts.text_2,They do not use kinetic input and must be manually set using the side interfaces.,Они не используют кинетическую энергию и должны настраиваться вручную с помощью боковых интерфейсов.,true,cbc_going_ballistic-0.3.1.jar; createbigcannons-5.11.7+mc.1.21.1.jar
createbigcannons,translated,createbigcannons.ponder.cannon_mount/using_fixed_cannon_mounts.text_3,"Interfacing with a Fixed Cannon Mount is similar to a regular Cannon Mount, with the same control faces.","Взаимодействие со стационарным креплением аналогично обычному креплению пушки, с теми же управляющими гранями.",true,cbc_going_ballistic-0.3.1.jar; createbigcannons-5.11.7+mc.1.21.1.jar
createbigcannons,translated,createbigcannons.ponder.cannon_mount/using_fixed_cannon_mounts.text_4,Cannon assembly,Сборка пушки,true,cbc_going_ballistic-0.3.1.jar; createbigcannons-5.11.7+mc.1.21.1.jar
createbigcannons,translated,createbigcannons.ponder.cannon_mount/using_fixed_cannon_mounts.text_5,Fire cannon,Выстрел из пушки,true,cbc_going_ballistic-0.3.1.jar; createbigcannons-5.11.7+mc.1.21.1.jar
createbigcannons,translated,createbigcannons.ponder.cannon_mount/using_fixed_cannon_mounts.text_6,The Fixed Cannon Mount cannot be extended.,Стационарное крепление пушки нельзя расширить.,true,cbc_going_ballistic-0.3.1.jar; createbigcannons-5.11.7+mc.1.21.1.jar
createbigcannons,translated,createbigcannons.ponder.cannon_mount/using_fixed_cannon_mounts.text_7,Use a wrench to rotate the Fixed Cannon Mount.,"Используйте гаечный ключ, чтобы повернуть стационарное крепление пушки.",true,cbc_going_ballistic-0.3.1.jar; createbigcannons-5.11.7+mc.1.21.1.jar
createbigcannons,translated,createbigcannons.ponder.munitions/adding_tracers.header,Adding tracers to big cannon projectiles,Добавление трассеров к снарядам больших пушек,true,cbc_going_ballistic-0.3.1.jar; createbigcannons-5.11.7+mc.1.21.1.jar
createbigcannons,translated,createbigcannons.ponder.munitions/adding_tracers.text_1,"In addition to autocannon munitions, tracers can also be added to big cannon projectiles.","Помимо боеприпасов для автопушек, трассеры также можно добавлять к снарядам больших пушек.",true,cbc_going_ballistic-0.3.1.jar; createbigcannons-5.11.7+mc.1.21.1.jar
createbigcannons,translated,createbigcannons.ponder.munitions/adding_tracers.text_2,"Unlike fuzing, tracer tips can be applied to any side of the projectile block.","В отличие от взрывателей, наконечники трассеров можно прикрепить к любой стороне блока снаряда.",true,cbc_going_ballistic-0.3.1.jar; createbigcannons-5.11.7+mc.1.21.1.jar
createbigcannons,translated,createbigcannons.ponder.munitions/adding_tracers.text_3,Right-click the projectile with an empty hand to remove any tracers present.,"Кликните ПКМ по снаряду пустой рукой, чтобы убрать имеющиеся трассеры.",true,cbc_going_ballistic-0.3.1.jar; createbigcannons-5.11.7+mc.1.21.1.jar
createbigcannons,translated,createbigcannons.ponder.munitions/adding_tracers.text_4,"As with fuzing, tracer application can be automated with Deployers.","Как и с взрывателями, установку трассеров можно автоматизировать с помощью активаторов.",true,cbc_going_ballistic-0.3.1.jar; createbigcannons-5.11.7+mc.1.21.1.jar
createbigcannons,translated,createbigcannons.ponder.munitions/automating_autocannon_ammo_container.header,Automating loading the Autocannon Ammo Container,Автоматизация загрузки контейнера с боеприпасами для автопушки,true,cbc_going_ballistic-0.3.1.jar; createbigcannons-5.11.7+mc.1.21.1.jar
createbigcannons,translated,createbigcannons.ponder.munitions/automating_autocannon_ammo_container.text_1,Mechanical Arms can load assembled autocannons with Autocannon Ammo Containers.,Механическая рука может заряжать собранные автопушки контейнерами с боеприпасами для автопушек.,true,cbc_going_ballistic-0.3.1.jar; createbigcannons-5.11.7+mc.1.21.1.jar
createbigcannons,translated,createbigcannons.ponder.munitions/automating_autocannon_ammo_container.text_2,Set a Cannon Mount with an autocannon as one of the Mechanical Arm's deposits.,Назначьте пушечное крепление с автопушкой одним из выходов механической руки.,true,cbc_going_ballistic-0.3.1.jar; createbigcannons-5.11.7+mc.1.21.1.jar
createbigcannons,translated,createbigcannons.ponder.munitions/automating_autocannon_ammo_container.text_3,You can dispose of empty containers by setting a deposit filter slot to an empty container.,"Вы можете избавиться от пустых контейнеров, установив слот фильтра на пустой контейнер.",true,cbc_going_ballistic-0.3.1.jar; createbigcannons-5.11.7+mc.1.21.1.jar
createbigcannons,translated,createbigcannons.ponder.munitions/cannon_loads.header,Cannon Loads,Безопасная зарядка пушки,true,cbc_going_ballistic-0.3.1.jar; createbigcannons-5.11.7+mc.1.21.1.jar
createbigcannons,translated,createbigcannons.ponder.munitions/cannon_loads.text_1,"When loading a cannon, care must be taken to ensure that cannon loads are safe and effective.","При заряжании пушки нужно следить за тем, чтобы заряд был безопасным и эффективным.",true,cbc_going_ballistic-0.3.1.jar; createbigcannons-5.11.7+mc.1.21.1.jar
createbigcannons,translated,createbigcannons.ponder.munitions/cannon_loads.text_10,...such as not loading enough Powder Charges...,...загрузка недостаточного количества пороховых зарядов...,true,cbc_going_ballistic-0.3.1.jar; createbigcannons-5.11.7+mc.1.21.1.jar
createbigcannons,translated,createbigcannons.ponder.munitions/cannon_loads.text_11,...loading too many Powder Charges...,...загрузка слишком большого количества пороховых зарядов...,true,cbc_going_ballistic-0.3.1.jar; createbigcannons-5.11.7+mc.1.21.1.jar
createbigcannons,translated,createbigcannons.ponder.munitions/cannon_loads.text_12,...allowing a fired projectile to collide with another object in the barrel...,...позволить выпущенному снаряду столкнуться с другим объектом в стволе...,true,cbc_going_ballistic-0.3.1.jar; createbigcannons-5.11.7+mc.1.21.1.jar
createbigcannons,translated,createbigcannons.ponder.munitions/cannon_loads.text_13,...can cause catastrophic failure and pose a major threat to the surrounding environment.,...может вызвать катастрофу и представлять серьёзную угрозу для окружающей среды.,true,cbc_going_ballistic-0.3.1.jar; createbigcannons-5.11.7+mc.1.21.1.jar
createbigcannons,translated,createbigcannons.ponder.munitions/cannon_loads.text_2,A cannon's material has two main factors that can cause the cannon to fail; its minimum projectile velocity per barrel and its strength.,"Материал пушки имеет два основных свойства, которые могут привести к её отказу: минимальная скорость снаряда на ствол и прочность.",true,cbc_going_ballistic-0.3.1.jar; createbigcannons-5.11.7+mc.1.21.1.jar
createbigcannons,translated,createbigcannons.ponder.munitions/cannon_loads.text_3,The minimum projectile velocity per barrel determines how much power a projectile should have to not get stuck in a cannon.,"Минимальная скорость снаряда на ствол определяет, какую мощность должен иметь снаряд, чтобы не застрять в пушке.",true,cbc_going_ballistic-0.3.1.jar; createbigcannons-5.11.7+mc.1.21.1.jar
createbigcannons,translated,createbigcannons.ponder.munitions/cannon_loads.text_4,"For example, the default minimum projectile velocity of cast iron is equivalent to 1 Powder Charge for every barrel.","Например, минимальная скорость снаряда для чугуна по умолчанию эквивалентна 1 пороховому заряду на каждый ствол.",true,cbc_going_ballistic-0.3.1.jar; createbigcannons-5.11.7+mc.1.21.1.jar
createbigcannons,translated,createbigcannons.ponder.munitions/cannon_loads.text_5,The barrel that the loaded projectile is in is also counted towards the barrels travelled.,"Ствол, в котором находится снаряд, также засчитывается в количестве пройдённых стволов.",true,cbc_going_ballistic-0.3.1.jar; createbigcannons-5.11.7+mc.1.21.1.jar
createbigcannons,translated,createbigcannons.ponder.munitions/cannon_loads.text_6,"The strength of a cannon determines the maximum amount of Powder Charges that can be loaded, after which the cannon has a chance to burst when firing.",Прочность пушки определяет максимальное безопасное количество пороховых зарядов. При превышении этого предела пушка может взорваться при выстреле.,true,cbc_going_ballistic-0.3.1.jar; createbigcannons-5.11.7+mc.1.21.1.jar
createbigcannons,translated,createbigcannons.ponder.munitions/cannon_loads.text_7,"For example, cast iron is strong enough to safely handle 2 Powder Charges.","Например, чугун достаточно прочен, чтобы безопасно выдержать до 2 пороховых зарядов.",true,cbc_going_ballistic-0.3.1.jar; createbigcannons-5.11.7+mc.1.21.1.jar
createbigcannons,translated,createbigcannons.ponder.munitions/cannon_loads.text_8,The strength of a cannon can be affected by its breech.,На прочность пушки может влиять её затвор.,true,cbc_going_ballistic-0.3.1.jar; createbigcannons-5.11.7+mc.1.21.1.jar
createbigcannons,translated,createbigcannons.ponder.munitions/cannon_loads.text_9,Unsafe loads in a cannon...,Небезопасные заряды в пушке...,true,cbc_going_ballistic-0.3.1.jar; createbigcannons-5.11.7+mc.1.21.1.jar
createbigcannons,translated,createbigcannons.ponder.munitions/filling_autocannon_ammo_container.header,Filling the Autocannon Ammo Container,Наполнение контейнера с боеприпасами для автопушки,true,cbc_going_ballistic-0.3.1.jar; createbigcannons-5.11.7+mc.1.21.1.jar
createbigcannons,translated,createbigcannons.ponder.munitions/filling_autocannon_ammo_container.text_1,Autocannon Ammo Containers can be filled in-menu.,Контейнеры с боеприпасами для автопушек можно заполнить в меню.,true,cbc_going_ballistic-0.3.1.jar; createbigcannons-5.11.7+mc.1.21.1.jar
createbigcannons,translated,createbigcannons.ponder.munitions/filling_autocannon_ammo_container.text_2,You can also configure tracer spacing in the menu.,Вы также можете настроить промежуток между трассерами в меню.,true,cbc_going_ballistic-0.3.1.jar; createbigcannons-5.11.7+mc.1.21.1.jar
createbigcannons,translated,createbigcannons.ponder.munitions/filling_autocannon_ammo_container.text_3,Different ammo types have different capacities.,Различные типы боеприпасов имеют разную ёмкость.,true,cbc_going_ballistic-0.3.1.jar; createbigcannons-5.11.7+mc.1.21.1.jar
createbigcannons,translated,createbigcannons.ponder.munitions/filling_autocannon_ammo_container.text_4,The container can also be filled with deployers.,Контейнер также может быть заполнен активаторами.,true,cbc_going_ballistic-0.3.1.jar; createbigcannons-5.11.7+mc.1.21.1.jar
createbigcannons,translated,createbigcannons.ponder.munitions/filling_autocannon_ammo_container.text_5,"Ammo with tracers will go in the tracer slot, otherwise it will go in the main slot.","Боеприпасы с трассерами входят в слот для трассеров, в противном случае они войдут в основной слот.",true,cbc_going_ballistic-0.3.1.jar; createbigcannons-5.11.7+mc.1.21.1.jar
createbigcannons,translated,createbigcannons.ponder.munitions/fuzing_munitions.header,Fuzing Munitions,Детонаторы и боеприпасы,true,cbc_going_ballistic-0.3.1.jar; createbigcannons-5.11.7+mc.1.21.1.jar
createbigcannons,translated,createbigcannons.ponder.munitions/fuzing_munitions.text_1,Fuzes can be attached to certain projectiles to detonate them under certain conditions.,"К определённым снарядам можно прикрепить детонатор, чтобы взорвать их при определённых условиях.",true,cbc_going_ballistic-0.3.1.jar; createbigcannons-5.11.7+mc.1.21.1.jar
createbigcannons,translated,createbigcannons.ponder.munitions/fuzing_munitions.text_2,Right-click the projectile head with an empty hand to remove any fuzes present. Some shells are fuzed on the base instead.,"Кликните ПКМ по головке снаряда пустой рукой, чтобы удалить имеющиеся детонаторы. У некоторых снарядов детонатор устанавливается на основание.",true,cbc_going_ballistic-0.3.1.jar; createbigcannons-5.11.7+mc.1.21.1.jar
createbigcannons,translated,createbigcannons.ponder.munitions/fuzing_munitions.text_3,Fuzing projectiles can be automated with Deployers.,Установку детонаторов на снаряды можно автоматизировать с помощью активаторов.,true,cbc_going_ballistic-0.3.1.jar; createbigcannons-5.11.7+mc.1.21.1.jar
createbigcannons,translated,createbigcannons.ponder.munitions/using_autocannon_ammo_container.header,Using the Autocannon Ammo Container,Использование контейнера с боеприпасами для автопушки,true,cbc_going_ballistic-0.3.1.jar; createbigcannons-5.11.7+mc.1.21.1.jar
createbigcannons,translated,createbigcannons.ponder.munitions/using_autocannon_ammo_container.text_1,Autocannon Ammo Containers are a convenient way to store autocannon ammo and to load autocannons.,Контейнеры с боеприпасами для автопушек — удобный способ хранить боеприпасы для автопушек и заряжать автопушки.,true,cbc_going_ballistic-0.3.1.jar; createbigcannons-5.11.7+mc.1.21.1.jar
createbigcannons,translated,createbigcannons.ponder.munitions/using_autocannon_ammo_container.text_2,Right-click a container on an Autocannon Breech to load it.,"Кликните ПКМ контейнером по затвору автопушки, чтобы установить его.",true,cbc_going_ballistic-0.3.1.jar; createbigcannons-5.11.7+mc.1.21.1.jar
createbigcannons,translated,createbigcannons.ponder.munitions/using_autocannon_ammo_container.text_3,"To remove a container, right-click the breech with an empty hand.","Чтобы удалить контейнер, кликните ПКМ по затвору пустой рукой.",true,cbc_going_ballistic-0.3.1.jar; createbigcannons-5.11.7+mc.1.21.1.jar
createbigcannons,translated,createbigcannons.ponder.munitions/using_autocannon_ammo_container.text_4,You can also swap out the container by right-clicking the breech with another container.,"Вы также можете поменять контейнер, кликнув ПКМ по затвору, держа в руке другой контейнер.",true,cbc_going_ballistic-0.3.1.jar; createbigcannons-5.11.7+mc.1.21.1.jar
createbigcannons,translated,createbigcannons.ponder.munitions/using_autocannon_ammo_container.text_5,You can also load an assembled autocannon with a container.,Вы также можете загрузить собранную автопушку с помощью контейнера.,true,cbc_going_ballistic-0.3.1.jar; createbigcannons-5.11.7+mc.1.21.1.jar
createbigcannons,mixed_script,createbigcannons.ponder.munitions/using_autocannon_ammo_container.text_6,"However, you can only remove a present container on an assembled autocannon if it is empty, or by swapping or shift right-clicking it.","Однако вы можете удалить существующий контейнер из собранной автопушки только в том случае, если он пуст, либо заменив его другим контейнером, либо кликнув ПКМ с зажатой клавишей SHIFT.",true,cbc_going_ballistic-0.3.1.jar; createbigcannons-5.11.7+mc.1.21.1.jar
createbigcannons,translated,createbigcannons.ponder.munitions/wet_ammo_storage.header,"Protecting Munitions with Waterlogging, and its Side Effects",Защита боеприпасов затоплением водой и её побочные эффекты,true,cbc_going_ballistic-0.3.1.jar; createbigcannons-5.11.7+mc.1.21.1.jar
createbigcannons,translated,createbigcannons.ponder.munitions/wet_ammo_storage.text_1,"Propellant blocks, as well as projectiles, are vulnerable to exploding from fire and other explosions.","Блоки пороха, а также снаряды, уязвимы к взрывам от огня и других взрывов.",true,cbc_going_ballistic-0.3.1.jar; createbigcannons-5.11.7+mc.1.21.1.jar
createbigcannons,translated,createbigcannons.ponder.munitions/wet_ammo_storage.text_2,Munition blocks can be protected from fire and explosions by waterlogging them.,"Блоки боеприпасов можно защитить от огня и взрывов, погрузив их в воду.",true,cbc_going_ballistic-0.3.1.jar; createbigcannons-5.11.7+mc.1.21.1.jar
createbigcannons,translated,createbigcannons.ponder.munitions/wet_ammo_storage.text_3,"However, waterlogging causes propellant blocks to become damp.",Однако затопление приводит к увлажнению блоков пороха.,true,cbc_going_ballistic-0.3.1.jar; createbigcannons-5.11.7+mc.1.21.1.jar
createbigcannons,translated,createbigcannons.ponder.munitions/wet_ammo_storage.text_4,Damp propellant is weaker and also fails to ignite if it is placed as the first propellant block in a big cannon.,"Влажный порох слабее, а также не воспламеняется, если размещён как первый блок пороха в большой пушке.",true,cbc_going_ballistic-0.3.1.jar; createbigcannons-5.11.7+mc.1.21.1.jar
createbigcannons,translated,createbigcannons.ponder.munitions/wet_ammo_storage.text_5,"To fix this, damp propellant must be left to dry, and cannot be dried in a furnace like wet sponges.","Чтобы исправить это, влажному пороху нужно дать высохнуть, и его нельзя сушить в печи, как мокрые губки.",true,cbc_going_ballistic-0.3.1.jar; createbigcannons-5.11.7+mc.1.21.1.jar
createbigcannons,translated,createbigcannons.ponder.munitions/wet_ammo_storage.text_6,"However, propellant placed in hot places like the Nether will instantly dry, similar to wet sponges.","Однако порох, размещённый в горячих местах, например в Нижнем мире, мгновенно высыхает, как мокрые губки.",true,cbc_going_ballistic-0.3.1.jar; createbigcannons-5.11.7+mc.1.21.1.jar
createbigcannons,translated,createbigcannons.ponder.tag.cannon_crafting,Cannon Crafting,Изготовление пушек,true,cbc_going_ballistic-0.3.1.jar; createbigcannons-5.11.7+mc.1.21.1.jar
createbigcannons,translated,createbigcannons.ponder.tag.cannon_crafting.description,How to manufacture cannons of different sizes and calibers,Как изготавливать пушки разных размеров и калибров,true,cbc_going_ballistic-0.3.1.jar; createbigcannons-5.11.7+mc.1.21.1.jar
createbigcannons,translated,createbigcannons.ponder.tag.munitions,Munitions,Боеприпасы,true,cbc_going_ballistic-0.3.1.jar; createbigcannons-5.11.7+mc.1.21.1.jar
createbigcannons,translated,createbigcannons.ponder.tag.munitions.description,"Blocks and items used by cannons, and what they can do","Блоки и предметы, используемые пушками, и что они умеют",true,cbc_going_ballistic-0.3.1.jar; createbigcannons-5.11.7+mc.1.21.1.jar
createbigcannons,translated,createbigcannons.ponder.tag.operating_cannons,Operating Cannons,Управление пушками,true,cbc_going_ballistic-0.3.1.jar; createbigcannons-5.11.7+mc.1.21.1.jar
createbigcannons,translated,createbigcannons.ponder.tag.operating_cannons.description,How to use cannons safely and effectively,Как безопасно и эффективно использовать пушки,true,cbc_going_ballistic-0.3.1.jar; createbigcannons-5.11.7+mc.1.21.1.jar
createdieselgenerators,translated,createdieselgenerators.ponder.automatic_turret.header,Automatically controlling turrets,Автоматическое управление турелями,true,createdieselgenerators-1.21.1-1.3.15.jar
createdieselgenerators,translated,createdieselgenerators.ponder.automatic_turret.text_1,Turrets can also be controlled by mobs.,Турели также могут управляться мобами.,true,createdieselgenerators-1.21.1-1.3.15.jar
createdieselgenerators,translated,createdieselgenerators.ponder.automatic_turret.text_2,"Simply add an entity filter, into the filter slot of the turret ...",Просто добавьте фильтр сущностей в слот фильтра турели ...,true,createdieselgenerators-1.21.1-1.3.15.jar
createdieselgenerators,translated,createdieselgenerators.ponder.automatic_turret.text_3,"... the turret operator will shoot any mobs, that match the filter.","... оператор турели будет стрелять по любым мобам, которые соответствуют фильтру.",true,createdieselgenerators-1.21.1-1.3.15.jar
createdieselgenerators,translated,createdieselgenerators.ponder.basin_fermenting_station.header,Setting up a Basin Processing Station,Настройка станции переработки в чаше,true,createdieselgenerators-1.21.1-1.3.15.jar
createdieselgenerators,translated,createdieselgenerators.ponder.basin_fermenting_station.text_1,Basin Lids allow you to process fluids and items into other fluids and items.,Крышка чаши позволяет перерабатывать жидкости и предметы в другие жидкости и предметы.,true,createdieselgenerators-1.21.1-1.3.15.jar
createdieselgenerators,translated,createdieselgenerators.ponder.basin_fermenting_station.text_2,Once you give it the required ingredients ...,Как только вы дадите необходимые ингредиенты ...,true,createdieselgenerators-1.21.1-1.3.15.jar
createdieselgenerators,translated,createdieselgenerators.ponder.basin_fermenting_station.text_3,... The Basin Processing Station will start processing them.,... Станция переработки в чаше начнет их переработку.,true,createdieselgenerators-1.21.1-1.3.15.jar
createdieselgenerators,translated,createdieselgenerators.ponder.burner.header,Setting up a Burner,Настройка горелки,true,createdieselgenerators-1.21.1-1.3.15.jar
createdieselgenerators,translated,createdieselgenerators.ponder.burner.text_1,Burners can provide Heat to items processed in a Basin,"Горелки могут обеспечивать тепло для предметов, перерабатываемых в чаше.",true,createdieselgenerators-1.21.1-1.3.15.jar
createdieselgenerators,translated,createdieselgenerators.ponder.burner.text_2,The burner needs to be fed a flammable liquid,Горелка должна быть обеспечена горючей жидкостью.,true,createdieselgenerators-1.21.1-1.3.15.jar
createdieselgenerators,translated,createdieselgenerators.ponder.burner.text_3,The burners burn rate can be controlled with a valve,Скорость сгорания горелок можно контролировать с помощью клапана.,true,createdieselgenerators-1.21.1-1.3.15.jar
createdieselgenerators,translated,createdieselgenerators.ponder.chemical_turret.header,Setting up a chemical turret,Настройка химической турели,true,createdieselgenerators-1.21.1-1.3.15.jar
createdieselgenerators,translated,createdieselgenerators.ponder.chemical_turret.text_1,Chemical turrets are standalone versions of chemical sprayers.,Химические турели являются автономными версиями химических распылителей.,true,createdieselgenerators-1.21.1-1.3.15.jar
createdieselgenerators,translated,createdieselgenerators.ponder.chemical_turret.text_2,"They need to be supplied with a fluid, and powered by a cogwheel.",Им необходимо обеспечить жидкостью и питать их шестерней.,true,createdieselgenerators-1.21.1-1.3.15.jar
createdieselgenerators,translated,createdieselgenerators.ponder.chemical_turret.text_3,"When powered with redstone, the turret will start spraying with the fluid in its tank.","Когда они получают питание от редстоуна, турель начнет распылять жидкость из своего бака.",true,createdieselgenerators-1.21.1-1.3.15.jar
createdieselgenerators,translated,createdieselgenerators.ponder.chemical_turret.text_4,Additionally they can be upgraded with a lighter.,"Кроме того, их можно улучшить с помощью зажигалки.",true,createdieselgenerators-1.21.1-1.3.15.jar
createdieselgenerators,translated,createdieselgenerators.ponder.diesel_engine.header,Setting up a Diesel Engine,Настройка дизельного двигателя,true,createdieselgenerators-1.21.1-1.3.15.jar
createdieselgenerators,translated,createdieselgenerators.ponder.diesel_engine.text_1,Diesel Engines provide a compact way of generating kinetic energy.,Дизельные двигатели - это компактный способ генерации кинетической энергии.,true,createdieselgenerators-1.21.1-1.3.15.jar
createdieselgenerators,translated,createdieselgenerators.ponder.diesel_engine.text_2,"Once you give the engine some fuel, it will start generating rotational force.","Как только вы дадите двигателю топливо, он начнет генерировать вращающую силу.",true,createdieselgenerators-1.21.1-1.3.15.jar
createdieselgenerators,translated,createdieselgenerators.ponder.diesel_engine.text_3,Engines can be stopped with a redstone signal,Двигатели можно остановить с помощью сигнала редстоуна.,true,createdieselgenerators-1.21.1-1.3.15.jar
createdieselgenerators,translated,createdieselgenerators.ponder.diesel_engine.text_4,You can also add upgrades on diesel engines,Вы также можете добавлять улучшения к дизельным двигателям.,true,createdieselgenerators-1.21.1-1.3.15.jar
createdieselgenerators,translated,createdieselgenerators.ponder.distillation_tower.header,Setting up a Distillation Tower,Настройка дистилляционной башни,true,createdieselgenerators-1.21.1-1.3.15.jar
createdieselgenerators,translated,createdieselgenerators.ponder.distillation_tower.text_1,Apply a Distillation Controller to a at least 3 block tall Fluid tank to create a Distillation Tower.,"Примените контроллер дистилляции к баку жидкости, чтобы создать дистилляционную башню.",true,createdieselgenerators-1.21.1-1.3.15.jar
createdieselgenerators,translated,createdieselgenerators.ponder.distillation_tower.text_2,Distillation Towers process fluids by distilling them,"Дистилляционные башни перерабатывают жидкости, дистиллируя их.",true,createdieselgenerators-1.21.1-1.3.15.jar
createdieselgenerators,translated,createdieselgenerators.ponder.distillation_tower.text_3,Pump in your ingredient at the bottom level,Залейте ваш ингредиент на нижнем уровне.,true,createdieselgenerators-1.21.1-1.3.15.jar
createdieselgenerators,translated,createdieselgenerators.ponder.distillation_tower.text_4,Once you give the distiller the required heat level...,Как только вы дадите дистиллятору необходимый уровень тепла ...,true,createdieselgenerators-1.21.1-1.3.15.jar
createdieselgenerators,translated,createdieselgenerators.ponder.distillation_tower.text_5,... The distillation tower will start processing,... дистилляционная башня начнет переработку.,true,createdieselgenerators-1.21.1-1.3.15.jar
createdieselgenerators,translated,createdieselgenerators.ponder.distillation_tower.text_6,Distillation Towers can have windows.,Дистилляционные башни могут иметь окна.,true,createdieselgenerators-1.21.1-1.3.15.jar
createdieselgenerators,translated,createdieselgenerators.ponder.huge_diesel_engine.header,Setting up a Diesel Engine,Настройка дизельного двигателя,true,createdieselgenerators-1.21.1-1.3.15.jar
createdieselgenerators,translated,createdieselgenerators.ponder.huge_diesel_engine.text_1,Huge Diesel Engines connect to Shafts ...,Огромные дизельные двигатели подключаются к валам ...,true,createdieselgenerators-1.21.1-1.3.15.jar
createdieselgenerators,translated,createdieselgenerators.ponder.huge_diesel_engine.text_2,"... they will start generating Kinetic Energy, once you give them some fuel.","... они начнут генерировать кинетическую энергию, как только вы дадите им топливо.",true,createdieselgenerators-1.21.1-1.3.15.jar
createdieselgenerators,translated,createdieselgenerators.ponder.large_diesel_engine.header,Setting up a Modular Diesel Engine,Настройка модульного дизельного двигателя,true,createdieselgenerators-1.21.1-1.3.15.jar
createdieselgenerators,translated,createdieselgenerators.ponder.large_diesel_engine.text_1,Modular Diesel Generators function like normal Diesel generators.,Модульные дизельные генераторы функционируют как обычные дизельные генераторы.,true,createdieselgenerators-1.21.1-1.3.15.jar
createdieselgenerators,translated,createdieselgenerators.ponder.large_diesel_engine.text_2,"Once you give them some fuel, they will produce Kinetic Energy ...","Как только вы дадите им топливо, они будут производить кинетическую энергию ...",true,createdieselgenerators-1.21.1-1.3.15.jar
createdieselgenerators,translated,createdieselgenerators.ponder.large_diesel_engine.text_3,... They can be stacked.,... Их можно складывать.,true,createdieselgenerators-1.21.1-1.3.15.jar
createdieselgenerators,translated,createdieselgenerators.ponder.large_diesel_engine.text_4,They will generate stress proportionally to how much engines you stack.,"Они будут генерировать напряжение пропорционально количеству двигателей, которые вы складываете.",true,createdieselgenerators-1.21.1-1.3.15.jar
createdieselgenerators,translated,createdieselgenerators.ponder.oil_chunk.header,Finding an Oil Chunk,Поиск нефтяного куска,true,createdieselgenerators-1.21.1-1.3.15.jar
createdieselgenerators,translated,createdieselgenerators.ponder.oil_chunk.text_1,"Beneath the surface, some chunks hide Crude Oil deposits",Под поверхностью некоторые чанки скрывают запасы сырой нефти.,true,createdieselgenerators-1.21.1-1.3.15.jar
createdieselgenerators,translated,createdieselgenerators.ponder.oil_chunk.text_2,"To find these Chunks, you'll need to use an Oil Scanner","Чтобы найти эти чанки, вам нужно использовать сканер нефти.",true,createdieselgenerators-1.21.1-1.3.15.jar
createdieselgenerators,translated,createdieselgenerators.ponder.oil_chunk.text_3,Right-click the Oil Scanner to see how much oil is in the chunk,"Щелкните правой кнопкой мыши на сканере нефти, чтобы увидеть, сколько нефти в чанке.",true,createdieselgenerators-1.21.1-1.3.15.jar
createdieselgenerators,translated,createdieselgenerators.ponder.oil_chunk.text_4,"Additionally, different Biomes will have different levels of Crude Oil","Кроме того, разные биомы будут иметь разные уровни сырой нефти.",true,createdieselgenerators-1.21.1-1.3.15.jar
createdieselgenerators,translated,createdieselgenerators.ponder.oil_chunk.text_5,You can extract the Crude Oil with a pumpjack,Вы можете извлечь сырую нефть с помощью насосной установки.,true,createdieselgenerators-1.21.1-1.3.15.jar
createdieselgenerators,translated,createdieselgenerators.ponder.pumpjack.header,Setting up a Pumpjack,Настройка насосной установки,true,createdieselgenerators-1.21.1-1.3.15.jar
createdieselgenerators,translated,createdieselgenerators.ponder.pumpjack.text_1,Every Pumpjack needs a Pumpjack Bearing,Каждая насосная установка нуждается в опоре насосной установки.,true,createdieselgenerators-1.21.1-1.3.15.jar
createdieselgenerators,translated,createdieselgenerators.ponder.pumpjack.text_10,Once you assemble the contraption ...,Как только вы соберете конструкцию ...,true,createdieselgenerators-1.21.1-1.3.15.jar
createdieselgenerators,translated,createdieselgenerators.ponder.pumpjack.text_11,... you can extract the crude oil with a Mechanical Pump.,... вы можете извлечь сырую нефть с помощью механического насоса.,true,createdieselgenerators-1.21.1-1.3.15.jar
createdieselgenerators,translated,createdieselgenerators.ponder.pumpjack.text_2,"Next, build the body of the Pumpjack",Затем постройте корпус насосной установки,true,createdieselgenerators-1.21.1-1.3.15.jar
createdieselgenerators,translated,createdieselgenerators.ponder.pumpjack.text_3,Attach a Pumpjack Head ...,Прикрепите головку насосной установки ...,true,createdieselgenerators-1.21.1-1.3.15.jar
createdieselgenerators,translated,createdieselgenerators.ponder.pumpjack.text_4,... and another Pumpjack Bearing,... и еще один подшипник насосной установки,true,createdieselgenerators-1.21.1-1.3.15.jar
createdieselgenerators,translated,createdieselgenerators.ponder.pumpjack.text_5,Don't forget to glue the contraption!,Не забудьте склеить конструкцию!,true,createdieselgenerators-1.21.1-1.3.15.jar
createdieselgenerators,translated,createdieselgenerators.ponder.pumpjack.text_6,"To power the Pumpjack, you'll need to use a Pumpjack Crank.","Чтобы запитать насосную установку, вам понадобится вращающаяся часть станка.",true,createdieselgenerators-1.21.1-1.3.15.jar
createdieselgenerators,translated,createdieselgenerators.ponder.pumpjack.text_7,"To start extracting Crude Oil from the chunk, you'll need to excavate a hole below the pumpjack head","Чтобы начать добычу сырой нефти из участка, вам нужно выкопать яму под головкой насосной установки",true,createdieselgenerators-1.21.1-1.3.15.jar
createdieselgenerators,translated,createdieselgenerators.ponder.pumpjack.text_8,"Place a straight, vertical pipe going all the way to bedrock ...","Установите прямую вертикальную трубу, идущую до основания ...",true,createdieselgenerators-1.21.1-1.3.15.jar
createdieselgenerators,translated,createdieselgenerators.ponder.pumpjack.text_9,"... finally, attach a Pumpjack Hole","... наконец, прикрепите отверстие насосной установки",true,createdieselgenerators-1.21.1-1.3.15.jar
createfirefightingadd,translated,createfirefightingadd.ponder.bucket_controller_large_area_spray.header,Bucket Controller large-area spray,Водосброс на большую площадь,true,createfirefightingadd-0.2.3-beta.jar
createfirefightingadd,translated,createfirefightingadd.ponder.bucket_controller_large_area_spray.text_1,"Bucket Controllers are used for large-area fire suppression, usually supplied by a Water Intake.",Контроллеры водосброса применяются для тушения пожаров на большой площади и обычно снабжаются водозаборником.,true,createfirefightingadd-0.2.3-beta.jar
createfirefightingadd,translated,createfirefightingadd.ponder.bucket_controller_large_area_spray.text_2,Apply redstone to activate the downward spray.,"Подайте сигнал красного камня, чтобы включить распыление вниз.",true,createfirefightingadd-0.2.3-beta.jar
createfirefightingadd,translated,createfirefightingadd.ponder.bucket_controller_large_area_spray.text_3,The falling stream covers a wide area below the controller.,Падающий поток накрывает широкую область под контроллером.,true,createfirefightingadd-0.2.3-beta.jar
createfirefightingadd,translated,createfirefightingadd.ponder.bucket_controller_large_area_spray.text_4,Use the side value setting to adjust spray height. Higher settings narrow the cone.,"Боковой настройкой значения изменяется высота распыления. Чем она выше, тем уже конус.",true,createfirefightingadd-0.2.3-beta.jar
createfirefightingadd,translated,createfirefightingadd.ponder.fire_hose_bracket_routing.header,Routing Fire Hoses with brackets,Прокладка пожарных рукавов кронштейнами,true,createfirefightingadd-0.2.3-beta.jar
createfirefightingadd,translated,createfirefightingadd.ponder.fire_hose_bracket_routing.text_1,Hold a Wooden or Metal Bracket and right-click two adjacent nodes on the same Fire Hose in sequence.,Возьмите деревянный или металлический кронштейн и по очереди нажмите ПКМ по двум соседним узлам одного пожарного рукава.,true,createfirefightingadd-0.2.3-beta.jar
createfirefightingadd,translated,createfirefightingadd.ponder.fire_hose_bracket_routing.text_2,"After selecting the second node, right-click to place a bracket and insert it into that hose segment.","После выбора второго узла нажмите ПКМ, чтобы установить кронштейн на этот участок рукава.",true,createfirefightingadd-0.2.3-beta.jar
createfirefightingadd,translated,createfirefightingadd.ponder.fire_hose_bracket_routing.text_3,The bracket has a value dial. Use a Wrench and scroll it to adjust the hose angle from -90 degrees to 90 degrees.,"На кронштейне есть шкала значения. Возьмите гаечный ключ и прокрутите колёсико над шкалой, чтобы изменить угол рукава от −90 до 90 градусов.",true,createfirefightingadd-0.2.3-beta.jar
createfirefightingadd,translated,createfirefightingadd.ponder.fire_hose_connection_and_relay.header,Fire Hose connection and relay,Подключение и передача через пожарный рукав,true,createfirefightingadd-0.2.3-beta.jar
createfirefightingadd,translated,createfirefightingadd.ponder.fire_hose_connection_and_relay.text_1,"Fire Hoses carry fluid when driven by an external pump, even across moving physical structures.",Пожарные рукава переносят жидкость под давлением внешнего насоса даже между движущимися физическими конструкциями.,true,createfirefightingadd-0.2.3-beta.jar
createfirefightingadd,translated,createfirefightingadd.ponder.fire_hose_connection_and_relay.text_2,"The hose inherits the pump range: distance from pump to hose plus distance behind the output hose equals the pump's total range. Non-Create pumps are supported, but may have compatibility issues.","Рукав наследует дальность насоса: сумма расстояния от насоса до рукава и расстояния за выходным рукавом не может превышать общую дальность насоса. Сторонние насосы поддерживаются, но возможны проблемы совместимости.",true,createfirefightingadd-0.2.3-beta.jar
createfirefightingadd,translated,createfirefightingadd.ponder.fire_hose_connection_and_relay.text_3,"Try using different dyes to color the hose, or use a Phantom Membrane to hide its flexible section.","Красители меняют цвет рукава, а мембрана фантома скрывает его гибкую часть.",true,createfirefightingadd-0.2.3-beta.jar
createfirefightingadd,translated,createfirefightingadd.ponder.fire_hose_connector_modes_and_reconnection.header,Fire Hose Connector modes and reconnection,Режимы и повторное подключение соединителя,true,createfirefightingadd-0.2.3-beta.jar
createfirefightingadd,translated,createfirefightingadd.ponder.fire_hose_connector_modes_and_reconnection.text_1,"Fire Hose Connectors have three modes: Idle, Fixed, and Free.","У соединителя пожарного рукава есть три режима: ожидания, фиксации и свободного подключения.",true,createfirefightingadd-0.2.3-beta.jar
createfirefightingadd,translated,createfirefightingadd.ponder.fire_hose_connector_modes_and_reconnection.text_2,"In Idle mode, a redstone pulse highlights the cached partner endpoint. With no cached endpoint, it reports that the cached endpoint is missing and does not connect.","В режиме ожидания импульс красного камня подсвечивает сохранённый второй конец. Если он не сохранён, соединитель сообщает об отсутствии конца и не подключается.",true,createfirefightingadd-0.2.3-beta.jar
createfirefightingadd,translated,createfirefightingadd.ponder.fire_hose_connector_modes_and_reconnection.text_3,Fixed mode remembers the last connected hose endpoint and tries to restore that saved connection while it is still in range.,"Фиксированный режим запоминает последний подключённый конец рукава и пытается восстановить соединение, пока тот остаётся в пределах дальности.",true,createfirefightingadd-0.2.3-beta.jar
createfirefightingadd,translated,createfirefightingadd.ponder.fire_hose_connector_modes_and_reconnection.text_4,"When a hose is already connected, signal the Fire Hose Connector again to disconnect it.","Если рукав уже подключён, подайте на соединитель новый сигнал, чтобы отключить его.",true,createfirefightingadd-0.2.3-beta.jar
createfirefightingadd,translated,createfirefightingadd.ponder.fire_hose_connector_modes_and_reconnection.text_5,"If there is no saved endpoint, or the saved endpoint is missing or too far away, Fixed mode will not choose a different endpoint.","Если сохранённого конца нет, он пропал или находится слишком далеко, фиксированный режим не станет выбирать другой конец.",true,createfirefightingadd-0.2.3-beta.jar
createfirefightingadd,translated,createfirefightingadd.ponder.fire_hose_connector_modes_and_reconnection.text_6,Free mode scans nearby space and connects to the nearest available hose endpoint it can find.,Свободный режим ищет вокруг и подключается к ближайшему доступному концу рукава.,true,createfirefightingadd-0.2.3-beta.jar
createfirefightingadd,translated,createfirefightingadd.ponder.fire_hydrant_cabinet_handheld_nozzle_operation.header,Using a Fire Hydrant Cabinet,Использование шкафа пожарного гидранта,true,createfirefightingadd-0.2.3-beta.jar
createfirefightingadd,translated,createfirefightingadd.ponder.fire_hydrant_cabinet_handheld_nozzle_operation.text_1,"The cabinet UI accepts a Fire Hose, a nozzle, and an empty bucket.","В интерфейс шкафа можно поместить пожарный рукав, насадку и пустое ведро.",true,createfirefightingadd-0.2.3-beta.jar
createfirefightingadd,translated,createfirefightingadd.ponder.fire_hydrant_cabinet_handheld_nozzle_operation.text_2,"A cabinet with a hose, a nozzle, and fluid can serve a Handheld Nozzle Controller.","Шкаф с рукавом, насадкой и жидкостью может снабжать контроллер ручной насадки.",true,createfirefightingadd-0.2.3-beta.jar
createfirefightingadd,translated,createfirefightingadd.ponder.fire_hydrant_cabinet_handheld_nozzle_operation.text_3,Sneak-use the cabinet with an empty controller to bind it.,"Используйте шкаф крадучись с пустым контроллером в руке, чтобы привязать его.",true,createfirefightingadd-0.2.3-beta.jar
createfirefightingadd,translated,createfirefightingadd.ponder.fire_hydrant_cabinet_handheld_nozzle_operation.text_4,"The bound controller becomes a handheld nozzle, linked back to the cabinet by a hose.","Привязанный контроллер становится ручной насадкой, соединённой со шкафом рукавом.",true,createfirefightingadd-0.2.3-beta.jar
createfirefightingadd,translated,createfirefightingadd.ponder.fire_hydrant_cabinet_handheld_nozzle_operation.text_5,Hold attack to spray using the cabinet's stored fluid and installed nozzle.,"Удерживайте кнопку атаки, чтобы распылять запасённую в шкафу жидкость через установленную насадку.",true,createfirefightingadd-0.2.3-beta.jar
createfirefightingadd,translated,createfirefightingadd.ponder.fluid_flow_meter_flow_and_pressure.header,Monitoring fluid information using the Flow Meter,Контроль расхода и давления жидкости,true,createfirefightingadd-0.2.3-beta.jar
createfirefightingadd,translated,createfirefightingadd.ponder.fluid_flow_meter_flow_and_pressure.text_1,The Flow Meter displays fluid information from the pipe it is installed in.,"Расходомер показывает сведения о жидкости в трубе, в которую он установлен.",true,createfirefightingadd-0.2.3-beta.jar
createfirefightingadd,translated,createfirefightingadd.ponder.fluid_flow_meter_flow_and_pressure.text_2,"When wearing Engineer's Goggles, the player can read the pump speed, pressure, estimated flow rate, and fluid type.","В инженерных очках видны скорость насоса, давление, расчётный расход и тип жидкости.",true,createfirefightingadd-0.2.3-beta.jar
createfirefightingadd,translated,createfirefightingadd.ponder.fluid_flow_meter_flow_and_pressure.text_3,"Here, the source pump runs at 16 RPM. The gauge reads pressure 16.0, estimated flow rate 8.0 mB/t, and Water.","Здесь насос источника работает на 16 об/мин. Прибор показывает давление 16,0, расчётный расход 8,0 мБ/т и воду.",true,createfirefightingadd-0.2.3-beta.jar
createfirefightingadd,translated,createfirefightingadd.ponder.high_pressure_pump_range_and_pressure.header,High Pressure Pump range and pressure,Дальность и давление насоса высокого давления,true,createfirefightingadd-0.2.3-beta.jar
createfirefightingadd,mixed_script,createfirefightingadd.ponder.high_pressure_pump_range_and_pressure.text_1,High Pressure Pumps scale Create's mechanical pump behaviour.,Насосы высокого давления усиливают действие механического насоса Create.,true,createfirefightingadd-0.2.3-beta.jar
createfirefightingadd,translated,createfirefightingadd.ponder.high_pressure_pump_range_and_pressure.text_2,The amplification multiplier increases the pipe distance reached by pressure.,"Множитель усиления увеличивает расстояние, на которое давление распространяется по трубам.",true,createfirefightingadd-0.2.3-beta.jar
createfirefightingadd,mixed_script,createfirefightingadd.ponder.high_pressure_pump_range_and_pressure.text_3,"At the default multiplier of 2x, a 16 block Create range becomes 32 blocks.",При стандартном множителе 2× обычная дальность Create в 16 блоков увеличивается до 32 блоков.,true,createfirefightingadd-0.2.3-beta.jar
createfirefightingadd,translated,createfirefightingadd.ponder.high_pressure_pump_range_and_pressure.text_4,"The same multiplier also scales pump pressure, allowing higher flow speeds.","Тот же множитель повышает давление насоса, обеспечивая более высокую скорость потока.",true,createfirefightingadd-0.2.3-beta.jar
createfirefightingadd,mixed_script,createfirefightingadd.ponder.high_pressure_pump_range_and_pressure.text_5,Change HighPressurePump.amplificationMultiplier in the server config to tune both values together.,Параметр HighPressurePump.amplificationMultiplier в настройках сервера изменяет оба значения одновременно.,true,createfirefightingadd-0.2.3-beta.jar
createfirefightingadd,translated,createfirefightingadd.ponder.nozzle_basic_spray.header,Nozzle types and fluid input,Типы насадок и подача жидкости,true,createfirefightingadd-0.2.3-beta.jar
createfirefightingadd,translated,createfirefightingadd.ponder.nozzle_basic_spray.text_1,"Cone Nozzles spread a rounded stream, while Flat Spray Nozzles make a wider sheet.","Конусные насадки создают округлую струю, а плоскоструйные — более широкий плоский поток.",true,createfirefightingadd-0.2.3-beta.jar
createfirefightingadd,translated,createfirefightingadd.ponder.nozzle_basic_spray.text_2,Feed a nozzle with fluid through pipes. Creative tanks are used here as compact examples.,Подавайте жидкость в насадку по трубам. Творческие жидкостные баки здесь используются как компактный пример.,true,createfirefightingadd-0.2.3-beta.jar
createfirefightingadd,translated,createfirefightingadd.ponder.nozzle_basic_spray.text_3,"Water, milk, potions, lava, flammable fuels, and dragon breath each use their own spray behaviour.","Вода, молоко, зелья, лава, горючее топливо и драконье дыхание распыляются по-разному.",true,createfirefightingadd-0.2.3-beta.jar
createfirefightingadd,translated,createfirefightingadd.ponder.nozzle_fire_and_processing.header,Nozzle interactions,Взаимодействия насадки,true,createfirefightingadd-0.2.3-beta.jar
createfirefightingadd,translated,createfirefightingadd.ponder.nozzle_fire_and_processing.text_1,Sprays can push entities along the stream.,Струи могут толкать сущности по направлению потока.,true,createfirefightingadd-0.2.3-beta.jar
createfirefightingadd,mixed_script,createfirefightingadd.ponder.nozzle_fire_and_processing.text_2,Items on Depots and dropped items can be processed by matching Create fan recipes.,Предметы на депо и выброшенные предметы обрабатываются по подходящим рецептам вентилятора Create.,true,createfirefightingadd-0.2.3-beta.jar
createfirefightingadd,translated,createfirefightingadd.ponder.nozzle_fire_and_processing.text_3,Water extinguishes fires and campfires in the visible spray path.,"Вода тушит огонь и костры, попавшие в видимую область распыления.",true,createfirefightingadd-0.2.3-beta.jar
createfirefightingadd,translated,createfirefightingadd.ponder.nozzle_fire_and_processing.text_4,"Walls block spray effects, so protected flames behind the glass remain untouched.","Стены блокируют действие струи, поэтому защищённое стеклом пламя не гаснет.",true,createfirefightingadd-0.2.3-beta.jar
createfirefightingadd,translated,createfirefightingadd.ponder.nozzle_fluid_variants.header,Fluid-specific spray effects,Эффекты распыления разных жидкостей,true,createfirefightingadd-0.2.3-beta.jar
createfirefightingadd,translated,createfirefightingadd.ponder.nozzle_fluid_variants.text_1,Change the stored fluid to change what the nozzle does.,Действие насадки зависит от хранящейся в ней жидкости.,true,createfirefightingadd-0.2.3-beta.jar
createfirefightingadd,translated,createfirefightingadd.ponder.nozzle_fluid_variants.text_2,"Lava and ignited fuels use heated processing, light fires, and melt snow or ice.","Лава и воспламенённое топливо выполняют горячую обработку, зажигают огонь и плавят снег или лёд.",true,createfirefightingadd-0.2.3-beta.jar
createfirefightingadd,mixed_script,createfirefightingadd.ponder.nozzle_fluid_variants.text_3,"With Create: Dragons Plus installed, dragon breath gains its own particles and processing type.","Если установлен Create: Dragons Plus, драконье дыхание получает собственные частицы и тип обработки.",true,createfirefightingadd-0.2.3-beta.jar
createfirefightingadd,translated,createfirefightingadd.ponder.pipeline_turbine_flow_to_rotation.header,Pipeline Turbine pipe networks,Трубопроводная турбина в сети труб,true,createfirefightingadd-0.2.3-beta.jar
createfirefightingadd,mixed_script,createfirefightingadd.ponder.pipeline_turbine_flow_to_rotation.text_1,"Pipeline Turbines read pressure from their own Create pipe network. Here, the source pump provides speed 32, so the pipe pressure is 32.","Трубопроводная турбина считывает давление своей сети труб Create. Здесь исходный насос работает со скоростью 32 об/мин, поэтому давление в трубе равно 32.",true,createfirefightingadd-0.2.3-beta.jar
createfirefightingadd,mixed_script,createfirefightingadd.ponder.pipeline_turbine_flow_to_rotation.text_2,Speedometer A reads 32 RPM. A turbine's output speed equals the source pump speed.,Спидометр A показывает 32 об/мин. Выходная скорость турбины равна скорости исходного насоса.,true,createfirefightingadd-0.2.3-beta.jar
createfirefightingadd,mixed_script,createfirefightingadd.ponder.pipeline_turbine_flow_to_rotation.text_3,"Stressometer A reads 48 SU. The source pump consumes 128 SU; 128 x 0.75 = 96 SU total output, split evenly between A and B.","Стрессометр A показывает 48 ЕН. Исходный насос потребляет 128 ЕН; 128 × 0,75 = 96 ЕН общей выработки, поровну разделённой между A и B.",true,createfirefightingadd-0.2.3-beta.jar
createfirefightingadd,translated,createfirefightingadd.ponder.pipeline_turbine_flow_to_rotation.text_4,"The two Fire Hose endpoints are treated as different pipe networks. Fluid can pass through the connected hose, but pipe-network pressure does not cross it.","Два конца пожарного рукава считаются разными трубопроводными сетями. Жидкость проходит через соединённый рукав, но давление между сетями не передаётся.",true,createfirefightingadd-0.2.3-beta.jar
createfirefightingadd,mixed_script,createfirefightingadd.ponder.pipeline_turbine_flow_to_rotation.text_5,"Turbine C receives 0 pressure, so Speedometer B reads 0 RPM and Stressometer B reads 0 SU.","Турбина C получает нулевое давление, поэтому спидометр B показывает 0 об/мин, а стрессометр B — 0 ЕН.",true,createfirefightingadd-0.2.3-beta.jar
createfirefightingadd,translated,createfirefightingadd.ponder.water_intake_collection_and_binding.header,Water Intake collection and binding,Сбор воды и привязка водозаборника,true,createfirefightingadd-0.2.3-beta.jar
createfirefightingadd,translated,createfirefightingadd.ponder.water_intake_collection_and_binding.text_1,Water Intakes search nearby infinite water sources and can find water below moving contraptions.,"Водозаборники ищут поблизости бесконечные источники воды, в том числе под движущимися конструкциями.",true,createfirefightingadd-0.2.3-beta.jar
createfirefightingadd,translated,createfirefightingadd.ponder.water_intake_collection_and_binding.text_2,Right-click the intake while holding a Bucket Controller to bind them.,"Нажмите ПКМ по водозаборнику с контроллером водосброса в руке, чтобы связать их.",true,createfirefightingadd-0.2.3-beta.jar
createfirefightingadd,translated,createfirefightingadd.ponder.water_intake_collection_and_binding.text_3,The intake works only while it has both kinetic stress and a redstone signal.,"Водозаборник работает, только когда получает кинетическую нагрузку и сигнал красного камня.",true,createfirefightingadd-0.2.3-beta.jar
createfirefightingadd,translated,createfirefightingadd.ponder.water_intake_collection_and_binding.text_4,Bound Bucket Controllers are filled first.,Сначала заполняются привязанные контроллеры водосброса.,true,createfirefightingadd-0.2.3-beta.jar
createfirefightingadd,translated,createfirefightingadd.ponder.water_intake_collection_and_binding.text_5,"Once the bound controller is full, remaining water is pushed into the rear pipe network.",После заполнения привязанного контроллера оставшаяся вода поступает в сеть труб позади водозаборника.,true,createfirefightingadd-0.2.3-beta.jar
createfirefightingadd,translated,createfirefightingadd.ponder.water_intake_collection_and_binding.text_6,The connected tank receives the water after the controller has been supplied.,Подключённый резервуар получает воду после снабжения контроллера.,true,createfirefightingadd-0.2.3-beta.jar
createmobfarming,translated,createmobfarming.ponder.critterport.header,Transporting Mobs with Critterports,Перевозка мобов зверопортами,true,createmobfarming-1.1.0.jar
createmobfarming,translated,createmobfarming.ponder.critterport.text_1,A Critterport latches to the nearest chain within five blocks and hangs its cargo from it,Зверопорт цепляется к ближайшей цепи в радиусе пяти блоков и подвешивает к ней свой груз,true,createmobfarming-1.1.0.jar
createmobfarming,translated,createmobfarming.ponder.critterport.text_2,"Give every station an address, and give a sender the address to deliver to","Дайте каждой станции свой адрес, а отправителю — адрес доставки",true,createmobfarming-1.1.0.jar
createmobfarming,translated,createmobfarming.ponder.critterport.text_3,Pasture,Пастбище,true,createmobfarming-1.1.0.jar
createmobfarming,translated,createmobfarming.ponder.critterport.text_4,→ Pasture,→ Пастбище,true,createmobfarming-1.1.0.jar
createmobfarming,translated,createmobfarming.ponder.critterport.text_5,"A station takes whatever is in front of its mouth. It never sorts, so Mob Gates do that upstream","Станция забирает всё, что находится перед её зевом. Она ничего не сортирует — это заранее делают ворота для мобов",true,createmobfarming-1.1.0.jar
createmobfarming,translated,createmobfarming.ponder.critterport.text_6,"Mobs travel as themselves, hanging from the chain and swinging as it hauls them along","Мобы путешествуют сами собой: висят на цепи и раскачиваются, пока она их тащит",true,createmobfarming-1.1.0.jar
createmobfarming,translated,createmobfarming.ponder.critterport.text_7,The station answering to that address sets the mob down on the block it faces,"Станция, отвечающая на этот адрес, ставит моба на блок, на который направлена",true,createmobfarming-1.1.0.jar
createmobfarming,translated,createmobfarming.ponder.critterport.text_8,Redstone power switches a station off,Сигнал редстоуна выключает станцию,true,createmobfarming-1.1.0.jar
createmobfarming,translated,createmobfarming.ponder.critterport.text_9,"A station that cannot deliver refuses to load, so a jam queues livestock instead of losing it","Станция, которая не может выгрузить моба, отказывается загружать новых: скот ждёт в очереди, а не пропадает",true,createmobfarming-1.1.0.jar
createmobfarming,translated,createmobfarming.ponder.entity_observer.header,Counting Mobs with Entity Observers,Подсчёт мобов наблюдателями сущностей,true,createmobfarming-1.1.0.jar
createmobfarming,translated,createmobfarming.ponder.entity_observer.text_1,An Entity Observer counts the mobs inside the box in front of the face it points through,"Наблюдатель сущностей считает мобов в зоне перед гранью, на которую направлен",true,createmobfarming-1.1.0.jar
createmobfarming,translated,createmobfarming.ponder.entity_observer.text_2,"One Entity Filter decides what counts. Without one, every mob does","Один фильтр сущностей решает, что считать. Без него считается каждый моб",true,createmobfarming-1.1.0.jar
createmobfarming,translated,createmobfarming.ponder.entity_observer.text_3,"A comparator reads that count off it, one signal level per matching mob",Компаратор считывает это число: один уровень сигнала за подходящего моба,true,createmobfarming-1.1.0.jar
createmobfarming,translated,createmobfarming.ponder.entity_observer.text_4,"The pig is not on the filter and the far cow is outside the box, so neither is counted","Свинья не в фильтре, а дальняя корова вне зоны — ни одна не посчитана",true,createmobfarming-1.1.0.jar
createmobfarming,translated,createmobfarming.ponder.entity_observer.text_5,"Its screen sets how far it looks, and how many mobs read as a full signal of 15",На его экране задаётся дальность обзора и число мобов для полного сигнала 15,true,createmobfarming-1.1.0.jar
createmobfarming,translated,createmobfarming.ponder.entity_observer.text_6,"A pen that has filled up can then shut its own Mob Gate, pause a breeder or raise an alarm","Заполнившийся загон может сам закрыть свои ворота, приостановить разведение или поднять тревогу",true,createmobfarming-1.1.0.jar
createmobfarming,translated,createmobfarming.ponder.mechanical_blade.header,Farming Mobs with Mechanical Blades,Добыча с мобов механическими лезвиями,true,createmobfarming-1.1.0.jar
createmobfarming,translated,createmobfarming.ponder.mechanical_blade.text_1,The exposed cutter bank is the Blade's only dangerous face,Открытый ряд резцов — единственная опасная грань лезвия,true,createmobfarming-1.1.0.jar
createmobfarming,translated,createmobfarming.ponder.mechanical_blade.text_2,Placed Blades are inert; they attack only while moving forward on a Contraption,"Установленные блоком лезвия инертны: они атакуют, только двигаясь вперёд на конструкции",true,createmobfarming-1.1.0.jar
createmobfarming,translated,createmobfarming.ponder.mechanical_blade.text_3,"At the same RPM, a Blade farther from the axis travels faster and deals more damage",При тех же об/мин лезвие дальше от оси движется быстрее и наносит больше урона,true,createmobfarming-1.1.0.jar
createmobfarming,translated,createmobfarming.ponder.mechanical_blade.text_4,Enchant the Blade before placement for effects such as Looting and Fire Aspect,"Зачаруйте лезвие до установки — например, на Добычу или Заговор огня",true,createmobfarming-1.1.0.jar
createmobfarming,translated,createmobfarming.ponder.mechanical_blade.text_5,Direct-kill drops and Nuggets of Experience enter mounted storage,Дроп прямого убийства и самородки опыта попадают в хранилище конструкции,true,createmobfarming-1.1.0.jar
createmobfarming,translated,createmobfarming.ponder.mechanical_blade.text_6,"When mounted storage is full, overflow remains at the mob's position","Когда хранилище конструкции заполнено, излишки остаются на месте гибели моба",true,createmobfarming-1.1.0.jar
createmobfarming,translated,createmobfarming.ponder.mechanical_blade.text_7,Filter Contraption Controls with a Mechanical Blade to disable every Blade on the Contraption,"Задайте в управлении конструкцией фильтр с механическим лезвием, чтобы отключить все лезвия на конструкции",true,createmobfarming-1.1.0.jar
createmobfarming,translated,createmobfarming.ponder.mob_gate.header,Sorting Mobs with Mob Gates,Сортировка мобов воротами для мобов,true,createmobfarming-1.1.0.jar
createmobfarming,mixed_script,createmobfarming.ponder.mob_gate.text_1,"Mob Gates placed together form one larger gate, up to 3x3","Поставленные рядом ворота для мобов образуют одни большие ворота, вплоть до 3x3",true,createmobfarming-1.1.0.jar
createmobfarming,translated,createmobfarming.ponder.mob_gate.text_2,"One Entity Filter configures the whole gate. Without one, every mob passes",Один фильтр сущностей настраивает всю конструкцию. Без него проходит любой моб,true,createmobfarming-1.1.0.jar
createmobfarming,translated,createmobfarming.ponder.mob_gate.text_3,Matching mobs fall straight through. Everything else stands on top,Подходящие мобы проваливаются прямо вниз. Все остальные остаются стоять сверху,true,createmobfarming-1.1.0.jar
createmobfarming,translated,createmobfarming.ponder.mob_gate.text_4,A calf keeps growing in the pen until it matches the filter itself,"Телёнок продолжает расти в загоне, пока сам не станет подходить под фильтр",true,createmobfarming-1.1.0.jar
createmobfarming,translated,createmobfarming.ponder.mob_gate.text_5,Redstone power locks the whole gate shut and ignores the filter until removed,"Сигнал редстоуна запирает всю конструкцию и игнорирует фильтр, пока не пропадёт",true,createmobfarming-1.1.0.jar
createoreexcavation,translated,createoreexcavation.ponder.drilling.header,Start drilling,Началом бурения,true,createoreexcavation-1.21-1.6.8-kjs181patch.jar
createoreexcavation,translated,createoreexcavation.ponder.drilling.text_1,Place a Drilling Machine or a Fluid Extractor to harvest the resources,Установите буровую установку или насосную буровую установку для сбора ресурсов,true,createoreexcavation-1.21-1.6.8-kjs181patch.jar
createoreexcavation,translated,createoreexcavation.ponder.drilling.text_2,Put in a Drill,Вставьте бур,true,createoreexcavation-1.21-1.6.8-kjs181patch.jar
createoreexcavation,translated,createoreexcavation.ponder.drilling.text_3,The machines require Rotational Force to operate,Для работы установки требуется вращательная сила,true,createoreexcavation-1.21-1.6.8-kjs181patch.jar
createoreexcavation,translated,createoreexcavation.ponder.drilling.text_4,Extract the results,Извлеките результаты,true,createoreexcavation-1.21-1.6.8-kjs181patch.jar
createoreexcavation,translated,createoreexcavation.ponder.drilling.text_5,Some ore veins require drilling fluid,Для некоторых рудных жил требуется буровой раствор,true,createoreexcavation-1.21-1.6.8-kjs181patch.jar
createoreexcavation,translated,createoreexcavation.ponder.find_ores.header,Find ore veins using the Vein Finder,Поиском рудных жил с помощью детектора,true,createoreexcavation-1.21-1.6.8-kjs181patch.jar
createoreexcavation,translated,createoreexcavation.ponder.find_ores.text_1,Use an Ore Vein Finder to locate ores,Используйте детектор рудных жил для определения местоположения руд,true,createoreexcavation-1.21-1.6.8-kjs181patch.jar
createoreexcavation,translated,createoreexcavation.ponder.find_ores.text_2,Found: Nothing,Найдено: Нничего,true,createoreexcavation-1.21-1.6.8-kjs181patch.jar
createoreexcavation,translated,createoreexcavation.ponder.find_ores.text_3,Found: Copper Ore,Найдено: медная руда,true,createoreexcavation-1.21-1.6.8-kjs181patch.jar
createoreexcavation,translated,createoreexcavation.ponder.sample_drill.header,Find an existing ore vein,Поиском существующей рудной жилы,true,createoreexcavation-1.21-1.6.8-kjs181patch.jar
createoreexcavation,translated,createoreexcavation.ponder.sample_drill.text_1,Found: Copper Ore,Найдено: медная руда,true,createoreexcavation-1.21-1.6.8-kjs181patch.jar
createoreexcavation,translated,createoreexcavation.ponder.sample_drill.text_2,Place the Sample Drill,Разместите пробоотборный бур,true,createoreexcavation-1.21-1.6.8-kjs181patch.jar
createoreexcavation,translated,createoreexcavation.ponder.sample_drill.text_3,Place a Coppper Backtank on top,Сверху разместите медный баллон,true,createoreexcavation-1.21-1.6.8-kjs181patch.jar
createoreexcavation,translated,createoreexcavation.ponder.sample_drill.text_4,Activate the drill,Запустите бур,true,createoreexcavation-1.21-1.6.8-kjs181patch.jar
createoreexcavation,translated,createoreexcavation.ponder.sample_drill.text_5,Wait for the drilling,Дождитесь бурения,true,createoreexcavation-1.21-1.6.8-kjs181patch.jar
createoreexcavation,translated,createoreexcavation.ponder.sample_drill.text_6,"Then click it again with the atlas, once it's finished","Затем снова щёлкните по нему с помощью атласа, как только он закончит",true,createoreexcavation-1.21-1.6.8-kjs181patch.jar
createoreexcavation,translated,createoreexcavation.ponder.sample_drill.text_7,"Your Ore Vein Atlas now has all of the vein details, allowing you to filter with this vein","В вашем атласе рудных жил теперь есть все сведения о них, что позволяет вам выполнять фильтрацию по жилам",true,createoreexcavation-1.21-1.6.8-kjs181patch.jar
createoreexcavation,translated,createoreexcavation.ponder.sample_drill.text_8,"Or click an already running drilling machine, to collect a sample","Или выберите уже работающую буровую установку, чтобы взять образец",true,createoreexcavation-1.21-1.6.8-kjs181patch.jar
createoreexcavation,translated,createoreexcavation.ponder.tag.drilling,Drilling,Бурение,true,createoreexcavation-1.21-1.6.8-kjs181patch.jar
createoreexcavation,translated,createoreexcavation.ponder.tag.drilling.description,Extract various resources from underground,Извлекайте различные ресурсы из-под земли,true,createoreexcavation-1.21-1.6.8-kjs181patch.jar
createpropulsion,translated,createpropulsion.ponder.liquid_burner.header,Generating heat with Liquid Burner,Генерация тепла жидкотопливной горелкой,true,createpropulsion-1.1.5.jar
createpropulsion,translated,createpropulsion.ponder.ponder_creative_vector_thruster.header,Creative Vector Thruster,Творческий маневровый двигатель,true,createpropulsion-1.1.5.jar
createpropulsion,translated,createpropulsion.ponder.ponder_liquid_vector_thruster.header,Liquid Vector Thruster,Жидкостный маневровый двигатель,true,createpropulsion-1.1.5.jar
createpropulsion,mixed_script,createpropulsion.ponder.ponder_thruster_2x2.header,2x2 Thruster Inputs,Входы двигателя 2x2,true,createpropulsion-1.1.5.jar
createpropulsion,mixed_script,createpropulsion.ponder.ponder_thruster_3x3.header,3x3 Thruster Inputs,Входы двигателя 3x3,true,createpropulsion-1.1.5.jar
createpropulsion,translated,createpropulsion.ponder.ponder_thruster_normal.header,Thruster Fuel Inputs,Входы топлива двигателя,true,createpropulsion-1.1.5.jar
createpropulsion,translated,createpropulsion.ponder.ponder_vector_thruster_normal.header,Vector Thruster,Маневровый двигатель,true,createpropulsion-1.1.5.jar
createpropulsion,translated,createpropulsion.ponder.redstone_transmission_direct.header,Direct Control Mode,Прямой режим управления,true,createpropulsion-1.1.5.jar
createpropulsion,translated,createpropulsion.ponder.redstone_transmission_incremental.header,Incremental Control Mode,Пошаговый режим управления,true,createpropulsion-1.1.5.jar
createpropulsion,translated,createpropulsion.ponder.shared.burner.activation,"Once burning, connected heat consumers can start operating.",После возгорания подключённые потребители тепла могут начать работу.,true,createpropulsion-1.1.5.jar
createpropulsion,translated,createpropulsion.ponder.shared.burner.constant_consumption,"With thermostat override, fuel is consumed continuously.",При переопределении термостата топливо расходуется непрерывно.,true,createpropulsion-1.1.5.jar
createpropulsion,translated,createpropulsion.ponder.shared.burner.efficiency,Maintain good fuel and setup to keep burner efficiency high.,"Поддерживайте хорошее топливо и настройку, чтобы эффективность горелки была высокой.",true,createpropulsion-1.1.5.jar
createpropulsion,translated,createpropulsion.ponder.shared.burner.redstone_thermostat,Applying redstone toggles thermostat behavior.,Подача редстоуна переключает поведение термостата.,true,createpropulsion-1.1.5.jar
createpropulsion,translated,createpropulsion.ponder.shared.burner.status.hot,Burner status: Hot,Состояние горелки: Горячее,true,createpropulsion-1.1.5.jar
createpropulsion,translated,createpropulsion.ponder.shared.burner.status.searing,Burner status: Searing,Состояние горелки: Обжигающее,true,createpropulsion-1.1.5.jar
createpropulsion,translated,createpropulsion.ponder.shared.liquid_burner.acting_as_pipe,They can pass fluid through while operating as burners.,"Они могут пропускать жидкость через себя, работая как горелки.",true,createpropulsion-1.1.5.jar
createpropulsion,translated,createpropulsion.ponder.shared.liquid_burner.chaining,Liquid Burners can be chained with adjacent systems.,Жидкотопливные горелки можно объединять в цепочки смежными системами.,true,createpropulsion-1.1.5.jar
createpropulsion,translated,createpropulsion.ponder.shared.liquid_burner.has_thermostat,Liquid Burners also support thermostat redstone control.,Жидкотопливные горелки также поддерживают управление термостатом.,true,createpropulsion-1.1.5.jar
createpropulsion,translated,createpropulsion.ponder.shared.liquid_burner.heat_comparison,Liquid fuel properties affect heat sustain and performance.,Свойства жидкого топлива влияют на поддержание тепла и производительность.,true,createpropulsion-1.1.5.jar
createpropulsion,translated,createpropulsion.ponder.shared.liquid_burner.intro,Liquid Burners consume valid liquid fuels to produce heat.,Жидкотопливные горелки потребляют жидкое топливо для производства тепла.,true,createpropulsion-1.1.5.jar
createpropulsion,translated,createpropulsion.ponder.shared.redstone_transmission_direct.intro,Direct mode maps input signal directly to output ratio.,В прямом режиме выходная скорость вращения передачи зависит напрямую от силы входного сигнала.,true,createpropulsion-1.1.5.jar
createpropulsion,translated,createpropulsion.ponder.shared.redstone_transmission_direct.proportional_output,Output scales proportionally with received redstone strength.,Выходной сигнал масштабируется пропорционально силе редстоун сигнала.,true,createpropulsion-1.1.5.jar
createpropulsion,translated,createpropulsion.ponder.shared.redstone_transmission_direct.scaling_note,Full signal gives full configured transmission output.,Максимальный сигнал выдаёт полную настроенную мощность передачи скорости вращения.,true,createpropulsion-1.1.5.jar
createpropulsion,translated,createpropulsion.ponder.shared.redstone_transmission_incremental.both_sides_action,Stronger side wins and shifts output accordingly.,Сторона с более сильным сигналом перевешивает и определяет итоговый выход.,true,createpropulsion-1.1.5.jar
createpropulsion,translated,createpropulsion.ponder.shared.redstone_transmission_incremental.both_sides_condition,"If both sides are powered, net change depends on signal difference.","Если обе стороны запитаны редстоун сигналом, чистое изменение зависит от разницы сигналов.",true,createpropulsion-1.1.5.jar
createpropulsion,translated,createpropulsion.ponder.shared.redstone_transmission_incremental.changing_mode,Use the value panel to switch control modes.,"Используйте панель параметров, чтобы переключить режим управления.",true,createpropulsion-1.1.5.jar
createpropulsion,translated,createpropulsion.ponder.shared.redstone_transmission_incremental.decrease_shift,Input on the opposite side decreases shift.,Сигнал с противоположной стороны уменьшает сдвиг.,true,createpropulsion-1.1.5.jar
createpropulsion,translated,createpropulsion.ponder.shared.redstone_transmission_incremental.increase_shift,Input on one side increases transmission shift.,Сигнал с одной стороны увеличивает сдвиг передачи.,true,createpropulsion-1.1.5.jar
createpropulsion,translated,createpropulsion.ponder.shared.redstone_transmission_incremental.proportional_output,Incremental mode changes shift level step-by-step.,Пошаговый режим изменяет уровень сдвига шаг за шагом.,true,createpropulsion-1.1.5.jar
createpropulsion,translated,createpropulsion.ponder.shared.solid_burner.has_thermostat,Solid Burners support a redstone thermostat override.,Твердотопливные горелки поддерживают редстоуновый термостат.,true,createpropulsion-1.1.5.jar
createpropulsion,translated,createpropulsion.ponder.shared.solid_burner.intro,Solid Burners can generate heat for compatible machines above them.,Твердотопливные горелки могут генерировать тепло для совместимых штуковин над ними.,true,createpropulsion-1.1.5.jar
createpropulsion,translated,createpropulsion.ponder.shared.stirling_engine.intro,A Stirling Engine runs when heated from below.,Двигатель Стирлинга работает при нагреве снизу.,true,createpropulsion-1.1.5.jar
createpropulsion,translated,createpropulsion.ponder.shared.stirling_engine.text_1,Heat from below makes the engine generate rotational force.,Нагрев снизу заставляет двигатель генерировать вращение.,true,createpropulsion-1.1.5.jar
createpropulsion,translated,createpropulsion.ponder.shared.stirling_engine.text_2,"Without heat, the engine stops producing speed.",Без нагрева двигатель перестаёт вырабатывать вращение.,true,createpropulsion-1.1.5.jar
createpropulsion,translated,createpropulsion.ponder.shared.stirling_engine_liquid.clutch_shutdown,"Powering the clutch stops the pump, fuel flow stops, and the engine winds down.","Питание сцепления останавливает насос, поток топлива прекращается, и двигатель останавливается.",true,createpropulsion-1.1.5.jar
createpropulsion,mixed_script,createpropulsion.ponder.shared.thruster_2x2.back_only_intro,2x2 multiblocks only accept fluid from the rear intake side.,Многоблочные штуковины 2x2 принимают жидкость только со стороны заднего впуска.,true,createpropulsion-1.1.5.jar
createpropulsion,mixed_script,createpropulsion.ponder.shared.thruster_2x2.composed_of_blocks,A 2x2x2 multiblock is built from 8 normal thrusters.,Многоблок 2x2x2 строится из 8 обычных двигателей.,true,createpropulsion-1.1.5.jar
createpropulsion,translated,createpropulsion.ponder.shared.thruster_2x2.no_clutch_first_invalid,First line (no clutch) is invalid here: it is not pumping into the rear intake.,Первая линия (без сцепления) здесь недействительна: она не качает в задний впуск.,true,createpropulsion-1.1.5.jar
createpropulsion,translated,createpropulsion.ponder.shared.thruster_2x2.no_clutch_not_rear,"Because this line does not feed the rear tanks, the thruster does nothing.","Поскольку эта линия не питает задние баки, двигатель не работает.",true,createpropulsion-1.1.5.jar
createpropulsion,translated,createpropulsion.ponder.shared.thruster_2x2.power_thruster,Finally apply redstone to the thruster: now it actually runs.,"Наконец, подайте редстоун на двигатель — теперь он будет работать.",true,createpropulsion-1.1.5.jar
createpropulsion,translated,createpropulsion.ponder.shared.thruster_2x2.remove_invalid_top,Remove the invalid top line and feed from the rear side instead.,Удалите недействительную верхнюю линию и подавайте с задней стороны.,true,createpropulsion-1.1.5.jar
createpropulsion,translated,createpropulsion.ponder.shared.thruster_2x2.top_feed_invalid,You can only feed from the rear side for multiblocks.,Для многоблоков подача возможна только с задней стороны.,true,createpropulsion-1.1.5.jar
createpropulsion,translated,createpropulsion.ponder.shared.thruster_2x2.valid_fuel_now,"With the valid rear-fed line, insert proper thruster fuel.",С действительной линией подачи сзади вставьте подходящее топливо для двигателя.,true,createpropulsion-1.1.5.jar
createpropulsion,translated,createpropulsion.ponder.shared.thruster_2x2.valid_rear,You can only feed from the rear side for multiblocks.,Для многоблоков подача возможна только с задней стороны.,true,createpropulsion-1.1.5.jar
createpropulsion,translated,createpropulsion.ponder.shared.thruster_3x3.back_layer_inputs,Feed the back layer input manifold for full operation.,Подавайте через задний слой для полноценной работы.,true,createpropulsion-1.1.5.jar
createpropulsion,mixed_script,createpropulsion.ponder.shared.thruster_3x3.composed_of_blocks,A 3x3x3 multiblock is built from 27 normal thrusters.,Многоблок 3x3x3 строится из 27 обычных двигателей.,true,createpropulsion-1.1.5.jar
createpropulsion,translated,createpropulsion.ponder.shared.thruster_3x3.power_thruster,Apply redstone to the thruster and the whole multiblock works.,"Подайте редстоун на двигатель, и вся многоблочная штуковина заработает.",true,createpropulsion-1.1.5.jar
createpropulsion,mixed_script,createpropulsion.ponder.shared.thruster_3x3.same_rule,3x3 multiblocks follow the same rear-intake-only rule.,Многоблоки 3x3 следуют тому же правилу — только задний впуск.,true,createpropulsion-1.1.5.jar
createpropulsion,translated,createpropulsion.ponder.shared.thruster_3x3.top_line_invalid,You can only feed from the rear side for multiblocks.,Для многоблоков подача возможна только с задней стороны.,true,createpropulsion-1.1.5.jar
createpropulsion,translated,createpropulsion.ponder.shared.thruster_3x3.valid_fuel_now,Insert valid thruster fuel into the rear-fed manifold.,Вставьте подходящее топливо для двигателя в задний коллектор.,true,createpropulsion-1.1.5.jar
createpropulsion,translated,createpropulsion.ponder.shared.thruster_normal.fuels_intro,Thrusters accept configured fuels through connected pipes.,Двигатели принимают только определённое топливо через подключённые трубы.,true,createpropulsion-1.1.5.jar
createpropulsion,translated,createpropulsion.ponder.shared.thruster_normal.invalid_fuel,Invalid fluids do not power the thruster.,Неподходящие жидкости не питают двигатель.,true,createpropulsion-1.1.5.jar
createpropulsion,translated,createpropulsion.ponder.shared.thruster_normal.power_and_thrust,Now apply redstone power so the thruster actually produces thrust.,"Теперь подайте редстоун, чтобы двигатель начал создавать тягу.",true,createpropulsion-1.1.5.jar
createpropulsion,translated,createpropulsion.ponder.shared.thruster_normal.valid_fuels,Use valid thruster fuels in the input line.,Используйте подходящее топливо для двигателей в линии подачи.,true,createpropulsion-1.1.5.jar
createpropulsion,translated,createpropulsion.ponder.shared.tilt_adapter.equal_signals,Equal left and right signal keeps the adapter centered.,Равные сигналы слева и справа удерживают адаптер по центру.,true,createpropulsion-1.1.5.jar
createpropulsion,translated,createpropulsion.ponder.shared.tilt_adapter.intro,Tilt Adapter converts redstone differential into a target output angle.,Адаптер наклона преобразует разницу редстоуновых сигналов в целевой угол выхода.,true,createpropulsion-1.1.5.jar
createpropulsion,translated,createpropulsion.ponder.shared.tilt_adapter.left_higher,Higher left signal tilts output in one direction.,Более сильный сигнал слева наклоняет выход в одну сторону.,true,createpropulsion-1.1.5.jar
createpropulsion,translated,createpropulsion.ponder.shared.tilt_adapter.right_higher,Higher right signal tilts output in the opposite direction.,Более сильный сигнал справа наклоняет выход в противоположную сторону.,true,createpropulsion-1.1.5.jar
createpropulsion,mixed_script,createpropulsion.ponder.shared.vector_thruster_creative.intro.main,Creative Vector Thrusters produce configurable thrust without fuel or Forge energy.,Творческие маневровые двигатели производят настраиваемую тягу без топлива или энергии FE.,true,createpropulsion-1.1.5.jar
createpropulsion,translated,createpropulsion.ponder.shared.vector_thruster_creative.intro.thrust,Set the creative thrust amount from the value box on the bottom of the thruster.,Установите творческую тягу с помощью поля значений в нижней части двигателя.,true,createpropulsion-1.1.5.jar
createpropulsion,translated,createpropulsion.ponder.shared.vector_thruster_creative.powering.intro,"Creative Vector Thrusters still use redstone power as their throttle, from 0-15.","Творческие маневровые двигатели всё ещё используют редстоун как регулятор тяги, от 0 до 15.",true,createpropulsion-1.1.5.jar
createpropulsion,translated,createpropulsion.ponder.shared.vector_thruster_fe.header,Powering a Vector Thruster,Питание маневрового двигателя,true,createpropulsion-1.1.5.jar
createpropulsion,mixed_script,createpropulsion.ponder.shared.vector_thruster_fe.intro.fe,Forge energy is stored in the thruster's internal energy storage.,Энергия FE хранится во внутреннем накопителе двигателя.,true,createpropulsion-1.1.5.jar
createpropulsion,mixed_script,createpropulsion.ponder.shared.vector_thruster_fe.intro.fe_storage,Currently %s FE is able to be stored in the thruster's internal storage.,Во внутреннем накопителе двигателя может храниться %s FE.,true,createpropulsion-1.1.5.jar
createpropulsion,mixed_script,createpropulsion.ponder.shared.vector_thruster_fe.intro.generators,"Generators can power from below, this can be anything that uses forge energy system.","Генераторы могут питать снизу — подойдёт всё, что использует систему энергии FE.",true,createpropulsion-1.1.5.jar
createpropulsion,mixed_script,createpropulsion.ponder.shared.vector_thruster_fe.intro.main,Vector Thruster uses Forge energy to produce thrust.,Маневровый двигатель использует энергию FE для создания тяги.,true,createpropulsion-1.1.5.jar
createpropulsion,translated,createpropulsion.ponder.shared.vector_thruster_fe.moving.intro,"Vector Thrusters can rotate in all directions, this is controlled by redstone signals directly embedded into the thruster itself.","Маневровые двигатели могут вращаться во всех направлениях, это управляется редстоуновыми сигналами, подаваемыми прямо в сам двигатель.",true,createpropulsion-1.1.5.jar
createpropulsion,translated,createpropulsion.ponder.shared.vector_thruster_fe.moving.text_1,"A redstone power can be anything from 0-15, this will increase the distance of rotation from the base.","Редстоуновый сигнал может быть от 0 до 15, это увеличивает угол поворота от базового положения.",true,createpropulsion-1.1.5.jar
createpropulsion,translated,createpropulsion.ponder.shared.vector_thruster_fe.moving.text_3,"Each side except front and back has a redstone signal place, that direction is where it will be rotated towards when that signal is powered.","Каждая сторона, кроме передней и задней, имеет место для редстоунового сигнала. При подаче сигнала двигатель поворачивается в эту сторону.",true,createpropulsion-1.1.5.jar
createpropulsion,translated,createpropulsion.ponder.shared.vector_thruster_fe.powering.intro,"Powering a thruster is easy, any external signal to the thruster will be the power, this can range from 0-15, and will use power accordingly.","Питание двигателя происходит просто — любой внешний сигнал будет питанием, от 0 до 15, и он будет соответствующим образом использовать мощность.",true,createpropulsion-1.1.5.jar
createpropulsion,translated,createpropulsion.ponder.shared.vector_thruster_liquid.intro.fuel,Pump valid thruster fuel into the liquid vector thruster through the pipe below.,Качайте подходящее топливо для двигателя в жидкостный маневровый двигатель через трубу снизу.,true,createpropulsion-1.1.5.jar
createpropulsion,translated,createpropulsion.ponder.shared.vector_thruster_liquid.intro.main,"Liquid Vector Thrusters vector their thrust like normal vector thrusters, but run on pumped liquid fuel.","Жидкостные маневровые двигатели управляют вектором тяги так же, как и обычные, но работают на перекачиваемом жидком топливе",true,createpropulsion-1.1.5.jar
createpropulsion,translated,createpropulsion.ponder.shared.vector_thruster_liquid.intro.pumped,"Once fuel is pumped in, the internal tank can feed the thruster while it is powered.","После закачки топлива внутренний бак может питать двигатель, пока он под напряжением.",true,createpropulsion-1.1.5.jar
createpropulsion,translated,createpropulsion.ponder.shared.vector_thruster_liquid.powering.intro,"Apply redstone power to throttle the liquid vector thruster, from 0-15.","Подайте редстоун для регулировки тяги жидкостного маневрового двигателя, от 0 до 15.",true,createpropulsion-1.1.5.jar
createpropulsion,translated,createpropulsion.ponder.solid_burner.header,Generating heat with Solid Burner,Генерация тепла твердотопливной горелкой,true,createpropulsion-1.1.5.jar
createpropulsion,translated,createpropulsion.ponder.stirling_engine.header,Powering a Stirling Engine,Питание двигателя Стирлинга,true,createpropulsion-1.1.5.jar
createpropulsion,translated,createpropulsion.ponder.stirling_engine_liquid.header,Powering a Stirling Engine,Питание двигателя Стирлинга,true,createpropulsion-1.1.5.jar
createpropulsion,translated,createpropulsion.ponder.stirling_engine_solid.header,Powering a Stirling Engine,Питание двигателя Стирлинга,true,createpropulsion-1.1.5.jar
createpropulsion,translated,createpropulsion.ponder.tilt_adapter.header,Controlling Tilt with Redstone,Управление наклоном с помощью редстоуна,true,createpropulsion-1.1.5.jar
morepropulsion,mixed_script,morepropulsion.ponder.centrifuge_setup.header,Processing Kerosene with a Centrifuge,Processing Керосин with a Центрифуга,true,morepropulsion-1.4.0.jar
morepropulsion,mixed_script,morepropulsion.ponder.centrifuge_setup.text_0,The Centrifuge converts coal or charcoal into kerosene.,The Центрифуга converts coal or charcoal into kerosene.,true,morepropulsion-1.4.0.jar
morepropulsion,mixed_script,morepropulsion.ponder.centrifuge_setup.text_1,The Centrifuge converts coal or charcoal into kerosene.,The Центрифуга converts coal or charcoal into kerosene.,true,morepropulsion-1.4.0.jar
morepropulsion,identical_english,morepropulsion.ponder.centrifuge_setup.text_2,Rotational power must enter through the bottom. This simple gear pair is powered by a Hand Crank.,Rotational power must enter through the bottom. This simple gear pair is powered by a Hand Crank.,true,morepropulsion-1.4.0.jar
morepropulsion,mixed_script,morepropulsion.ponder.centrifuge_setup.text_3,Right click the Centrifuge with coal or charcoal to add feedstock.,ПКМ the Центрифуга with coal or charcoal to add feedstock.,true,morepropulsion-1.4.0.jar
morepropulsion,mixed_script,morepropulsion.ponder.centrifuge_setup.text_4,Each coal or charcoal produces 100 mB of kerosene while the Centrifuge is turning.,Each coal or charcoal produces 100 mB of kerosene while the Центрифуга is turning.,true,morepropulsion-1.4.0.jar
morepropulsion,mixed_script,morepropulsion.ponder.centrifuge_setup.text_5,"Kerosene can only be extracted from the top. Connect a pipe, Mechanical Pump, and Fluid Tank.","Керосин can only be extracted from the top. Connect a pipe, Mechanical Pump, and Жидкость Tank.",true,morepropulsion-1.4.0.jar
morepropulsion,identical_english,morepropulsion.ponder.centrifuge_setup.text_6,The Mechanical Pump also needs rotational power to move the kerosene into the tank.,The Mechanical Pump also needs rotational power to move the kerosene into the tank.,true,morepropulsion-1.4.0.jar
morepropulsion,mixed_script,morepropulsion.ponder.centrifuge_setup.text_7,"Repeated batches collect as kerosene in the Fluid Tank, ready to be piped to an engine.","Repeated batches collect as kerosene in the Жидкость Tank, ready to be piped to an двигатель.",true,morepropulsion-1.4.0.jar
morepropulsion,mixed_script,morepropulsion.ponder.engine_assembly.header,Assembling a Jet Engine,Assembling a Jet двигатель,true,morepropulsion-1.4.0.jar
morepropulsion,mixed_script,morepropulsion.ponder.engine_assembly.text_1,"An optional Shock-Cone Engine Inlet improves pressure recovery, helping the engine retain more thrust and efficiency at high speed.","An optional Воздухозаборник с ударным конусом improves pressure recovery, helping the двигатель retain more thrust and efficiency at high speed.",true,morepropulsion-1.4.0.jar
morepropulsion,mixed_script,morepropulsion.ponder.engine_assembly.text_10,Connect fuel pipes to the mount. Kerosene feeds the assembled engine as it runs.,Connect топливо pipes to the крепление. Керосин feeds the собран двигатель as it runs.,true,morepropulsion-1.4.0.jar
morepropulsion,mixed_script,morepropulsion.ponder.engine_assembly.text_11,"A powered afterburner consumes 60% more fuel for 45% more thrust and a longer, hotter exhaust plume.","A powered форсаж consumes 60% more топливо for 45% more thrust and a longer, hotter exhaust plume.",true,morepropulsion-1.4.0.jar
morepropulsion,mixed_script,morepropulsion.ponder.engine_assembly.text_2,Compressors follow the inlet and begin the powered engine stages.,Компрессоры follow the воздухозаборник and begin the powered двигатель stages.,true,morepropulsion-1.4.0.jar
morepropulsion,mixed_script,morepropulsion.ponder.engine_assembly.text_3,Combustion Chambers go after the compressor.,Камеры сгорания go after the компрессор.,true,morepropulsion-1.4.0.jar
morepropulsion,mixed_script,morepropulsion.ponder.engine_assembly.text_4,Turbines follow the combustion chamber on the exhaust side.,Турбины follow the combustion камера on the exhaust side.,true,morepropulsion-1.4.0.jar
morepropulsion,mixed_script,morepropulsion.ponder.engine_assembly.text_5,An optional Afterburner follows the turbine. Apply redstone power to trade more fuel for much more thrust.,An optional Форсажная камера follows the турбина. Применить redstone power to trade more топливо for much more thrust.,true,morepropulsion-1.4.0.jar
morepropulsion,mixed_script,morepropulsion.ponder.engine_assembly.text_6,An optional Engine Nozzle follows the afterburner and forms the exhaust outlet.,An optional Сопло двигателя follows the форсаж and forms the exhaust outlet.,true,morepropulsion-1.4.0.jar
morepropulsion,mixed_script,morepropulsion.ponder.engine_assembly.text_7,"Place the Engine Mount on top, with its socket facing down into the engine.","Place the Крепление двигателя on top, with its socket facing down into the двигатель.",true,morepropulsion-1.4.0.jar
morepropulsion,mixed_script,morepropulsion.ponder.engine_assembly.text_8,"The mount can touch any component, but the line order is inlet, compressor, chamber, turbine, afterburner, then nozzle.","The крепление can touch any компонент, but the line порядок is воздухозаборник, компрессор, камера, турбина, форсаж, then сопло.",true,morepropulsion-1.4.0.jar
morepropulsion,mixed_script,morepropulsion.ponder.engine_assembly.text_9,Right click the Engine Mount with an empty hand to assemble the engine.,ПКМ the Крепление двигателя with an пустой рукой to assemble the двигатель.,true,morepropulsion-1.4.0.jar
morepropulsion,translated,morepropulsion.ponder.tag.fuel_processing,Fuel Processing,Переработка топлива,true,morepropulsion-1.4.0.jar
morepropulsion,identical_english,morepropulsion.ponder.tag.fuel_processing.description,Producing and extracting kerosene,Producing and extracting kerosene,true,morepropulsion-1.4.0.jar
morepropulsion,translated,morepropulsion.ponder.tag.jet_engines,Jet Engines,Реактивные двигатели,true,morepropulsion-1.4.0.jar
morepropulsion,mixed_script,morepropulsion.ponder.tag.jet_engines.description,Assembling and fueling modular jet engines,Assembling and fueling modular jet двигатели,true,morepropulsion-1.4.0.jar
nuclearcraftneohaul,identical_english,nuclearcraftneohaul.ponder.bearing_ponder.header,Create Turbine Bearing Attachment,Create Turbine Bearing Attachment,true,nuclearcraftneohaul-1.21.1-0.10.10-kjs181patch.jar
offroad,translated,offroad.ponder.borehead_bearing_efficiency.header,Borehead Bearing Efficiency,Эффективность Бурового подшипника,true,create-aeronautics-bundled-1.21.1-1.3.2.jar
offroad,translated,offroad.ponder.borehead_bearing_efficiency.text_1,"The more blocks a Borehead Bearing attempts to break, the slower it will operate","Чем больше блоков пытается сломать Буровой подшипник, тем медленнее он работает",true,create-aeronautics-bundled-1.21.1-1.3.2.jar
offroad,translated,offroad.ponder.borehead_bearing_efficiency.text_2,Using multiple Borehead Bearings can offset this,Использование нескольких Буровых подшипников может компенсировать это,true,create-aeronautics-bundled-1.21.1-1.3.2.jar
offroad,translated,offroad.ponder.borehead_bearing_excavating.header,Excavating Using Rock Cutting Wheels,Раскопки с помощью Камнерезных колёс,true,create-aeronautics-bundled-1.21.1-1.3.2.jar
offroad,translated,offroad.ponder.borehead_bearing_excavating.text_1,"Unlike regular Drills, Rock Cutting Wheels break blocks in a range around themselves","В отличие от обычных Дрелей, Камнерезные колёса ломают блоки в радиусе вокруг себя",true,create-aeronautics-bundled-1.21.1-1.3.2.jar
offroad,translated,offroad.ponder.borehead_bearing_intro.header,Using Borehead Bearings and Rock Cutting Wheels,Использование Буровых подшипников и Камнерезных колёс,true,create-aeronautics-bundled-1.21.1-1.3.2.jar
offroad,translated,offroad.ponder.borehead_bearing_intro.text_1,Borehead Bearings attach to the block in front of them,Буровые подшипники прикрепляются к блоку перед ними,true,create-aeronautics-bundled-1.21.1-1.3.2.jar
offroad,translated,offroad.ponder.borehead_bearing_intro.text_2,"When a Storage Container and Rock Cutting Wheels are present, it can be used as a Drill",При наличии Контейнера хранения и Камнерезных колёс его можно использовать как Бур,true,create-aeronautics-bundled-1.21.1-1.3.2.jar
offroad,translated,offroad.ponder.borehead_bearing_intro.text_3,Rock Cutting Wheels will automatically attach to blocks and each other without need of Super Glue,Камнерезные колёса автоматически прикрепляются к блокам и друг к другу без Супер-клея,true,create-aeronautics-bundled-1.21.1-1.3.2.jar
offroad,translated,offroad.ponder.borehead_bearing_intro.text_4,The Borehead Bearing reverses the direction of Rotation...,Буровой подшипник инвертирует направление Вращения...,true,create-aeronautics-bundled-1.21.1-1.3.2.jar
offroad,mixed_script,offroad.ponder.borehead_bearing_intro.text_5,...and spins at 0.25x the provided Rotational Speed,...и вращается со скоростью 0.25x от поданной,true,create-aeronautics-bundled-1.21.1-1.3.2.jar
offroad,translated,offroad.ponder.borehead_bearing_intro.text_6,The mining speed depends on the Rotational Input...,Скорость бурения зависит от входного вращения...,true,create-aeronautics-bundled-1.21.1-1.3.2.jar
offroad,translated,offroad.ponder.borehead_bearing_intro.text_7,...and drops are collected into the drill Storage automatically,...а добытые предметы автоматически собираются в хранилище бура,true,create-aeronautics-bundled-1.21.1-1.3.2.jar
offroad,translated,offroad.ponder.borehead_bearing_intro.text_8,"When the drill Storage is full, it will be unable to continue breaking blocks","Когда хранилище бура заполнено, он не сможет продолжать ломать блоки",true,create-aeronautics-bundled-1.21.1-1.3.2.jar
offroad,translated,offroad.ponder.borehead_bearing_intro.text_9,"To remedy this, items can be extracted directly from the Borehead Bearing","Чтобы исправить это, предметы можно извлечь напрямую из Бурового подшипника",true,create-aeronautics-bundled-1.21.1-1.3.2.jar
powergrid,translated,powergrid.ponder.basin_heater.header,High power heating,Высокомощным нагревом,true,powergrid-mc1.21.1-0.6.0.1.jar
powergrid,translated,powergrid.ponder.basin_heater.text_1,The Basin Heater can provide Heat to Items processed in a Basin,"Нагреватель чаши может Нагревать предметы, обрабатываемые в Чаше",true,powergrid-mc1.21.1-0.6.0.1.jar
powergrid,translated,powergrid.ponder.basin_heater.text_2,When given enough power the heater can give the highest level of heat,"Когда дается достаточно энергии, нагреватель может дать наивысший уровень тепла",true,powergrid-mc1.21.1-0.6.0.1.jar
powergrid,translated,powergrid.ponder.battery.header,Storing electricity,Хранение электроэнергии,true,powergrid-mc1.21.1-0.6.0.1.jar
powergrid,translated,powergrid.ponder.battery.text_1,The Battery allows you to store electricity for later use,Аккумулятор позволяет хранить электричество для последующего использования,true,powergrid-mc1.21.1-0.6.0.1.jar
powergrid,translated,powergrid.ponder.battery.text_2,"As the battery discharges, its voltage and resistance will begin to change",По мере разряда аккумулятора его напряжение и сопротивление начнут меняться,true,powergrid-mc1.21.1-0.6.0.1.jar
powergrid,translated,powergrid.ponder.bell.header,Alarm bell,Сигнальный звонок,true,powergrid-mc1.21.1-0.6.0.1.jar
powergrid,translated,powergrid.ponder.bell.text_1,The Alarm Bell is an electric device which makes sound when you power it.,"Сигнальный звонок - это электрическое устройство, которое издаёт звук, когда вы его запитываете.",true,powergrid-mc1.21.1-0.6.0.1.jar
powergrid,translated,powergrid.ponder.carbon_pile.header,A pile of coal,Столбами из угля,true,powergrid-mc1.21.1-0.6.0.1.jar
powergrid,translated,powergrid.ponder.carbon_pile.text_1,To assemble a Carbon Pile you must place Blocks of Coal on top of a Carbon Pile Coil,Для сборки Угольного регулятора необходимо разместить Блоки угля на вершине Катушки угольного регулятора,true,powergrid-mc1.21.1-0.6.0.1.jar
powergrid,translated,powergrid.ponder.carbon_pile.text_2,Resistance of the Carbon Pile changes based on the current provided to the coil,Сопротивление Угольного регулятора изменяется в зависимости от силы тока в катушке,true,powergrid-mc1.21.1-0.6.0.1.jar
powergrid,translated,powergrid.ponder.carbon_pile.text_3,The resistance values of the pile increase with the height of the structure,Сопротивление столба растёт с высотой структуры,true,powergrid-mc1.21.1-0.6.0.1.jar
powergrid,translated,powergrid.ponder.carbon_pile.text_4,The overall resistance can also be tuned with a value panel on top of the pile,Общее сопротивление также можно настроить на вершине столба,true,powergrid-mc1.21.1-0.6.0.1.jar
powergrid,missing,powergrid.ponder.ceiling_tile.header,A stylish ceiling,,true,powergrid-mc1.21.1-0.6.0.1.jar
powergrid,missing,powergrid.ponder.ceiling_tile.text_1,The Ceiling Tile is a decorative block.,,true,powergrid-mc1.21.1-0.6.0.1.jar
powergrid,missing,powergrid.ponder.ceiling_tile.text_2,You can add certain blocks to it to expand its functionality,,true,powergrid-mc1.21.1-0.6.0.1.jar
powergrid,missing,powergrid.ponder.ceiling_tile.text_3,The Ceiling Tile supports a variety of attachments,,true,powergrid-mc1.21.1-0.6.0.1.jar
powergrid,translated,powergrid.ponder.circuit_capacitor.header,Capacitor,Конденсаторами,true,powergrid-mc1.21.1-0.6.0.1.jar
powergrid,translated,powergrid.ponder.circuit_capacitor.text_1,The capacitor is an electrical component which can store a small amount of electricity,"Конденсатор – это электрический компонент, который может хранить небольшое количество электроэнергии",true,powergrid-mc1.21.1-0.6.0.1.jar
powergrid,translated,powergrid.ponder.circuit_cgauge.header,Compact Current Gauge,Компактным амперметром,true,powergrid-mc1.21.1-0.6.0.1.jar
powergrid,translated,powergrid.ponder.circuit_cgauge.text_1,The Current Gauge can be placed on a circuit board.,Амперметр можно разместить на печатной плате.,true,powergrid-mc1.21.1-0.6.0.1.jar
powergrid,translated,powergrid.ponder.circuit_cgauge.text_2,"When placed on the indicated edge, it will emit a redstone signal proportional to the dial value","При размещении на указанном крае он будет излучать сигнал редстоуна, пропорциональный значению шкалы",true,powergrid-mc1.21.1-0.6.0.1.jar
powergrid,missing,powergrid.ponder.circuit_display_module.header,Display Module,,true,powergrid-mc1.21.1-0.6.0.1.jar
powergrid,missing,powergrid.ponder.circuit_display_module.text_1,"When power is applied, the module will rotate half a number",,true,powergrid-mc1.21.1-0.6.0.1.jar
powergrid,missing,powergrid.ponder.circuit_display_module.text_2,"When power is removed, it will finish rotating to the next number",,true,powergrid-mc1.21.1-0.6.0.1.jar
powergrid,missing,powergrid.ponder.circuit_display_module.text_3,When the module reaches the end of its numbers/characters,,true,powergrid-mc1.21.1-0.6.0.1.jar
powergrid,missing,powergrid.ponder.circuit_display_module.text_4,"It will stop on a ""Blanking page"" and wont go past it",,true,powergrid-mc1.21.1-0.6.0.1.jar
powergrid,missing,powergrid.ponder.circuit_display_module.text_5,The way to reset the module is to ground the reset line and then pulse the power again,,true,powergrid-mc1.21.1-0.6.0.1.jar
powergrid,missing,powergrid.ponder.circuit_display_module.text_6,The module has multiple display options,,true,powergrid-mc1.21.1-0.6.0.1.jar
powergrid,missing,powergrid.ponder.circuit_display_module.text_7,You can change them in the circuit design table,,true,powergrid-mc1.21.1-0.6.0.1.jar
powergrid,missing,powergrid.ponder.circuit_display_module.text_8,You can also change the color of the display in the circuit design table,,true,powergrid-mc1.21.1-0.6.0.1.jar
powergrid,translated,powergrid.ponder.circuit_electron_tube.header,Electron tube,Электронной лампой,true,powergrid-mc1.21.1-0.6.0.1.jar
powergrid,translated,powergrid.ponder.circuit_electron_tube.text_1,The Electron Tube is a non-linear electrical component which can amplify signals,"Электронная лампа – это нелинейный электрический компонент, который может усиливать сигналы",true,powergrid-mc1.21.1-0.6.0.1.jar
powergrid,translated,powergrid.ponder.circuit_electron_tube.text_2,"To make it work, first you need to power its heating element","Чтобы она заработала, сначала нужно включить её нагревательный элемент",true,powergrid-mc1.21.1-0.6.0.1.jar
powergrid,translated,powergrid.ponder.circuit_electron_tube.text_3,It will then start conducting current from anode to cathode. This current can be controlled with the Grid pin,После этого она начнет проводить ток от анода к катоду. Этот ток можно контролировать с помощью контакта Сетки,true,powergrid-mc1.21.1-0.6.0.1.jar
powergrid,translated,powergrid.ponder.circuit_electron_tube.text_4,A negative voltage can be applied to the grid. A small change there can result in a major change of the anode current,К сетке может быть приложено отрицательное напряжение. Небольшое изменение может привести к значительному изменению анодного тока,true,powergrid-mc1.21.1-0.6.0.1.jar
powergrid,missing,powergrid.ponder.circuit_label.header,Label,,true,powergrid-mc1.21.1-0.6.0.1.jar
powergrid,missing,powergrid.ponder.circuit_label.text_1,Labels can be placed on circuit boards to label components or provide other information,,true,powergrid-mc1.21.1-0.6.0.1.jar
powergrid,missing,powergrid.ponder.circuit_label.text_2,"They also come in different sizes, and their text color can be changed",,true,powergrid-mc1.21.1-0.6.0.1.jar
powergrid,translated,powergrid.ponder.circuit_neon.header,Neon Bulb,Неоновой лампой,true,powergrid-mc1.21.1-0.6.0.1.jar
powergrid,translated,powergrid.ponder.circuit_neon.text_1,The Neon Bulb is a simple device which will glow when you pass a current though it,"Неоновая лампа – это простое устройство, которое светится, когда через него пропускают ток",true,powergrid-mc1.21.1-0.6.0.1.jar
powergrid,translated,powergrid.ponder.circuit_neon.text_2,It needs a current limiting resistor to not break immediately after lighting up,"Чтобы лампа не перегорела сразу после включения, необходимо установить резистор, ограничивающий силу тока",true,powergrid-mc1.21.1-0.6.0.1.jar
powergrid,translated,powergrid.ponder.circuit_potentiometer.header,Potentiometer,Потенциометром,true,powergrid-mc1.21.1-0.6.0.1.jar
powergrid,translated,powergrid.ponder.circuit_potentiometer.text_1,The Potentiometer is a smaller version of the Rheostat,Потенциометр – это уменьшенная версия Реостата,true,powergrid-mc1.21.1-0.6.0.1.jar
powergrid,translated,powergrid.ponder.circuit_potentiometer.text_2,Its value can be tuned by interacting with it,"Его значение можно настроить, взаимодействуя с ним",true,powergrid-mc1.21.1-0.6.0.1.jar
powergrid,translated,powergrid.ponder.circuit_redstone_relay.header,Redstone relay,Редстоун-реле,true,powergrid-mc1.21.1-0.6.0.1.jar
powergrid,translated,powergrid.ponder.circuit_redstone_relay.text_1,The Redstone Relay can be used to switch electricity using a redstone signal,Редстоун-реле можно использовать для переключения электричества с помощью сигнала редстоуна,true,powergrid-mc1.21.1-0.6.0.1.jar
powergrid,translated,powergrid.ponder.circuit_redstone_relay.text_2,It must be placed on the arrow-indicated edge,Он должен быть размещен на краю со стороны стрелки,true,powergrid-mc1.21.1-0.6.0.1.jar
powergrid,translated,powergrid.ponder.circuit_regulator_tube.header,Regulator Tube,Стабилитроном,true,powergrid-mc1.21.1-0.6.0.1.jar
powergrid,translated,powergrid.ponder.circuit_regulator_tube.text_1,"The Regulator Tube is a special purpose device which, under correct conditions, can provide a very stable voltage reference","Стабилитрон – это специальное устройство, которое при правильных условиях может обеспечить очень стабильное напряжение",true,powergrid-mc1.21.1-0.6.0.1.jar
powergrid,translated,powergrid.ponder.circuit_relay.header,Relay,Реле,true,powergrid-mc1.21.1-0.6.0.1.jar
powergrid,translated,powergrid.ponder.circuit_relay.text_1,The Relay is a smaller version of the Contactor,Реле – это уменьшенная версия Контактора,true,powergrid-mc1.21.1-0.6.0.1.jar
powergrid,translated,powergrid.ponder.circuit_relay.text_2,When you give it the configured voltage it will switch on the normally open terminal,При подаче на него заданного напряжения оно замыкает нормально разомкнутый контакт,true,powergrid-mc1.21.1-0.6.0.1.jar
powergrid,translated,powergrid.ponder.circuit_resistor.header,Small resistors,Маленькими резисторами,true,powergrid-mc1.21.1-0.6.0.1.jar
powergrid,translated,powergrid.ponder.circuit_resistor.text_1,"Resistors are one of the simplest electrical components, they limit current going through them.",Резисторы являются одними из самых простых электрических компонентов – они ограничивают проходящий через них ток.,true,powergrid-mc1.21.1-0.6.0.1.jar
powergrid,mixed_script,powergrid.ponder.circuit_resistor.text_2,"You can calculate that current using using the V = I * R equation, where I is current, V is voltage and R is resistance","Вы можете рассчитать этот ток с помощью закона Ома для участка цепи: V = I * R, где I – ток, V – напряжение, а R – сопротивление",true,powergrid-mc1.21.1-0.6.0.1.jar
powergrid,translated,powergrid.ponder.circuit_vgauge.header,Compact Voltage Gauge,Компактным вольтметром,true,powergrid-mc1.21.1-0.6.0.1.jar
powergrid,translated,powergrid.ponder.circuit_vgauge.text_1,The Voltage Gauge can be placed on a circuit board.,Вольтметр можно разместить на печатной плате.,true,powergrid-mc1.21.1-0.6.0.1.jar
powergrid,translated,powergrid.ponder.circuit_vgauge.text_2,"When placed on the indicated edge, it will emit a redstone signal proportional to the dial value","При размещении на указанном крае он будет излучать сигнал редстоуна, пропорциональный значению шкалы",true,powergrid-mc1.21.1-0.6.0.1.jar
powergrid,translated,powergrid.ponder.circuit_via.header,Vias,Переходными отверстиями,true,powergrid-mc1.21.1-0.6.0.1.jar
powergrid,translated,powergrid.ponder.circuit_via.text_1,Copper nuggets can be used to place Vias on the circuit board,Кусочки меди можно использовать для создания переходных отверстий на печатной плате,true,powergrid-mc1.21.1-0.6.0.1.jar
powergrid,translated,powergrid.ponder.circuit_via.text_2,They are a single pad that can be used to move traces between layers,"Они представляют собой площадку, которую можно использовать для прокладки дорожек между слоями",true,powergrid-mc1.21.1-0.6.0.1.jar
powergrid,translated,powergrid.ponder.circuit_via.text_3,Vias can also be used to interconnect multiple circuit boards,Переходные отверстия также могут использоваться для соединения нескольких печатных плат,true,powergrid-mc1.21.1-0.6.0.1.jar
powergrid,translated,powergrid.ponder.constant_speed_motor.header,Regulated Motor,Регулируемым электродвигателем,true,powergrid-mc1.21.1-0.6.0.1.jar
powergrid,translated,powergrid.ponder.constant_speed_motor.text_1,A Constant Speed Motor combines the functionality of an Electric Motor and a Speed Controller,Двигатель постоянной скорости сочетает в себе функции Электродвигателя и Регулятора скорости вращения,true,powergrid-mc1.21.1-0.6.0.1.jar
powergrid,translated,powergrid.ponder.constant_speed_motor.text_2,Its speed is constant while the provided voltage determines the stress capacity and rotation direction,"Его скорость постоянна, а напряжение определяет нагрузочную способность и направление вращения",true,powergrid-mc1.21.1-0.6.0.1.jar
powergrid,translated,powergrid.ponder.contactor.header,Heavy-duty relay,Сверхмощное реле,true,powergrid-mc1.21.1-0.6.0.1.jar
powergrid,translated,powergrid.ponder.contactor.text_1,A Contactor lets you switch high currents with a lower voltage input.,Контактор позволяет переключать большие токи с помощью низкого управляющего напряжения.,true,powergrid-mc1.21.1-0.6.0.1.jar
powergrid,translated,powergrid.ponder.contactor_stack.header,Electrical Switchboard,Коммутационным аппаратом,true,powergrid-mc1.21.1-0.6.0.1.jar
powergrid,translated,powergrid.ponder.contactor_stack.text_1,Contactors can be stacked together,Контакторы могут быть собраны в ряд,true,powergrid-mc1.21.1-0.6.0.1.jar
powergrid,translated,powergrid.ponder.contactor_stack.text_2,And only one needs to be powered,И только один нуждается в питании,true,powergrid-mc1.21.1-0.6.0.1.jar
powergrid,translated,powergrid.ponder.cord.header,Cords,Кабелями,true,powergrid-mc1.21.1-0.6.0.1.jar
powergrid,translated,powergrid.ponder.cord.text_1,Cords are 2 strand wires which can make connecting things easier,"Кабели представляют собой двухжильные провода, которые могут упростить подключение устройств",true,powergrid-mc1.21.1-0.6.0.1.jar
powergrid,translated,powergrid.ponder.cord.text_2,Cords can be attached to pairs of regular terminals at their ends,Кабели можно подключать к парам обычных клемм,true,powergrid-mc1.21.1-0.6.0.1.jar
powergrid,translated,powergrid.ponder.cord.text_3,As well as most of consumer devices,"Так же, как и к большинству устройств-потребителей",true,powergrid-mc1.21.1-0.6.0.1.jar
powergrid,translated,powergrid.ponder.cord_junction.header,Cord Junctions,Распределительными коробками,true,powergrid-mc1.21.1-0.6.0.1.jar
powergrid,translated,powergrid.ponder.cord_junction.text_1,Cord junctions allow you to extend and split cords easily,Распределительные коробки позволяют легко удлинять и разделять кабели,true,powergrid-mc1.21.1-0.6.0.1.jar
powergrid,translated,powergrid.ponder.cord_socket.header,Cord Sockets,Розетками для кабелей,true,powergrid-mc1.21.1-0.6.0.1.jar
powergrid,translated,powergrid.ponder.cord_socket.text_1,Cord sockets allow you to combine simple wires into cords with style,Кабельные розетки позволяют соединять простые провода в стильные кабели,true,powergrid-mc1.21.1-0.6.0.1.jar
powergrid,translated,powergrid.ponder.crt.header,Cathode Ray Tube,Электронно-лучевыми трубками,true,powergrid-mc1.21.1-0.6.0.1.jar
powergrid,translated,powergrid.ponder.crt.text_1,The Cathode Ray Tube is a complex device that needs a bit of setup to work,"Электронно-лучевая трубка – это сложное устройство, которое требует некоторой настройки",true,powergrid-mc1.21.1-0.6.0.1.jar
powergrid,translated,powergrid.ponder.crt.text_2,"First, you need to provide 12 volts between the Heater and Cathode pins","Для начала, необходимо подать напряжение 12 В между Нитью накала и выводами Катода",true,powergrid-mc1.21.1-0.6.0.1.jar
powergrid,translated,powergrid.ponder.crt.text_3,"Next, connect about 1000 volts between the Anode and Cathode",Затем подайте напряжение около 1000 В между Анодом и Катодом,true,powergrid-mc1.21.1-0.6.0.1.jar
powergrid,translated,powergrid.ponder.crt.text_4,You can change the position of the dot using the deflection coils,Позицию точки можно менять с помощью катушек отклонения,true,powergrid-mc1.21.1-0.6.0.1.jar
powergrid,translated,powergrid.ponder.crt.text_5,You can apply a negative voltage to the Grid to change brightness of the trace,Изменив полярность можно менять яркость следа,true,powergrid-mc1.21.1-0.6.0.1.jar
powergrid,translated,powergrid.ponder.current_gauge.header,Monitoring Electricity using the Current Gauge,Измерением электроэнергии с помощью Амперметра,true,powergrid-mc1.21.1-0.6.0.1.jar
powergrid,translated,powergrid.ponder.current_gauge.text_1,The Current Gauge displays the current flowing through it's terminals,"Амперметр отображает ток, протекающий через его клеммы",true,powergrid-mc1.21.1-0.6.0.1.jar
powergrid,translated,powergrid.ponder.current_gauge.text_2,Current gauges are in series with the circuit so they can have an effect on the transferred power,"Амперметры включаются в цепь последовательно, поэтому они могут влиять на передаваемую мощность",true,powergrid-mc1.21.1-0.6.0.1.jar
powergrid,missing,powergrid.ponder.current_gauge.text_3,"If you were to connect it in parallel, huge currents might flow which can potentially damage the meter or nearby equipment",,true,powergrid-mc1.21.1-0.6.0.1.jar
powergrid,translated,powergrid.ponder.device_connector.header,Device connector,Адаптером,true,powergrid-mc1.21.1-0.6.0.1.jar
powergrid,translated,powergrid.ponder.device_connector.text_1,Some devices don't directly expose their electrical terminals,Некоторые устройства не имеют собственных клемм,true,powergrid-mc1.21.1-0.6.0.1.jar
powergrid,translated,powergrid.ponder.device_connector.text_2,"To power them, you'll have to place a Device Connector and attach your wires to it","Для их питания, вам придется установить Адаптер и подсоединить к нему провода",true,powergrid-mc1.21.1-0.6.0.1.jar
powergrid,mixed_script,powergrid.ponder.device_connector.text_3,The Device Connector can also be used to power Forge Energy and Create: The Factory Must Grow devices (if installed),Адаптер также можно использовать для питания устройств Forge Energy и энергией Create: The Factory Must Grow (если установлен),true,powergrid-mc1.21.1-0.6.0.1.jar
powergrid,translated,powergrid.ponder.electric_fan.header,Making Wind,Созданием ветра,true,powergrid-mc1.21.1-0.6.0.1.jar
powergrid,translated,powergrid.ponder.electric_fan.text_1,The Electric Fan Moves Air Using Electricity,Электрический вентилятор перемещает воздух с помощью электричества,true,powergrid-mc1.21.1-0.6.0.1.jar
powergrid,translated,powergrid.ponder.electric_fan.text_2,Direction and Speed Are Dependent on the Voltage Applied,Направление и скорость зависят от приложенного напряжения,true,powergrid-mc1.21.1-0.6.0.1.jar
powergrid,translated,powergrid.ponder.electric_fan.text_3,Fans Can Blow Air Over Hot Components to Cool Them Down,"Вентиляторы могут обдувать воздухом горячие компоненты, чтобы охладить их",true,powergrid-mc1.21.1-0.6.0.1.jar
powergrid,translated,powergrid.ponder.electric_motor.header,Turning electricity into rotation,Превращение электроэнергии во вращение,true,powergrid-mc1.21.1-0.6.0.1.jar
powergrid,translated,powergrid.ponder.electric_motor.text_1,The electric motor lets you convert electricity into rotation,Электрический двигатель позволяет преобразовать электричество во вращение,true,powergrid-mc1.21.1-0.6.0.1.jar
powergrid,translated,powergrid.ponder.electric_motor.text_2,The speed of the motor depends on the voltage you provide,"Скорость двигателя зависит от напряжения, которое вы подводите",true,powergrid-mc1.21.1-0.6.0.1.jar
powergrid,translated,powergrid.ponder.electromagnet.header,Processing Items with the Electromagnet,Обработкой предметов с помощью Электромагнита,true,powergrid-mc1.21.1-0.6.0.1.jar
powergrid,translated,powergrid.ponder.electromagnet.text_1,The Electromagnet can process items provided beneath it,"Электромагнит может обрабатывать предметы, расположенные под ним",true,powergrid-mc1.21.1-0.6.0.1.jar
powergrid,translated,powergrid.ponder.electromagnet.text_2,The Input items can be dropped or placed on a Depot under the Electromagnet,Помещаемые предметы могут быть выброшены или помещены на Депо под Электромагнитом,true,powergrid-mc1.21.1-0.6.0.1.jar
powergrid,translated,powergrid.ponder.electromagnet.text_3,When items are provided on a belt...,Когда предметы подаются на конвейере...,true,powergrid-mc1.21.1-0.6.0.1.jar
powergrid,translated,powergrid.ponder.electromagnet.text_4,The Electromagnet will hold and process them automatically,Электромагнит будет удерживать и обрабатывать их автоматически,true,powergrid-mc1.21.1-0.6.0.1.jar
powergrid,translated,powergrid.ponder.encased_fan.header,Cooling Down,Охлаждением,true,powergrid-mc1.21.1-0.6.0.1.jar
powergrid,translated,powergrid.ponder.encased_fan.text_1,Fans Can Be Used to Cool Off Hot Components,Вентиляторы могут использоваться для охлаждения горячих компонентов,true,powergrid-mc1.21.1-0.6.0.1.jar
powergrid,translated,powergrid.ponder.encased_fan.text_2,Also Works on Circuit Boards,Также это работает на печатных платах,true,powergrid-mc1.21.1-0.6.0.1.jar
powergrid,missing,powergrid.ponder.energy_meter.header,Monitoring Electricity usage with the Energy Meter,,true,powergrid-mc1.21.1-0.6.0.1.jar
powergrid,missing,powergrid.ponder.energy_meter.text_1,This energy meter measures energy used over time,,true,powergrid-mc1.21.1-0.6.0.1.jar
powergrid,missing,powergrid.ponder.energy_meter.text_2,In the GUI you can see the usage in Wh or kWh by hovering over the gauges,,true,powergrid-mc1.21.1-0.6.0.1.jar
powergrid,missing,powergrid.ponder.energy_meter.text_3,"Caution, changing out the unit of measurement does not affect the previously measured value and only affects future measurements",,true,powergrid-mc1.21.1-0.6.0.1.jar
powergrid,missing,powergrid.ponder.energy_meter.text_4,The energy meter emits a redstone pulse through a comparator every 1 Wh or kWh depending on which mode it's set to,,true,powergrid-mc1.21.1-0.6.0.1.jar
powergrid,missing,powergrid.ponder.energy_meter.text_5,You can also reverse the power and it will count backwards,,true,powergrid-mc1.21.1-0.6.0.1.jar
powergrid,missing,powergrid.ponder.factory_light.header,Lighting up your warehouse 101,,true,powergrid-mc1.21.1-0.6.0.1.jar
powergrid,missing,powergrid.ponder.factory_light.text_1,Right-click to add any light bulb,,true,powergrid-mc1.21.1-0.6.0.1.jar
powergrid,missing,powergrid.ponder.factory_light_connect.header,Connecting Factory Lights together,,true,powergrid-mc1.21.1-0.6.0.1.jar
powergrid,missing,powergrid.ponder.factory_light_connect.text_1,Factory Lights can be connected to adjacent ones like this,,true,powergrid-mc1.21.1-0.6.0.1.jar
powergrid,missing,powergrid.ponder.factory_light_connect.text_2,Or like this,,true,powergrid-mc1.21.1-0.6.0.1.jar
powergrid,missing,powergrid.ponder.factory_light_connect.text_3,But not this,,true,powergrid-mc1.21.1-0.6.0.1.jar
powergrid,missing,powergrid.ponder.factory_light_tall.header,Using the Factory Light for tall buildings,,true,powergrid-mc1.21.1-0.6.0.1.jar
powergrid,missing,powergrid.ponder.factory_light_tall.text_1,A Factory light can provide a light level of 15 to the top face of a block up to 16 blocks below it,,true,powergrid-mc1.21.1-0.6.0.1.jar
powergrid,missing,powergrid.ponder.factory_light_tall.text_2,15,,true,powergrid-mc1.21.1-0.6.0.1.jar
powergrid,translated,powergrid.ponder.fuse.header,Protecting your equipment,Защита вашего оборудования,true,powergrid-mc1.21.1-0.6.0.1.jar
powergrid,translated,powergrid.ponder.fuse.text_1,A fuse can be used to protect your devices from too much current,Предохранитель может быть использован для защиты ваших устройств от слишком большого тока,true,powergrid-mc1.21.1-0.6.0.1.jar
powergrid,translated,powergrid.ponder.fuse.text_2,It will burn if the current exceeds the set value,"Он сгорит, если текущее значение превысит установленное",true,powergrid-mc1.21.1-0.6.0.1.jar
powergrid,missing,powergrid.ponder.generator_1.header,Generator construction,,true,powergrid-mc1.21.1-0.6.0.1.jar
powergrid,missing,powergrid.ponder.generator_1.text_1,A Generator consists of two main parts,,true,powergrid-mc1.21.1-0.6.0.1.jar
powergrid,missing,powergrid.ponder.generator_1.text_2,"The Stator, built out of Coils strung on Shafts (and optionally Housings)",,true,powergrid-mc1.21.1-0.6.0.1.jar
powergrid,missing,powergrid.ponder.generator_1.text_3,"This part generates a magnetic field, through a process called Excitation",,true,powergrid-mc1.21.1-0.6.0.1.jar
powergrid,missing,powergrid.ponder.generator_1.text_4,"As well as the Armature, built out of Rotors, a Commutator, and a Clutch",,true,powergrid-mc1.21.1-0.6.0.1.jar
powergrid,missing,powergrid.ponder.generator_1.text_5,"This is where electricity is generated. In typical setups, electrical load should be connected to the commutator.",,true,powergrid-mc1.21.1-0.6.0.1.jar
powergrid,missing,powergrid.ponder.generator_1.text_6,"To start generating electricity you must provide an Excitation Current to the Stator, through a Device Connector",,true,powergrid-mc1.21.1-0.6.0.1.jar
powergrid,missing,powergrid.ponder.generator_1.text_7,Now lets crank up the voltage!,,true,powergrid-mc1.21.1-0.6.0.1.jar
powergrid,missing,powergrid.ponder.generator_2.header,Self-starting generator,,true,powergrid-mc1.21.1-0.6.0.1.jar
powergrid,missing,powergrid.ponder.generator_2.text_1,At this point you might have thought of a small problem.,,true,powergrid-mc1.21.1-0.6.0.1.jar
powergrid,missing,powergrid.ponder.generator_2.text_10,"2.Resistance - The 'excitation loop resistance' must be low enough to allow for the field to build up, but not too low as to not overpower the coils.",,true,powergrid-mc1.21.1-0.6.0.1.jar
powergrid,missing,powergrid.ponder.generator_2.text_11,3.Rotation speed - The generator must spin fast enough to generate enough of the initial starting current and build up the field.,,true,powergrid-mc1.21.1-0.6.0.1.jar
powergrid,missing,powergrid.ponder.generator_2.text_2,How do you provide excitation current if you have no other power source?,,true,powergrid-mc1.21.1-0.6.0.1.jar
powergrid,missing,powergrid.ponder.generator_2.text_3,This is where the concept of Self-Excitation comes into play.,,true,powergrid-mc1.21.1-0.6.0.1.jar
powergrid,missing,powergrid.ponder.generator_2.text_4,The stator coils posses a small residual magnetic field which can be used to start a feedback reaction.,,true,powergrid-mc1.21.1-0.6.0.1.jar
powergrid,missing,powergrid.ponder.generator_2.text_5,"To have better control of the output voltage, we'll use a Rheostat.",,true,powergrid-mc1.21.1-0.6.0.1.jar
powergrid,missing,powergrid.ponder.generator_2.text_6,Wire positive to positive...,,true,powergrid-mc1.21.1-0.6.0.1.jar
powergrid,missing,powergrid.ponder.generator_2.text_7,...and negative to negative,,true,powergrid-mc1.21.1-0.6.0.1.jar
powergrid,missing,powergrid.ponder.generator_2.text_8,A self-excited generator is sensitive to a couple of factors.,,true,powergrid-mc1.21.1-0.6.0.1.jar
powergrid,missing,powergrid.ponder.generator_2.text_9,"1.Rotation direction - The generator will only work when spinning one way, stator wiring must be flipped for it to work the other way.",,true,powergrid-mc1.21.1-0.6.0.1.jar
powergrid,missing,powergrid.ponder.generator_3.header,Regulated generator,,true,powergrid-mc1.21.1-0.6.0.1.jar
powergrid,missing,powergrid.ponder.generator_3.text_1,Generator voltage will drop when a load is connected,,true,powergrid-mc1.21.1-0.6.0.1.jar
powergrid,missing,powergrid.ponder.generator_3.text_2,This effect can be reduced by utilizing the Carbon Pile Regulator,,true,powergrid-mc1.21.1-0.6.0.1.jar
powergrid,missing,powergrid.ponder.generator_3.text_3,"Without any extra connections, the carbon pile is just a simple resistor.",,true,powergrid-mc1.21.1-0.6.0.1.jar
powergrid,missing,powergrid.ponder.generator_3.text_4,Lets connect the load again,,true,powergrid-mc1.21.1-0.6.0.1.jar
powergrid,translated,powergrid.ponder.generator_clutch.header,Dosing kinetic energy,Регулированием кинетической энергии,true,powergrid-mc1.21.1-0.6.0.1.jar
powergrid,translated,powergrid.ponder.generator_clutch.text_1,The Generator Clutch is the base of all generator assemblies,Муфта генератора является основой всех узлов генератора,true,powergrid-mc1.21.1-0.6.0.1.jar
powergrid,translated,powergrid.ponder.generator_clutch.text_2,It provides a weak coupling between your kinetic network and the generator shaft,Это обеспечивает слабую связь между вашей кинетической сетью и валом генератора,true,powergrid-mc1.21.1-0.6.0.1.jar
powergrid,translated,powergrid.ponder.generator_clutch.text_3,You can use a redstone signal to change the coupling strength,Вы можете использовать редстоун сигнал для изменения силы сцепления муфты,true,powergrid-mc1.21.1-0.6.0.1.jar
powergrid,translated,powergrid.ponder.generator_housing.header,Connecting windings at an angle,Соединение обмоток под углом,true,powergrid-mc1.21.1-0.6.0.1.jar
powergrid,translated,powergrid.ponder.generator_housing.text_1,The generator housing can be used to connect windings around a rotor,Остов генератора можно использовать для соединения обмоток вокруг ротора,true,powergrid-mc1.21.1-0.6.0.1.jar
powergrid,translated,powergrid.ponder.generator_housing.text_2,This allows for a cleaner generator setup with less wires connected around rotors,"Это позволяет сделать генератор более компактным, уменьшив количество проводов, подключенных к роторам",true,powergrid-mc1.21.1-0.6.0.1.jar
powergrid,translated,powergrid.ponder.generator_rotor.header,Spinning weight,Вращением масс,true,powergrid-mc1.21.1-0.6.0.1.jar
powergrid,translated,powergrid.ponder.generator_rotor.text_1,"Rotors are the most basic part of a generator assembly, they generate electricity when spinning in a magnetic field.",Роторы являются основной частью генератора – они генерируют электричество при вращении в магнитном поле.,true,powergrid-mc1.21.1-0.6.0.1.jar
powergrid,translated,powergrid.ponder.generator_rotor.text_2,You can extend the rotor assembly by placing more rotor blocks,"Вы можете расширить роторную сборку, поставив больше роторных блоков",true,powergrid-mc1.21.1-0.6.0.1.jar
powergrid,translated,powergrid.ponder.generator_winding.header,Coils of wire,Мотки провода,true,powergrid-mc1.21.1-0.6.0.1.jar
powergrid,translated,powergrid.ponder.generator_winding.text_1,Right-Clicking two shafts with a coil item will create a winding,Нажатие ПКМ на два вала с предметом катушки создаёт обмотку,true,powergrid-mc1.21.1-0.6.0.1.jar
powergrid,translated,powergrid.ponder.grounding.header,Ground reference,Точкой заземления,true,powergrid-mc1.21.1-0.6.0.1.jar
powergrid,translated,powergrid.ponder.grounding.text_1,The grounding rod provides a 0V ground reference to your grid,Заземляющий стержень обеспечивает 0В опорного заземления для вашей сети,true,powergrid-mc1.21.1-0.6.0.1.jar
powergrid,translated,powergrid.ponder.grounding.text_2,You can use it to transfer power but you must be careful...,"Вы можете использовать его для передачи энергии, но будьте осторожны...",true,powergrid-mc1.21.1-0.6.0.1.jar
powergrid,translated,powergrid.ponder.grounding.text_3,High potential and bad ground conditions will cause the ground to become electrified and cause damage to nearby entities.,Высокий потенциал и плохое состояние грунта приведут к его электризации и урону находящимся рядом сущностям.,true,powergrid-mc1.21.1-0.6.0.1.jar
powergrid,translated,powergrid.ponder.growth_lamp.header,Accelerating crop growth,Ускорение роста растений,true,powergrid-mc1.21.1-0.6.0.1.jar
powergrid,translated,powergrid.ponder.growth_lamp.text_1,The growth lamp is a special type of light bulb which accelerates crop growth in a certain area when powered on,"Фитосветильник – это особый тип лампы, который ускоряет рост растений в определенной области при включении",true,powergrid-mc1.21.1-0.6.0.1.jar
powergrid,translated,powergrid.ponder.heating_coil_basic.header,Warming up the atmosphere,Разогрев воздуха,true,powergrid-mc1.21.1-0.6.0.1.jar
powergrid,translated,powergrid.ponder.heating_coil_basic.text_1,The heating coil can be used to heat up the passing Air Flow if enough power is applied to it,"Нагревательный элемент можно использовать для нагрева проходящего через него Воздушного потока, если к нему прилагается достаточная мощность",true,powergrid-mc1.21.1-0.6.0.1.jar
powergrid,translated,powergrid.ponder.heating_coil_basic.text_2,By applying a bigger voltage the Air Flow can be used for bulk blasting,При подаче большего напряжения Воздушный поток можно использовать для массовой плавки,true,powergrid-mc1.21.1-0.6.0.1.jar
powergrid,translated,powergrid.ponder.heating_coil_speed.header,Electrified bulk processing,Электрифицированной массовой обработкой,true,powergrid-mc1.21.1-0.6.0.1.jar
powergrid,translated,powergrid.ponder.heating_coil_speed.text_1,The heating coil allows for faster bulk processing,Нагревательный элемент используется для ускорения массовой обработки,true,powergrid-mc1.21.1-0.6.0.1.jar
powergrid,translated,powergrid.ponder.hv_breaker.header,A high power switch,Выключателем высокой мощности,true,powergrid-mc1.21.1-0.6.0.1.jar
powergrid,translated,powergrid.ponder.hv_breaker.text_1,HV Breaker can be used to safely switch a high power load,"Высоковольтный автоматический выключатель используется, чтобы безопасно коммутировать сеть с большой нагрузкой",true,powergrid-mc1.21.1-0.6.0.1.jar
powergrid,translated,powergrid.ponder.hv_breaker.text_2,"To close it, you must first wind it up","Чтобы замкнуть контакты, сперва его нужно взвести",true,powergrid-mc1.21.1-0.6.0.1.jar
powergrid,translated,powergrid.ponder.hv_breaker.text_3,Its state can then be toggled with a redstone pulse,Его состояние можно менять сигналом красного камня,true,powergrid-mc1.21.1-0.6.0.1.jar
powergrid,translated,powergrid.ponder.hv_breaker.text_4,The breaker can be opened without having to wind it up again,Выключатель может быть разомкнут без повторного взведения,true,powergrid-mc1.21.1-0.6.0.1.jar
powergrid,translated,powergrid.ponder.hv_switch.header,Mechanical switch,Механический выключатель,true,powergrid-mc1.21.1-0.6.0.1.jar
powergrid,translated,powergrid.ponder.hv_switch.text_1,The High Voltage Switch allows you to toggle electricity using a kinetic input,Высоковольтный выключатель позволяет управлять электроэнергией с помощью механического вращения,true,powergrid-mc1.21.1-0.6.0.1.jar
powergrid,translated,powergrid.ponder.improved_grounding.header,Better ground reference,Лучшей точкой заземления,true,powergrid-mc1.21.1-0.6.0.1.jar
powergrid,translated,powergrid.ponder.improved_grounding.text_1,Regular blocks are not that conductive and will cause your grounding rod to have a high impedance,"Обычные блоки не обладают высокой проводимостью и, следовательно, заземляющий стержень обладает высоким электрическим импедансом",true,powergrid-mc1.21.1-0.6.0.1.jar
powergrid,translated,powergrid.ponder.improved_grounding.text_2,You can improve the ground conditions by adding conductive blocks close to the grounding rod,"Вы можете улучшить условия заземления, добавив проводящие блоки рядом с заземляющим стержнем",true,powergrid-mc1.21.1-0.6.0.1.jar
powergrid,translated,powergrid.ponder.insulated_wire.header,Insulated Wires,Изолированными проводами,true,powergrid-mc1.21.1-0.6.0.1.jar
powergrid,translated,powergrid.ponder.insulated_wire.text_1,Insulated wires can be colored by right clicking them with a dye or by holding a dye in your offhand while placing them.,"Изолированные провода можно окрасить, щелкнув по ним правой кнопкой мыши с красителем или удерживая краситель во второй руке во время их размещения.",true,powergrid-mc1.21.1-0.6.0.1.jar
powergrid,translated,powergrid.ponder.light.header,Lighting up the world with electricity,Освещение мира электричеством,true,powergrid-mc1.21.1-0.6.0.1.jar
powergrid,translated,powergrid.ponder.light.text_1,When light bulbs are inserted into fixtures and powered on they turn electricity into light,"Когда лампа вставляется в цоколь и запитывается, она превращает электричество в свет",true,powergrid-mc1.21.1-0.6.0.1.jar
powergrid,translated,powergrid.ponder.light.text_2,"If the voltage is not high enough, the light bulb will be dimmer","Если напряжения недостаточно, то лампа станет тусклее",true,powergrid-mc1.21.1-0.6.0.1.jar
powergrid,translated,powergrid.ponder.light.text_3,You can change the color of the light bulb by right-clicking it with a dye,Цвет лампы можно менять нажатием ПКМ с красителем в руке,true,powergrid-mc1.21.1-0.6.0.1.jar
powergrid,translated,powergrid.ponder.lightning_attractor.header,Artificial lightning,Искусственная молния,true,powergrid-mc1.21.1-0.6.0.1.jar
powergrid,translated,powergrid.ponder.lightning_attractor.text_1,You can build a lightning attractor using lightning rods and wool placed on a Mechanical Bearing,"Вы можете построить сборщик молний, используя громоотводы и шерсть, размещенные на механической опоре",true,powergrid-mc1.21.1-0.6.0.1.jar
powergrid,translated,powergrid.ponder.lightning_attractor.text_2,When you spin it fast enough during a thunderstorm it will make lightning strikes more frequent,"Если вы будете достаточно быстро вращать во время грозы, молния будет бить чаще",true,powergrid-mc1.21.1-0.6.0.1.jar
powergrid,missing,powergrid.ponder.modular_display.header,Modular Display,,true,powergrid-mc1.21.1-0.6.0.1.jar
powergrid,missing,powergrid.ponder.modular_display.text_1,You can place modules in by clicking a display module on a empty slot,,true,powergrid-mc1.21.1-0.6.0.1.jar
powergrid,missing,powergrid.ponder.modular_display.text_2,You can remove them by shift clicking,,true,powergrid-mc1.21.1-0.6.0.1.jar
powergrid,missing,powergrid.ponder.modular_display.text_3,There is a case ground in the center and a positive and reset pin for every slot,,true,powergrid-mc1.21.1-0.6.0.1.jar
powergrid,missing,powergrid.ponder.modular_display.text_4,See display module ponder for instructions on how to use the modules,,true,powergrid-mc1.21.1-0.6.0.1.jar
powergrid,missing,powergrid.ponder.modular_display.text_5,You can click and hold on a slot that has a module to change what the module displays,,true,powergrid-mc1.21.1-0.6.0.1.jar
powergrid,missing,powergrid.ponder.modular_display.text_6,You can dye modules by clicking the slot with dye,,true,powergrid-mc1.21.1-0.6.0.1.jar
powergrid,translated,powergrid.ponder.parallel_generator_winding.header,Connected coils of wire,Соединенные витки проволоки,true,powergrid-mc1.21.1-0.6.0.1.jar
powergrid,translated,powergrid.ponder.parallel_generator_winding.text_1,Windings placed next to each other will connect in series,"Обмотки, расположенные рядом друг с другом, будут соединены последовательно",true,powergrid-mc1.21.1-0.6.0.1.jar
powergrid,translated,powergrid.ponder.parallel_generator_winding.text_2,This allows for a cleaner generator setup with less wires connected around rotors,"Это позволяет сделать генератор более компактным, уменьшив количество проводов, подключенных к роторам",true,powergrid-mc1.21.1-0.6.0.1.jar
powergrid,translated,powergrid.ponder.plotter.header,Plotting voltage,Графиками напряжения,true,powergrid-mc1.21.1-0.6.0.1.jar
powergrid,translated,powergrid.ponder.plotter.text_1,The Plotter is a simple electromechanical device that measures voltage over time,"Графопостроитель – это простое электромеханическое устройство, которое измеряет напряжение во времени",true,powergrid-mc1.21.1-0.6.0.1.jar
powergrid,translated,powergrid.ponder.plotter.text_2,The graph color can be changed by right clicking the plotter with a dye,Цвет графика можно менять нажатием ПКМ с красителем,true,powergrid-mc1.21.1-0.6.0.1.jar
powergrid,translated,powergrid.ponder.power_gauge.header,Monitoring Electricity using the Power Gauge,Измерением электроэнергии с помощью Ваттметра,true,powergrid-mc1.21.1-0.6.0.1.jar
powergrid,translated,powergrid.ponder.power_gauge.text_1,The Power Gauge can be used to measure power going into a section of the electrical network,"Ваттметр может использоваться для измерения мощности, поступающей в участок электрической сети",true,powergrid-mc1.21.1-0.6.0.1.jar
powergrid,translated,powergrid.ponder.power_resistor.header,High-power resistor,Высокомощным резистором,true,powergrid-mc1.21.1-0.6.0.1.jar
powergrid,translated,powergrid.ponder.power_resistor.text_1,The Power Resistor is a simple device which lets you limit the current flow in a circuit.,"Силовой резистор - это простое устройство, которое позволяет ограничить протекание тока в цепи.",true,powergrid-mc1.21.1-0.6.0.1.jar
powergrid,translated,powergrid.ponder.power_resistor.text_2,You can change the resistance by clicking on its top,"Вы можете изменить сопротивление, нажав на его верхнюю часть",true,powergrid-mc1.21.1-0.6.0.1.jar
powergrid,mixed_script,powergrid.ponder.power_resistor.text_3,The current flow is equal to the voltage across the resistor divided by its resistance (I = V / R),"Протекающий ток равен напряжению на резисторе, деленному на его сопротивление (I = V / R)",true,powergrid-mc1.21.1-0.6.0.1.jar
powergrid,translated,powergrid.ponder.punch_card_reader.header,Punch Cards,Перфокартами,true,powergrid-mc1.21.1-0.6.0.1.jar
powergrid,translated,powergrid.ponder.punch_card_reader.text_1,The Punch Card Reader is a device that can be used to playback a sequence of signals.,Считыватель перфокарт это устройство которое позволяет проигрывать определенный порядок сигналов.,true,powergrid-mc1.21.1-0.6.0.1.jar
powergrid,translated,powergrid.ponder.punch_card_reader.text_2,It will connect the common terminal to an output pin when a hole is read from the card.,"Он подключит общую клемму к выходному контакту, когда с перфокарты считываются отверстия.",true,powergrid-mc1.21.1-0.6.0.1.jar
powergrid,translated,powergrid.ponder.punch_card_reader.text_3,"To work, the device needs a kinetic input. Rotation speed controls the read speed.",Для работы прибор требует вращение. Скорость считывания карт зависит от скорости вращения.,true,powergrid-mc1.21.1-0.6.0.1.jar
powergrid,translated,powergrid.ponder.punch_card_reader.text_4,Punch Cards can be inserted manually or automatically.,Перфокарты можно вводит автоматически или вручную.,true,powergrid-mc1.21.1-0.6.0.1.jar
powergrid,missing,powergrid.ponder.redstone_converter.header,Reading redstone,,true,powergrid-mc1.21.1-0.6.0.1.jar
powergrid,missing,powergrid.ponder.redstone_converter.text_1,The Redstone Converter is a device that converts redstone signals into resistance changes,,true,powergrid-mc1.21.1-0.6.0.1.jar
powergrid,missing,powergrid.ponder.redstone_converter.text_2,Its internal structure resembles that of a potentiometer,,true,powergrid-mc1.21.1-0.6.0.1.jar
powergrid,missing,powergrid.ponder.redstone_converter.text_3,Resistance between non-inverting and tap pads will go down with the applied signal...,,true,powergrid-mc1.21.1-0.6.0.1.jar
powergrid,missing,powergrid.ponder.redstone_converter.text_4,...while resistance between inverting and tap pads will go up,,true,powergrid-mc1.21.1-0.6.0.1.jar
powergrid,missing,powergrid.ponder.redstone_converter.text_5,When attached to a block it'll act similar to a Redstone Comparator,,true,powergrid-mc1.21.1-0.6.0.1.jar
powergrid,missing,powergrid.ponder.redstone_converter.text_6,"For some blocks, the Redstone Converter can provide more precision than a Redstone Comparator",,true,powergrid-mc1.21.1-0.6.0.1.jar
powergrid,translated,powergrid.ponder.rheostat.header,Variable resistor,Переменным резистором,true,powergrid-mc1.21.1-0.6.0.1.jar
powergrid,translated,powergrid.ponder.rheostat.text_1,A rheostat can be used to vary electrical resistance using a kinetic input,Реостат может быть использован для изменения электрического сопротивления с помощью вращения,true,powergrid-mc1.21.1-0.6.0.1.jar
powergrid,translated,powergrid.ponder.servo.header,Precise movements,Точные движения,true,powergrid-mc1.21.1-0.6.0.1.jar
powergrid,translated,powergrid.ponder.servo.text_1,A Servo can be used to precisely control mechanical movements using an electric signal,Сервопривод может использоваться для точного контроля механических движений с помощью электрического сигнала,true,powergrid-mc1.21.1-0.6.0.1.jar
powergrid,translated,powergrid.ponder.servo.text_2,"The control pin accepts a voltage between -5 and 5 volts, which maps to -360 and 360 degrees of rotation","Регулятор принимает напряжение от -5 до 5 вольт, которое соответствует -360 и 360 градусам вращения",true,powergrid-mc1.21.1-0.6.0.1.jar
powergrid,translated,powergrid.ponder.shared.gauge_customize,You can change how the measured value is displayed by right-clicking the gauge with a name tag,Вывод значения можно изменить с помощью ПКМ по шкале с биркой,true,powergrid-mc1.21.1-0.6.0.1.jar
powergrid,translated,powergrid.ponder.shared.gauge_goggles,"When wearing Engineers' Goggles, the player can get more detailed information from the Gauge",Надев инженерные очки игрок может полечить более детальную информацию со шкалы,true,powergrid-mc1.21.1-0.6.0.1.jar
powergrid,translated,powergrid.ponder.shared.gauge_range,You can change the gauge's range by clicking on top of it,Диапазон измерения шкалы можно изменить нажав на верхушку,true,powergrid-mc1.21.1-0.6.0.1.jar
powergrid,missing,powergrid.ponder.solar_panel_bearing.header,Solar Panel Bearing Basics,,true,powergrid-mc1.21.1-0.6.0.1.jar
powergrid,missing,powergrid.ponder.solar_panel_bearing.text_1,The Solar Panel Bearing attaches to Solar Panels placed in front of it.,,true,powergrid-mc1.21.1-0.6.0.1.jar
powergrid,missing,powergrid.ponder.solar_panel_bearing.text_10,"For example this contraption has 6 Solar Panels attached it would give you 4 options (1x6, 2x3, 3x2, 6x1).",,true,powergrid-mc1.21.1-0.6.0.1.jar
powergrid,missing,powergrid.ponder.solar_panel_bearing.text_11,"The first number shows how many strings you have in parallel, and the second number is how many Solar Panels you have in a string.",,true,powergrid-mc1.21.1-0.6.0.1.jar
powergrid,missing,powergrid.ponder.solar_panel_bearing.text_12,In simplified terms the further the slider is to the left you get more voltage and less current and further to the right is more current less voltage.,,true,powergrid-mc1.21.1-0.6.0.1.jar
powergrid,missing,powergrid.ponder.solar_panel_bearing.text_13,"The max amount of panels in a string is 25, if your Solar Panel amount isn't divisible by 1-9 with a quotient of less than 26 it will not assemble.",,true,powergrid-mc1.21.1-0.6.0.1.jar
powergrid,missing,powergrid.ponder.solar_panel_bearing.text_14,The fix is to add or remove Solar Panels.,,true,powergrid-mc1.21.1-0.6.0.1.jar
powergrid,missing,powergrid.ponder.solar_panel_bearing.text_2,By clicking you can assemble the contraption.,,true,powergrid-mc1.21.1-0.6.0.1.jar
powergrid,missing,powergrid.ponder.solar_panel_bearing.text_3,You do not need to glue Solar Panels together as long as they are touching.,,true,powergrid-mc1.21.1-0.6.0.1.jar
powergrid,missing,powergrid.ponder.solar_panel_bearing.text_4,If you do not connect the Solar Panels directly to the face then you need to glue every block that isn't a Solar Panel and glue at least one Solar Panel.,,true,powergrid-mc1.21.1-0.6.0.1.jar
powergrid,missing,powergrid.ponder.solar_panel_bearing.text_5,Gluing like this will only turn the center.,,true,powergrid-mc1.21.1-0.6.0.1.jar
powergrid,missing,powergrid.ponder.solar_panel_bearing.text_6,Gluing like this will rotate the center and the Solar Panels.,,true,powergrid-mc1.21.1-0.6.0.1.jar
powergrid,missing,powergrid.ponder.solar_panel_bearing.text_7,When assembled the output of all connected Solar Panels is combined on the terminals on the bearing.,,true,powergrid-mc1.21.1-0.6.0.1.jar
powergrid,missing,powergrid.ponder.solar_panel_bearing.text_8,On the side of the block you can change how the power from the Solar Panels is output.,,true,powergrid-mc1.21.1-0.6.0.1.jar
powergrid,missing,powergrid.ponder.solar_panel_bearing.text_9,The output is in (Strings in parallel * Panels in String).,,true,powergrid-mc1.21.1-0.6.0.1.jar
powergrid,missing,powergrid.ponder.solar_panel_conditions.header,Solar Panel Basics,,true,powergrid-mc1.21.1-0.6.0.1.jar
powergrid,missing,powergrid.ponder.solar_panel_conditions.text_1,The Solar Panel needs to point at the sun to make power.,,true,powergrid-mc1.21.1-0.6.0.1.jar
powergrid,missing,powergrid.ponder.solar_panel_conditions.text_10,"Biome placement matters, the hotter the Solar Panel gets the less efficient it is.",,true,powergrid-mc1.21.1-0.6.0.1.jar
powergrid,missing,powergrid.ponder.solar_panel_conditions.text_11,Placing the Solar Panel in the desert will get you noticeably less overall power than...,,true,powergrid-mc1.21.1-0.6.0.1.jar
powergrid,missing,powergrid.ponder.solar_panel_conditions.text_12,Placing one in a plains biome.,,true,powergrid-mc1.21.1-0.6.0.1.jar
powergrid,missing,powergrid.ponder.solar_panel_conditions.text_13,Solar panels placed next to each other can connect to form a multiblock.,,true,powergrid-mc1.21.1-0.6.0.1.jar
powergrid,missing,powergrid.ponder.solar_panel_conditions.text_14,Next scene will show you how to start making power with Solar Panels.,,true,powergrid-mc1.21.1-0.6.0.1.jar
powergrid,missing,powergrid.ponder.solar_panel_conditions.text_2,"The closer to directly pointing at the sun you get, the more power the panel will make.",,true,powergrid-mc1.21.1-0.6.0.1.jar
powergrid,missing,powergrid.ponder.solar_panel_conditions.text_3,For pointing with more accuracy you can use the Solar Panel Bearing refer to that ponder for more information.,,true,powergrid-mc1.21.1-0.6.0.1.jar
powergrid,missing,powergrid.ponder.solar_panel_conditions.text_4,The Solar Panel needs direct sunlight.,,true,powergrid-mc1.21.1-0.6.0.1.jar
powergrid,missing,powergrid.ponder.solar_panel_conditions.text_5,If there are any obstacles in the way it will make substantially less power.,,true,powergrid-mc1.21.1-0.6.0.1.jar
powergrid,missing,powergrid.ponder.solar_panel_conditions.text_6,"There are some blocks that let light through like glass, water, leaves and a few other blocks.",,true,powergrid-mc1.21.1-0.6.0.1.jar
powergrid,missing,powergrid.ponder.solar_panel_conditions.text_7,25%%,,true,powergrid-mc1.21.1-0.6.0.1.jar
powergrid,missing,powergrid.ponder.solar_panel_conditions.text_8,50%%,,true,powergrid-mc1.21.1-0.6.0.1.jar
powergrid,missing,powergrid.ponder.solar_panel_conditions.text_9,75%%,,true,powergrid-mc1.21.1-0.6.0.1.jar
powergrid,missing,powergrid.ponder.solar_panel_power_creation.header,Solar Panel Power Generation,,true,powergrid-mc1.21.1-0.6.0.1.jar
powergrid,missing,powergrid.ponder.solar_panel_power_creation.text_1,"A Solar Panels output is based on an IV curve, Google ""Solar Panel IV curve"" for an image of a general IV curve.",,true,powergrid-mc1.21.1-0.6.0.1.jar
powergrid,missing,powergrid.ponder.solar_panel_power_creation.text_2,There are a few terms you need to know.,,true,powergrid-mc1.21.1-0.6.0.1.jar
powergrid,missing,powergrid.ponder.solar_panel_power_creation.text_3,Voc is the max voltage of the Solar Panel with no load on it.,,true,powergrid-mc1.21.1-0.6.0.1.jar
powergrid,missing,powergrid.ponder.solar_panel_power_creation.text_4,Isc is the short current of the Solar Panel aka the current you would get placing a wire between the positive and negative.,,true,powergrid-mc1.21.1-0.6.0.1.jar
powergrid,missing,powergrid.ponder.solar_panel_power_creation.text_5,"Vmp and Imp are the points along the IV curve where the Solar Panel makes the most power, these points shift around depending on the environmental conditions of the Solar Panel.",,true,powergrid-mc1.21.1-0.6.0.1.jar
powergrid,missing,powergrid.ponder.solar_panel_power_creation.text_6,A simple way to use a Solar Panel is by impedance matching it to your load.,,true,powergrid-mc1.21.1-0.6.0.1.jar
powergrid,missing,powergrid.ponder.solar_panel_power_creation.text_7,"For example if a Solar Panels Vmp is 21.2V and Imp is 7.8A, Ohm's law dictates that the optimal load resistance would be 2.71 Ohms.",,true,powergrid-mc1.21.1-0.6.0.1.jar
powergrid,missing,powergrid.ponder.solar_panel_power_creation.text_8,The further you get from that resistance the less overall power the panel will make.,,true,powergrid-mc1.21.1-0.6.0.1.jar
powergrid,translated,powergrid.ponder.string_lights.header,String Lights,Гирляндами!,true,powergrid-mc1.21.1-0.6.0.1.jar
powergrid,translated,powergrid.ponder.string_lights.text_1,The String Light Cord is a decorative wire that will light up when powered,Гирлянда - декоративный провод который светится при подаче питания,true,powergrid-mc1.21.1-0.6.0.1.jar
powergrid,translated,powergrid.ponder.string_lights.text_2,Its pattern can be changed by combining it with any amount of dyes in the crafting table.,Узор можно изменить комбинируя его с любым количеством красителей в верстаке.,true,powergrid-mc1.21.1-0.6.0.1.jar
powergrid,translated,powergrid.ponder.switch_lv_button.header,Manually switching electricity,Переключение электроэнергии вручную,true,powergrid-mc1.21.1-0.6.0.1.jar
powergrid,translated,powergrid.ponder.switch_lv_button.text_1,Switches and buttons allow you to manually toggle electricity,Выключатели и кнопки позволяют вручную управлять электроэнергией,true,powergrid-mc1.21.1-0.6.0.1.jar
powergrid,translated,powergrid.ponder.switch_lv_switch.header,Manually switching electricity,Переключение электроэнергии вручную,true,powergrid-mc1.21.1-0.6.0.1.jar
powergrid,translated,powergrid.ponder.switch_lv_switch.text_1,Switches and buttons allow you to manually toggle electricity,Выключатели и кнопки позволяют вручную переключать электричество,true,powergrid-mc1.21.1-0.6.0.1.jar
powergrid,translated,powergrid.ponder.switch_mv_switch.header,Manually switching electricity,Переключение электроэнергии вручную,true,powergrid-mc1.21.1-0.6.0.1.jar
powergrid,translated,powergrid.ponder.switch_mv_switch.text_1,Switches and buttons allow you to manually toggle electricity,Выключатели и кнопки позволяют вручную управлять электроэнергией,true,powergrid-mc1.21.1-0.6.0.1.jar
powergrid,missing,powergrid.ponder.tag.ceiling_tile_attachments,Ceiling tile attachments,,true,powergrid-mc1.21.1-0.6.0.1.jar
powergrid,missing,powergrid.ponder.tag.ceiling_tile_attachments.description,Blocks which can be placed on the ceiling tile,,true,powergrid-mc1.21.1-0.6.0.1.jar
powergrid,translated,powergrid.ponder.tag.circuit_components,Circuit Components,Компоненты электрической цепи,true,powergrid-mc1.21.1-0.6.0.1.jar
powergrid,translated,powergrid.ponder.tag.circuit_components.description,Components which can be placed on a circuit,"Компоненты, которые могут быть размещены в электрической цепи",true,powergrid-mc1.21.1-0.6.0.1.jar
powergrid,translated,powergrid.ponder.tag.electric_devices,Electric Devices,Электрические устройства,true,powergrid-mc1.21.1-0.6.0.1.jar
powergrid,translated,powergrid.ponder.tag.electric_devices.description,Components which use electricity to do something,"Компоненты, использующие электроэнергию для чего-либо",true,powergrid-mc1.21.1-0.6.0.1.jar
powergrid,translated,powergrid.ponder.tag.electric_relays,Electricity Relays,Реле,true,powergrid-mc1.21.1-0.6.0.1.jar
powergrid,translated,powergrid.ponder.tag.electric_relays.description,Components which help guide electricity in the right direction,"Компоненты, которые помогают управлять электроэнергией в правильном направлении",true,powergrid-mc1.21.1-0.6.0.1.jar
powergrid,translated,powergrid.ponder.tag.generator_assembly,Generator Parts,Части генератора,true,powergrid-mc1.21.1-0.6.0.1.jar
powergrid,translated,powergrid.ponder.tag.generator_assembly.description,Components which can be used to build a generator,"Компоненты, которые могу быть использованы для строительства генератора",true,powergrid-mc1.21.1-0.6.0.1.jar
powergrid,translated,powergrid.ponder.thunder_magnet.header,Natural magnets,Природные магниты,true,powergrid-mc1.21.1-0.6.0.1.jar
powergrid,translated,powergrid.ponder.thunder_magnet.text_1,When lightning strikes near an iron ingot it has a chance to magnetize it,"Когда молния бьёт рядом с железным слитком, он имеет шанс намагнититься",true,powergrid-mc1.21.1-0.6.0.1.jar
powergrid,missing,powergrid.ponder.transformer_nether.header,Interdimensional transformers,,true,powergrid-mc1.21.1-0.6.0.1.jar
powergrid,missing,powergrid.ponder.transformer_nether.text_1,Assembling a transformer next to a nether portal...,,true,powergrid-mc1.21.1-0.6.0.1.jar
powergrid,missing,powergrid.ponder.transformer_nether.text_2,...will create a linked transformer on the other end.,,true,powergrid-mc1.21.1-0.6.0.1.jar
powergrid,translated,powergrid.ponder.transformer_sizes.header,Transformers,Трансформаторы,true,powergrid-mc1.21.1-0.6.0.1.jar
powergrid,translated,powergrid.ponder.transformer_sizes.text_1,"Transformers come in different sizes, each of them offering different power capabilities and winding capacities","Трансформаторы бывают разных размеров, каждый из которых обладает разной предельной мощностью и мощностью обмоток",true,powergrid-mc1.21.1-0.6.0.1.jar
powergrid,translated,powergrid.ponder.transformer_winding.header,Winding a transformer,Обмотка трансформатора,true,powergrid-mc1.21.1-0.6.0.1.jar
powergrid,translated,powergrid.ponder.transformer_winding.text_1,"To wind a transformer, first select the starting terminal for your winding","Чтобы намотать обмотку трансформатора, сначала выберите начальную клемму",true,powergrid-mc1.21.1-0.6.0.1.jar
powergrid,translated,powergrid.ponder.transformer_winding.text_2,"Next, click on the transformer body and pick the number of turn you want to add","Затем, нажмите на корпус трансформатора и выберите количество витков, которое вы хотите добавить",true,powergrid-mc1.21.1-0.6.0.1.jar
powergrid,translated,powergrid.ponder.transformer_winding.text_3,"Lastly, select the end terminal for your winding","Наконец, выберите конечную клемму",true,powergrid-mc1.21.1-0.6.0.1.jar
powergrid,translated,powergrid.ponder.transformer_winding.text_4,Repeat for the secondary winding,Повторите для вторичной обмотки,true,powergrid-mc1.21.1-0.6.0.1.jar
powergrid,translated,powergrid.ponder.transformer_winding.text_5,Your transformer will now transform voltage with the ratio you wound,"Ваш трансформатор теперь изменит напряжение с соотношением, которое вы выставили",true,powergrid-mc1.21.1-0.6.0.1.jar
powergrid,translated,powergrid.ponder.variac.header,Variable transformer,Переменным трансформатором,true,powergrid-mc1.21.1-0.6.0.1.jar
powergrid,translated,powergrid.ponder.variac.text_1,A variac can be used to variably transform voltages using a kinetic input,Автотрансформатор может использоваться для вариативного преобразования напряжения с помощью вращения,true,powergrid-mc1.21.1-0.6.0.1.jar
powergrid,translated,powergrid.ponder.voltage_gauge.header,Monitoring Electricity using the Voltage Gauge,Измерением электроэнергии с помощью Вольтметра,true,powergrid-mc1.21.1-0.6.0.1.jar
powergrid,translated,powergrid.ponder.voltage_gauge.text_1,The Voltage Gauge displays the voltage potential between it's terminals,Вольтметр отображает разность потенциалов между его клеммами,true,powergrid-mc1.21.1-0.6.0.1.jar
powergrid,missing,powergrid.ponder.voltage_gauge.text_2,It connects in parallel to your circuit,,true,powergrid-mc1.21.1-0.6.0.1.jar
powergrid,missing,powergrid.ponder.voltage_gauge.text_3,"If you were to connect it in series, virtually no current would be able to flow",,true,powergrid-mc1.21.1-0.6.0.1.jar
powergrid,translated,powergrid.ponder.wire_connector.header,Wires on poles,Провода на столбах,true,powergrid-mc1.21.1-0.6.0.1.jar
powergrid,translated,powergrid.ponder.wire_connector.text_1,Wire connectors can be used as attachment points for wires,Соединители можно использовать в качестве точек крепления проводов,true,powergrid-mc1.21.1-0.6.0.1.jar
powergrid,missing,powergrid.ponder.wire_connector.text_2,They serve no purpose other than routing wires,,true,powergrid-mc1.21.1-0.6.0.1.jar
powergrid,missing,powergrid.ponder.wire_loop.header,Current loops,,true,powergrid-mc1.21.1-0.6.0.1.jar
powergrid,missing,powergrid.ponder.wire_loop.text_1,Current will not flow unless the circuit forms a complete loop,,true,powergrid-mc1.21.1-0.6.0.1.jar
powergrid,translated,powergrid.ponder.wire_simple.header,Transferring electricity using wires,Передача электричества проводами,true,powergrid-mc1.21.1-0.6.0.1.jar
powergrid,translated,powergrid.ponder.wire_simple.text_1,Wires are used to transfer electricity between terminals of electric devices,Провода используются для передачи электроэнергии между клеммами электрических устройств,true,powergrid-mc1.21.1-0.6.0.1.jar
powergrid,translated,powergrid.ponder.wire_voltage_drop.header,Transfer losses,Потери в проводах,true,powergrid-mc1.21.1-0.6.0.1.jar
powergrid,translated,powergrid.ponder.wire_voltage_drop.text_1,"Every wire has a resistance, the longer the wire, the more resistance it has","Каждый провод имеет сопротивление, чем он длиннее, тем больше у него сопротивление",true,powergrid-mc1.21.1-0.6.0.1.jar
powergrid,translated,powergrid.ponder.wire_voltage_drop.text_2,This causes a voltage drop to occur when current is flowing,Это приводит к падению напряжения при движении тока,true,powergrid-mc1.21.1-0.6.0.1.jar
powergrid,translated,powergrid.ponder.wire_voltage_drop.text_3,Lost power is turned into heat,Потерянная энергия превращается в тепло,true,powergrid-mc1.21.1-0.6.0.1.jar
powergrid,translated,powergrid.ponder.wire_voltage_drop.text_4,"If too much power is drawn, the wires can overheat and break","Если слишком много энергии переходит в тепло, то провода могут перегреться и выйти из строя",true,powergrid-mc1.21.1-0.6.0.1.jar
radiologistics,translated,radiologistics.gui.ponder.chapter_1,Overview,Обзор,true,CreateRadiologistics-1.1.2.jar
radiologistics,translated,radiologistics.gui.ponder.chapter_2,Connections,Подключение,true,CreateRadiologistics-1.1.2.jar
radiologistics,translated,radiologistics.gui.ponder.chapter_3,In Action,Работа узла,true,CreateRadiologistics-1.1.2.jar
radiologistics,translated,radiologistics.gui.ponder.chapter_4,Applications,Применение,true,CreateRadiologistics-1.1.2.jar
radiologistics,identical_english,radiologistics.node_ponder.abs.compat,"Number, Add, Subtract, RS Output, Number Viewer","Number, Add, Subtract, RS Output, Number Viewer",true,CreateRadiologistics-1.1.2.jar
radiologistics,translated,radiologistics.node_ponder.abs.desc,"Returns the absolute value of a number (always non-negative). For example, -7 becomes 7.","Возвращает абсолютное значение числа (всегда неотрицательное). Например, -7 становится 7.",true,CreateRadiologistics-1.1.2.jar
radiologistics,mixed_script,radiologistics.node_ponder.abs.title,Abs,Abs (Модуль),true,CreateRadiologistics-1.1.2.jar
radiologistics,identical_english,radiologistics.node_ponder.active_target.compat,"Number Viewer, Text Viewer, Subtract, Atan2, RS Output","Number Viewer, Text Viewer, Subtract, Atan2, RS Output",true,CreateRadiologistics-1.1.2.jar
radiologistics,mixed_script,radiologistics.node_ponder.active_target.desc,"Reads information about the currently targeted contraption from a Network Controller (Create Radars). Outputs the target's name, distance, pitch, yaw, and coordinates.","Считывает информацию о текущей цели с сетевого контроллера (Create Radars). Выводит имя цели, расстояние, угол наклона, курс и координаты.",true,CreateRadiologistics-1.1.2.jar
radiologistics,mixed_script,radiologistics.node_ponder.active_target.title,Active Target,Active Target (Активная цель),true,CreateRadiologistics-1.1.2.jar
radiologistics,identical_english,radiologistics.node_ponder.add.compat,"Number, Subtract, Multiply, Divide, Equal, Greater Than, Less Than, RS Output, Number Viewer","Number, Subtract, Multiply, Divide, Equal, Greater Than, Less Than, RS Output, Number Viewer",true,CreateRadiologistics-1.1.2.jar
radiologistics,mixed_script,radiologistics.node_ponder.add.desc,Adds two numeric inputs together (A + B). The result is output as a number.,Складывает два числовых входа (A + B). Результат выводится в виде числа.,true,CreateRadiologistics-1.1.2.jar
radiologistics,mixed_script,radiologistics.node_ponder.add.title,Add,Add (Сложение),true,CreateRadiologistics-1.1.2.jar
radiologistics,mixed_script,radiologistics.node_ponder.antenna_output.compat,"Bool (event), Number (channel), Text / Number / Bool (data)","Bool (событие), Number (канал), Text / Number / Bool (данные)",true,CreateRadiologistics-1.1.2.jar
radiologistics,translated,radiologistics.node_ponder.antenna_output.desc,Broadcasts a message on a radio channel when the event trigger fires. Accepts a channel number and any payload data. Requires an Antenna module.,"Транслирует сообщение на радиоканале, когда срабатывает триггер события. Принимает номер канала и любые передаваемые данные. Требуется модуль Антенны.",true,CreateRadiologistics-1.1.2.jar
radiologistics,mixed_script,radiologistics.node_ponder.antenna_output.title,Antenna Output (Send Signal),Antenna Output (Отправка сигнала),true,CreateRadiologistics-1.1.2.jar
radiologistics,identical_english,radiologistics.node_ponder.atan2.compat,"Number, Gyroscope, Gyro Position, RS Output, Number Viewer","Number, Gyroscope, Gyro Position, RS Output, Number Viewer",true,CreateRadiologistics-1.1.2.jar
radiologistics,mixed_script,radiologistics.node_ponder.atan2.desc,"Computes the angle (in degrees) between the positive X axis and the point (A, B). Useful for direction calculations.","Вычисляет угол (в градусах) между положительной осью X и точкой (A, B). Полезно для расчета направления движения.",true,CreateRadiologistics-1.1.2.jar
radiologistics,identical_english,radiologistics.node_ponder.atan2.title,Atan2,Atan2,true,CreateRadiologistics-1.1.2.jar
radiologistics,identical_english,radiologistics.node_ponder.bool.compat,"If, Or, Equal, Not Equal, Set Variable, Bool Viewer","If, Or, Equal, Not Equal, Set Variable, Bool Viewer",true,CreateRadiologistics-1.1.2.jar
radiologistics,mixed_script,radiologistics.node_ponder.bool.desc,A constant Boolean value (TRUE or FALSE). Click the button in the node to toggle the value. Use as a constant condition or a static flag.,"Константа булевого типа (TRUE или FALSE). Нажмите кнопку в узле, чтобы переключить значение. Используется как постоянное условие или статический флаг.",true,CreateRadiologistics-1.1.2.jar
radiologistics,translated,radiologistics.node_ponder.bool.title,Bool,Булево,true,CreateRadiologistics-1.1.2.jar
radiologistics,identical_english,radiologistics.node_ponder.bool_viewer.compat,"Bool, Signal, If, Or, Equal, Not Equal","Bool, Signal, If, Or, Equal, Not Equal",true,CreateRadiologistics-1.1.2.jar
radiologistics,mixed_script,radiologistics.node_ponder.bool_viewer.desc,Displays the current Boolean value in the node editor GUI in real-time. Shows ACTIVE (green) or INACTIVE (red). Does not affect logic.,Отображает текущее булево значение в GUI редактора в реальном времени. Показывает ACTIVE (зеленый) или INACTIVE (красный). Не влияет на логику.,true,CreateRadiologistics-1.1.2.jar
radiologistics,mixed_script,radiologistics.node_ponder.bool_viewer.title,Bool Viewer,Bool Viewer (Просмотр булева),true,CreateRadiologistics-1.1.2.jar
radiologistics,translated,radiologistics.node_ponder.camera_screen.compat,Screen,Прозрачный экран,true,CreateRadiologistics-1.1.2.jar
radiologistics,mixed_script,radiologistics.node_ponder.camera_screen.desc,Outputs live camera feed overlaid with 3D gizmos directly to the Transparent Screen.,Выводит изображение с камеры вместе с 3D-гизмосами непосредственно на Прозрачный экран.,true,CreateRadiologistics-1.1.2.jar
radiologistics,translated,radiologistics.node_ponder.camera_screen.title,Camera Screen,Камера на экран,true,CreateRadiologistics-1.1.2.jar
radiologistics,identical_english,radiologistics.node_ponder.cannon_ballistics.compat,"Cannon Mount, Cannon Info, Number, Number Viewer, Cannon Rot","Cannon Mount, Cannon Info, Number, Number Viewer, Cannon Rot",true,CreateRadiologistics-1.1.2.jar
radiologistics,mixed_script,radiologistics.node_ponder.cannon_ballistics.desc,Calculates the required elevation pitch adjustment (degrees) to hit a target at a given horizontal distance and vertical height differential (dy).,Рассчитывает необходимую поправку угла подъема ствола (pitch в градусах) для попадания в цель на заданной горизонтальной дистанции и перепаде высот (dy).,true,CreateRadiologistics-1.1.2.jar
radiologistics,translated,radiologistics.node_ponder.cannon_ballistics.title,Cannon Ballistics,Баллистика орудия,true,CreateRadiologistics-1.1.2.jar
radiologistics,identical_english,radiologistics.node_ponder.cannon_info.compat,"Cannon Mount, Text Viewer, Number Viewer, Cannon Ballistics","Cannon Mount, Text Viewer, Number Viewer, Cannon Ballistics",true,CreateRadiologistics-1.1.2.jar
radiologistics,mixed_script,radiologistics.node_ponder.cannon_info.desc,"Outputs detailed information about the connected CBC cannon: loaded projectile, propellant charges, barrel length, spread, muzzle velocity, pitch, and yaw.","Выводит подробную информацию о подключенном орудии CBC: снаряд, пороховые заряды, длину ствола, разброс, дульную скорость, pitch и yaw.",true,CreateRadiologistics-1.1.2.jar
radiologistics,translated,radiologistics.node_ponder.cannon_info.title,Cannon Info,Информация об орудии,true,CreateRadiologistics-1.1.2.jar
radiologistics,identical_english,radiologistics.node_ponder.cannon_rot.compat,"Number Viewer, Subtract, Atan2","Number Viewer, Subtract, Atan2",true,CreateRadiologistics-1.1.2.jar
radiologistics,mixed_script,radiologistics.node_ponder.cannon_rot.desc,Queries current Pitch and Yaw angles of the connected Cannon Mount. Requires a wired Cannon Mount module.,Получает текущие углы тангажа (Pitch) и рыскания (Yaw) подключенной орудийной установки. Требуется проводная орудийная установка.,true,CreateRadiologistics-1.1.2.jar
radiologistics,mixed_script,radiologistics.node_ponder.cannon_rot.title,Cannon Rot,Cannon Rot (Поворот орудия),true,CreateRadiologistics-1.1.2.jar
radiologistics,mixed_script,radiologistics.node_ponder.close,Close  [Esc],Закрыть  [Esc],true,CreateRadiologistics-1.1.2.jar
radiologistics,identical_english,radiologistics.node_ponder.color_rgb.compat,"Gizmos 2D, Gizmos 3D","Gizmos 2D, Gizmos 3D",true,CreateRadiologistics-1.1.2.jar
radiologistics,mixed_script,radiologistics.node_ponder.color_rgb.desc,"Combines numeric R, G, B inputs (0-255) into a single color value.","Объединяет числовые входы R, G, B (0-255) в одно значение цвета.",true,CreateRadiologistics-1.1.2.jar
radiologistics,mixed_script,radiologistics.node_ponder.color_rgb.title,Color (RGB),Цвет (RGB),true,CreateRadiologistics-1.1.2.jar
radiologistics,identical_english,radiologistics.node_ponder.comment.compat,—,—,true,CreateRadiologistics-1.1.2.jar
radiologistics,translated,radiologistics.node_ponder.comment.desc,A text annotation on the canvas. Does not affect logic. Click to edit. Use to document your algorithm.,"Текстовое примечание на холсте. Не влияет на логику. Нажмите, чтобы отредактировать. Используйте для документирования алгоритма.",true,CreateRadiologistics-1.1.2.jar
radiologistics,translated,radiologistics.node_ponder.comment.title,Comment,Комментарий,true,CreateRadiologistics-1.1.2.jar
radiologistics,translated,radiologistics.node_ponder.compatible,Compatible with:,Совместим с:,true,CreateRadiologistics-1.1.2.jar
radiologistics,identical_english,radiologistics.node_ponder.cos.compat,"Number, Gyroscope, Multiply, RS Output, Number Viewer","Number, Gyroscope, Multiply, RS Output, Number Viewer",true,CreateRadiologistics-1.1.2.jar
radiologistics,translated,radiologistics.node_ponder.cos.desc,Computes the cosine of the input angle in degrees. Returns a value between -1 and 1.,"Вычисляет косинус угла, заданного в градусах. Возвращает значение от -1 до 1.",true,CreateRadiologistics-1.1.2.jar
radiologistics,mixed_script,radiologistics.node_ponder.cos.title,Cos,Cos (Косинус),true,CreateRadiologistics-1.1.2.jar
radiologistics,identical_english,radiologistics.node_ponder.ctg.compat,"Number, Gyroscope, Multiply, RS Output, Number Viewer","Number, Gyroscope, Multiply, RS Output, Number Viewer",true,CreateRadiologistics-1.1.2.jar
radiologistics,mixed_script,radiologistics.node_ponder.ctg.desc,Computes the cotangent of the input angle in degrees (1 ÷ tan).,"Вычисляет котангенс угла, заданного в градусах (1 ÷ tg).",true,CreateRadiologistics-1.1.2.jar
radiologistics,mixed_script,radiologistics.node_ponder.ctg.title,Ctg,Ctg (Котангенс),true,CreateRadiologistics-1.1.2.jar
radiologistics,translated,radiologistics.node_ponder.custom.compat,Memory Module,Модуль памяти,true,CreateRadiologistics-1.1.2.jar
radiologistics,mixed_script,radiologistics.node_ponder.custom.desc,Evaluates custom mathematical formulas defined via JSON schema.,Вычисляет пользовательские математические выражения на основе JSON-схемы.,true,CreateRadiologistics-1.1.2.jar
radiologistics,translated,radiologistics.node_ponder.custom.title,Custom Node,Кастомный узел,true,CreateRadiologistics-1.1.2.jar
radiologistics,identical_english,radiologistics.node_ponder.degree_vector.compat,"Number, Add, Subtract, Multiply, Divide, Number Viewer","Number, Add, Subtract, Multiply, Divide, Number Viewer",true,CreateRadiologistics-1.1.2.jar
radiologistics,mixed_script,radiologistics.node_ponder.degree_vector.desc,Calculates the shortest angle difference to add to degree A to get degree B. Accounts for angular wrapping at -180 and 180 degrees.,Вычисляет кратчайшую разницу в градусах между углом A и углом B с учетом перехода через -180 и 180 градусов.,true,CreateRadiologistics-1.1.2.jar
radiologistics,mixed_script,radiologistics.node_ponder.degree_vector.title,Deg Vector,Deg Vector (Угловой вектор),true,CreateRadiologistics-1.1.2.jar
radiologistics,identical_english,radiologistics.node_ponder.display_link.compat,"Text, Text Join, Text Speak, Number Viewer","Text, Text Join, Text Speak, Number Viewer",true,CreateRadiologistics-1.1.2.jar
radiologistics,mixed_script,radiologistics.node_ponder.display_link.desc,Sends text to a connected Create Display Link block. The text value is forwarded whenever the graph evaluates.,Отправляет текст на подключенный блок Create Display Link. Текстовое значение передается при каждом вычислении графа.,true,CreateRadiologistics-1.1.2.jar
radiologistics,identical_english,radiologistics.node_ponder.display_link.title,Display Link,Display Link,true,CreateRadiologistics-1.1.2.jar
radiologistics,identical_english,radiologistics.node_ponder.distance.compat,"Number, Sqrt, If, Number Viewer","Number, Sqrt, If, Number Viewer",true,CreateRadiologistics-1.1.2.jar
radiologistics,mixed_script,radiologistics.node_ponder.distance.desc,"Calculates Euclidean distance between two 3D points (x1, y1, z1) and (x2, y2, z2).","Вычисляет евклидово расстояние между двумя 3D точками (x1, y1, z1) и (x2, y2, z2).",true,CreateRadiologistics-1.1.2.jar
radiologistics,translated,radiologistics.node_ponder.distance.title,Distance,Дистанция,true,CreateRadiologistics-1.1.2.jar
radiologistics,identical_english,radiologistics.node_ponder.divide.compat,"Number, Add, Multiply, Floor, RS Output, Number Viewer","Number, Add, Multiply, Floor, RS Output, Number Viewer",true,CreateRadiologistics-1.1.2.jar
radiologistics,mixed_script,radiologistics.node_ponder.divide.desc,Divides A by B (A ÷ B). Division by zero returns 0.,Делит A на B (A ÷ B). Деление на ноль возвращает 0.,true,CreateRadiologistics-1.1.2.jar
radiologistics,mixed_script,radiologistics.node_ponder.divide.title,Divide,Divide (Деление),true,CreateRadiologistics-1.1.2.jar
radiologistics,identical_english,radiologistics.node_ponder.equal.compat,"If, Bool Viewer, Or, Set Variable","If, Bool Viewer, Or, Set Variable",true,CreateRadiologistics-1.1.2.jar
radiologistics,mixed_script,radiologistics.node_ponder.equal.desc,"Compares two values for equality. Returns TRUE if both inputs are exactly equal. Works with numbers, booleans, and text.","Сравнивает два значения на равенство. Возвращает TRUE, если оба входа одинаковы. Работает с числами, булевыми значениями и текстом.",true,CreateRadiologistics-1.1.2.jar
radiologistics,mixed_script,radiologistics.node_ponder.equal.title,Equal,Equal (Равно),true,CreateRadiologistics-1.1.2.jar
radiologistics,identical_english,radiologistics.node_ponder.floor.compat,"Number, Divide, Sqrt, RS Output, Number Viewer","Number, Divide, Sqrt, RS Output, Number Viewer",true,CreateRadiologistics-1.1.2.jar
radiologistics,translated,radiologistics.node_ponder.floor.desc,"Rounds a number down to the nearest whole integer (e.g. 3.9 → 3, -1.2 → -2).","Округляет число вниз до ближайшего целого (например, 3.9 → 3, -1.2 → -2).",true,CreateRadiologistics-1.1.2.jar
radiologistics,mixed_script,radiologistics.node_ponder.floor.title,Floor,Floor (Округление вниз),true,CreateRadiologistics-1.1.2.jar
radiologistics,translated,radiologistics.node_ponder.get_list.compat,Memory Module,Модуль памяти,true,CreateRadiologistics-1.1.2.jar
radiologistics,mixed_script,radiologistics.node_ponder.get_list.desc,Retrieves a value from a JSON list/map variable by key.,Считывает значение из JSON списка/карты по указанному ключу.,true,CreateRadiologistics-1.1.2.jar
radiologistics,translated,radiologistics.node_ponder.get_list.title,Get List,Получить из списка,true,CreateRadiologistics-1.1.2.jar
radiologistics,identical_english,radiologistics.node_ponder.greater_than.compat,"If, Bool Viewer, Or, Set Variable","If, Bool Viewer, Or, Set Variable",true,CreateRadiologistics-1.1.2.jar
radiologistics,mixed_script,radiologistics.node_ponder.greater_than.desc,Returns TRUE if input A is strictly greater than input B. Both inputs must be numeric.,"Возвращает TRUE, если вход A строго больше входа B. Оба входа должны быть числовыми.",true,CreateRadiologistics-1.1.2.jar
radiologistics,mixed_script,radiologistics.node_ponder.greater_than.title,Greater Than,Greater Than (Больше),true,CreateRadiologistics-1.1.2.jar
radiologistics,identical_english,radiologistics.node_ponder.gyroscope.compat,"Sin, Cos, Tan, Atan2, Number Viewer, RS Output","Sin, Cos, Tan, Atan2, Number Viewer, RS Output",true,CreateRadiologistics-1.1.2.jar
radiologistics,mixed_script,radiologistics.node_ponder.gyroscope.desc,Reads the current Pitch and Yaw rotation angles of the contraption from the attached Gyroscope Sensor module. Outputs two numeric values in degrees.,Считывает текущие углы Pitch и Yaw вращения конструкции с подключенного модуля Гироскопического датчика. Выводит два числовых значения в градусах.,true,CreateRadiologistics-1.1.2.jar
radiologistics,mixed_script,radiologistics.node_ponder.gyroscope.title,Gyroscope,Gyroscope (Гироскоп),true,CreateRadiologistics-1.1.2.jar
radiologistics,identical_english,radiologistics.node_ponder.gyroscope_position.compat,"Subtract, Atan2, Number Viewer, RS Output","Subtract, Atan2, Number Viewer, RS Output",true,CreateRadiologistics-1.1.2.jar
radiologistics,mixed_script,radiologistics.node_ponder.gyroscope_position.desc,"Reads the absolute world X, Y, Z coordinates of the contraption from the Gyroscope Sensor. Outputs three numeric values.","Считывает абсолютные мировые координаты X, Y, Z конструкции с Гироскопического датчика. Выводит три числовых значения.",true,CreateRadiologistics-1.1.2.jar
radiologistics,mixed_script,radiologistics.node_ponder.gyroscope_position.title,Gyro Position,Gyro Position (Позиция гироскопа),true,CreateRadiologistics-1.1.2.jar
radiologistics,identical_english,radiologistics.node_ponder.helmet_audioset.compat,Pilot Helmet,Pilot Helmet,true,CreateRadiologistics-1.1.2.jar
radiologistics,identical_english,radiologistics.node_ponder.helmet_audioset.desc,Streams private audio or TTS speech directly into the Pilot Helmet headset.,Streams private audio or TTS speech directly into the Pilot Helmet headset.,true,CreateRadiologistics-1.1.2.jar
radiologistics,identical_english,radiologistics.node_ponder.helmet_audioset.title,Helmet Audioset,Helmet Audioset,true,CreateRadiologistics-1.1.2.jar
radiologistics,mixed_script,radiologistics.node_ponder.hold_w,Hold W to learn about this node,"Зажмите W, чтобы узнать об этом узле",true,CreateRadiologistics-1.1.2.jar
radiologistics,identical_english,radiologistics.node_ponder.if.compat,"Bool, Signal, Or, Equal, Not Equal, Greater Than, Less Than","Bool, Signal, Or, Equal, Not Equal, Greater Than, Less Than",true,CreateRadiologistics-1.1.2.jar
radiologistics,mixed_script,radiologistics.node_ponder.if.desc,"Passes the value of input B through to the output only when condition A is TRUE. If the condition is FALSE, the output is suppressed (no signal).","Пропускает значение входа B на выход только тогда, когда условие A равно TRUE. Если условие FALSE — выход подавляется (сигнал не проходит).",true,CreateRadiologistics-1.1.2.jar
radiologistics,mixed_script,radiologistics.node_ponder.if.title,If,If (Если),true,CreateRadiologistics-1.1.2.jar
radiologistics,translated,radiologistics.node_ponder.inputs,Inputs:,Входы:,true,CreateRadiologistics-1.1.2.jar
radiologistics,identical_english,radiologistics.node_ponder.invert.compat,"Number, Add, Subtract, RS Output, Number Viewer","Number, Add, Subtract, RS Output, Number Viewer",true,CreateRadiologistics-1.1.2.jar
radiologistics,mixed_script,radiologistics.node_ponder.invert.desc,"Negates a number (-x). For example, 5 becomes -5 and -3 becomes 3.","Меняет знак числа на противоположный (-x). Например, 5 становится -5, а -3 становится 3.",true,CreateRadiologistics-1.1.2.jar
radiologistics,mixed_script,radiologistics.node_ponder.invert.title,Invert,Invert (Инвертировать),true,CreateRadiologistics-1.1.2.jar
radiologistics,mixed_script,radiologistics.node_ponder.jammer.compat,"Bool (event), Number (channel range)","Bool (событие), Number (диапазон каналов)",true,CreateRadiologistics-1.1.2.jar
radiologistics,mixed_script,radiologistics.node_ponder.jammer.desc,Activates the Jammer module to block radio communications within a configured channel range. Only one Jammer node is allowed per computer. Requires a Jammer module.,Активирует модуль Глушилки для блокирования радиосвязи в заданном диапазоне каналов. Допускается только один блок Jammer на компьютер. Требуется модуль Глушилки.,true,CreateRadiologistics-1.1.2.jar
radiologistics,mixed_script,radiologistics.node_ponder.jammer.title,Jammer,Jammer (Глушилка),true,CreateRadiologistics-1.1.2.jar
radiologistics,identical_english,radiologistics.node_ponder.less_than.compat,"If, Bool Viewer, Or, Set Variable","If, Bool Viewer, Or, Set Variable",true,CreateRadiologistics-1.1.2.jar
radiologistics,mixed_script,radiologistics.node_ponder.less_than.desc,Returns TRUE if input A is strictly less than input B. Both inputs must be numeric.,"Возвращает TRUE, если вход A строго меньше входа B. Оба входа должны быть числовыми.",true,CreateRadiologistics-1.1.2.jar
radiologistics,mixed_script,radiologistics.node_ponder.less_than.title,Less Than,Less Than (Меньше),true,CreateRadiologistics-1.1.2.jar
radiologistics,identical_english,radiologistics.node_ponder.link_input.compat,"Number Viewer, Add, Subtract, Equal, Greater Than, Less Than","Number Viewer, Add, Subtract, Equal, Greater Than, Less Than",true,CreateRadiologistics-1.1.2.jar
radiologistics,mixed_script,radiologistics.node_ponder.link_input.desc,Reads the numeric value from a Redstone Link channel. Configure two item frequencies using the hotbar. Requires a Redstone Link Module connected to the computer.,Считывает числовое значение с канала Redstone Link. Настройте две частоты предметов с помощью хотбара. Требуется подключенный модуль Redstone Link.,true,CreateRadiologistics-1.1.2.jar
radiologistics,mixed_script,radiologistics.node_ponder.link_input.title,Link Input,Link Input (Вход линка),true,CreateRadiologistics-1.1.2.jar
radiologistics,identical_english,radiologistics.node_ponder.link_output.compat,"Number, Add, Subtract, If","Number, Add, Subtract, If",true,CreateRadiologistics-1.1.2.jar
radiologistics,mixed_script,radiologistics.node_ponder.link_output.desc,Writes a numeric value to a Redstone Link channel. Configure two item frequencies using the hotbar. Requires a Redstone Link Module connected to the computer.,Записывает числовое значение в канал Redstone Link. Настройте две частоты предметов с помощью хотбара. Требуется подключенный модуль Redstone Link.,true,CreateRadiologistics-1.1.2.jar
radiologistics,mixed_script,radiologistics.node_ponder.link_output.title,Link Output,Link Output (Выход линка),true,CreateRadiologistics-1.1.2.jar
radiologistics,identical_english,radiologistics.node_ponder.multiply.compat,"Number, Add, Divide, Floor, RS Output, Number Viewer","Number, Add, Divide, Floor, RS Output, Number Viewer",true,CreateRadiologistics-1.1.2.jar
radiologistics,mixed_script,radiologistics.node_ponder.multiply.desc,Multiplies two numeric inputs (A × B).,Умножает два числовых входа (A × B).,true,CreateRadiologistics-1.1.2.jar
radiologistics,mixed_script,radiologistics.node_ponder.multiply.title,Multiply,Multiply (Умножение),true,CreateRadiologistics-1.1.2.jar
radiologistics,identical_english,radiologistics.node_ponder.not.compat,"If, Bool Viewer, Or, And, Set Variable","If, Bool Viewer, Or, And, Set Variable",true,CreateRadiologistics-1.1.2.jar
radiologistics,mixed_script,radiologistics.node_ponder.not.desc,"Inverts the input logical value. Returns TRUE if input is FALSE, and FALSE if input is TRUE.","Инвертирует логическое значение. Возвращает TRUE, если вход FALSE, и FALSE, если вход TRUE.",true,CreateRadiologistics-1.1.2.jar
radiologistics,mixed_script,radiologistics.node_ponder.not.title,Not,Not (НЕ / Инверсия),true,CreateRadiologistics-1.1.2.jar
radiologistics,identical_english,radiologistics.node_ponder.not_equal.compat,"If, Bool Viewer, Or, Set Variable","If, Bool Viewer, Or, Set Variable",true,CreateRadiologistics-1.1.2.jar
radiologistics,mixed_script,radiologistics.node_ponder.not_equal.desc,Compares two values and returns TRUE if they are NOT equal. Opposite of Equal node.,"Сравнивает два значения и возвращает TRUE, если они НЕ равны. Противоположно узлу Equal.",true,CreateRadiologistics-1.1.2.jar
radiologistics,mixed_script,radiologistics.node_ponder.not_equal.title,Not Equal,Not Equal (Не равно),true,CreateRadiologistics-1.1.2.jar
radiologistics,identical_english,radiologistics.node_ponder.number.compat,"Add, Subtract, Multiply, Divide, Equal, Greater Than, Less Than, RS Output, Link Output, Antenna Output","Add, Subtract, Multiply, Divide, Equal, Greater Than, Less Than, RS Output, Link Output, Antenna Output",true,CreateRadiologistics-1.1.2.jar
radiologistics,translated,radiologistics.node_ponder.number.desc,A constant numeric value. Click the property field to type a new value. Supports decimals and negative numbers.,"Постоянное числовое значение. Нажмите на поле свойства, чтобы ввести новое значение. Поддерживает десятичные дроби и отрицательные числа.",true,CreateRadiologistics-1.1.2.jar
radiologistics,translated,radiologistics.node_ponder.number.title,Number,Число,true,CreateRadiologistics-1.1.2.jar
radiologistics,identical_english,radiologistics.node_ponder.number_viewer.compat,"Number, Add, Subtract, Multiply, Divide, Gyroscope, Link Input","Number, Add, Subtract, Multiply, Divide, Gyroscope, Link Input",true,CreateRadiologistics-1.1.2.jar
radiologistics,mixed_script,radiologistics.node_ponder.number_viewer.desc,Displays the current numeric value in the node editor GUI in real-time as an amber readout. Does not affect logic.,Отображает текущее числовое значение в GUI редактора в реальном времени янтарным цветом. Не влияет на логику.,true,CreateRadiologistics-1.1.2.jar
radiologistics,mixed_script,radiologistics.node_ponder.number_viewer.title,Number Viewer,Number Viewer (Просмотр числа),true,CreateRadiologistics-1.1.2.jar
radiologistics,identical_english,radiologistics.node_ponder.or.compat,"Bool, Signal, If, Set Variable, Bool Viewer","Bool, Signal, If, Set Variable, Bool Viewer",true,CreateRadiologistics-1.1.2.jar
radiologistics,mixed_script,radiologistics.node_ponder.or.desc,Logical OR of two Boolean inputs. Returns TRUE if at least one of the inputs is TRUE. Both inputs must be Bool type.,"Логическое ИЛИ двух булевых входов. Возвращает TRUE, если хотя бы один из входов равен TRUE. Оба входа должны быть булевого типа.",true,CreateRadiologistics-1.1.2.jar
radiologistics,mixed_script,radiologistics.node_ponder.or.title,Or,Or (Или),true,CreateRadiologistics-1.1.2.jar
radiologistics,translated,radiologistics.node_ponder.outputs,Outputs:,Выходы:,true,CreateRadiologistics-1.1.2.jar
radiologistics,identical_english,radiologistics.node_ponder.random.compat,"Number, Add, Subtract, Multiply, Divide, Number Viewer","Number, Add, Subtract, Multiply, Divide, Number Viewer",true,CreateRadiologistics-1.1.2.jar
radiologistics,mixed_script,radiologistics.node_ponder.random.desc,"Generates a random decimal number between min and max inputs. If both inputs are integers, it outputs an integer.","Генерирует случайное число в указанном диапазоне min и max. Если оба входа являются целыми числами, возвращает целое число.",true,CreateRadiologistics-1.1.2.jar
radiologistics,mixed_script,radiologistics.node_ponder.random.title,Random,Random (Случайное число),true,CreateRadiologistics-1.1.2.jar
radiologistics,identical_english,radiologistics.node_ponder.redstone_output.compat,"Number, Add, Subtract, Multiply, Divide, If","Number, Add, Subtract, Multiply, Divide, If",true,CreateRadiologistics-1.1.2.jar
radiologistics,translated,radiologistics.node_ponder.redstone_output.desc,Emits a redstone signal from the specified face of the Main Computer block. The signal strength is proportional to the numeric input (0–15). Click to cycle the output face.,"Выдает редстоун-сигнал с указанной грани блока Главного компьютера. Сила сигнала пропорциональна числовому входу (0–15). Нажмите, чтобы переключить грань выхода.",true,CreateRadiologistics-1.1.2.jar
radiologistics,mixed_script,radiologistics.node_ponder.redstone_output.title,RS Output,RS Output (Редстоун-выход),true,CreateRadiologistics-1.1.2.jar
radiologistics,translated,radiologistics.node_ponder.servo_angle.compat,Servo Motor,Сервомотор,true,CreateRadiologistics-1.1.2.jar
radiologistics,translated,radiologistics.node_ponder.servo_angle.desc,Reads the current real-time rotation angle of the linked Servo Motor.,Считывает текущий реальный угол вращения связанного Сервомотора.,true,CreateRadiologistics-1.1.2.jar
radiologistics,translated,radiologistics.node_ponder.servo_angle.title,Servo Angle,Угол серво,true,CreateRadiologistics-1.1.2.jar
radiologistics,mixed_script,radiologistics.node_ponder.servo_bearing.compat,"Servo Bearing, Number, Number Viewer, Math","Сервоподшипник, Number, Number Viewer, Math",true,CreateRadiologistics-1.1.2.jar
radiologistics,translated,radiologistics.node_ponder.servo_bearing.desc,Controls the rotation angle (-180 to 180 degrees) of the linked Servo Bearing and reads its current angle.,Управляет целевым углом поворота (-180 до 180 градусов) связанного Сервоподшипника и считывает его текущий угол.,true,CreateRadiologistics-1.1.2.jar
radiologistics,translated,radiologistics.node_ponder.servo_bearing.title,Servo Bearing,Сервоподшипник,true,CreateRadiologistics-1.1.2.jar
radiologistics,translated,radiologistics.node_ponder.servo_control.compat,Servo Motor,Сервомотор,true,CreateRadiologistics-1.1.2.jar
radiologistics,translated,radiologistics.node_ponder.servo_control.desc,Sets the target rotation angle (-180 to 180) for the linked Servo Motor.,Задает целевой угол поворота (-180..180) для связанного Сервомотора.,true,CreateRadiologistics-1.1.2.jar
radiologistics,translated,radiologistics.node_ponder.servo_control.title,Servo Ctrl,Управление серво,true,CreateRadiologistics-1.1.2.jar
radiologistics,translated,radiologistics.node_ponder.servo_rotation.compat,Servo Motor,Сервомотор,true,CreateRadiologistics-1.1.2.jar
radiologistics,translated,radiologistics.node_ponder.servo_rotation.desc,Sets the rotation speed ratio (-1.0 to 1.0) proportional to the input shaft.,Задает коэффициент скорости вращения (-1.0 до 1.0) пропорционально входному валу.,true,CreateRadiologistics-1.1.2.jar
radiologistics,translated,radiologistics.node_ponder.servo_rotation.title,Servo rotation,Вращение серво,true,CreateRadiologistics-1.1.2.jar
radiologistics,translated,radiologistics.node_ponder.set_list.compat,Memory Module,Модуль памяти,true,CreateRadiologistics-1.1.2.jar
radiologistics,mixed_script,radiologistics.node_ponder.set_list.desc,Writes a key-value pair to a JSON list/map variable on an event trigger.,Записывает пару ключ-значение в JSON список/карту при наступлении события.,true,CreateRadiologistics-1.1.2.jar
radiologistics,translated,radiologistics.node_ponder.set_list.title,Set List,Записать в список,true,CreateRadiologistics-1.1.2.jar
radiologistics,mixed_script,radiologistics.node_ponder.set_variable.compat,"Bool (event), Any (value) → Get Variable","Bool (событие), Any (значение) → Get Variable",true,CreateRadiologistics-1.1.2.jar
radiologistics,mixed_script,radiologistics.node_ponder.set_variable.desc,Writes a value to a named variable in memory when the event trigger fires. The event input (Bool) controls when the write occurs. Requires a Memory Module.,Записывает значение в именованную переменную в памяти при срабатывании триггера события. Вход события (Bool) контролирует момент записи. Требуется модуль памяти.,true,CreateRadiologistics-1.1.2.jar
radiologistics,mixed_script,radiologistics.node_ponder.set_variable.title,Set Variable,Set Variable (Задать переменную),true,CreateRadiologistics-1.1.2.jar
radiologistics,identical_english,radiologistics.node_ponder.shape.compat,"Gizmos 2D, Gizmos 3D","Gizmos 2D, Gizmos 3D",true,CreateRadiologistics-1.1.2.jar
radiologistics,translated,radiologistics.node_ponder.shape.desc,"A constant shape type (Rectangle, Circle, Line, Text, Point). Click the cycle button to cycle shapes.","Постоянный тип формы (прямоугольник, круг, линия, текст, точка). Нажмите кнопку переключения для циклического изменения формы.",true,CreateRadiologistics-1.1.2.jar
radiologistics,translated,radiologistics.node_ponder.shape.title,Shape,Форма,true,CreateRadiologistics-1.1.2.jar
radiologistics,identical_english,radiologistics.node_ponder.signal.compat,"Bool Viewer, If, Or, Set Variable","Bool Viewer, If, Or, Set Variable",true,CreateRadiologistics-1.1.2.jar
radiologistics,translated,radiologistics.node_ponder.signal.desc,Reads the last broadcast value on a wireless radio channel. Connect a number or text node to set the channel.,Считывает последнее переданное значение на беспроводном радиоканале. Подключите числовой или текстовый узел для настройки канала.,true,CreateRadiologistics-1.1.2.jar
radiologistics,translated,radiologistics.node_ponder.signal.title,Signal,Сигнал,true,CreateRadiologistics-1.1.2.jar
radiologistics,identical_english,radiologistics.node_ponder.sin.compat,"Number, Gyroscope, Multiply, RS Output, Number Viewer","Number, Gyroscope, Multiply, RS Output, Number Viewer",true,CreateRadiologistics-1.1.2.jar
radiologistics,translated,radiologistics.node_ponder.sin.desc,Computes the sine of the input angle in degrees. Returns a value between -1 and 1.,"Вычисляет синус угла, заданного в градусах. Возвращает значение от -1 до 1.",true,CreateRadiologistics-1.1.2.jar
radiologistics,mixed_script,radiologistics.node_ponder.sin.title,Sin,Sin (Синус),true,CreateRadiologistics-1.1.2.jar
radiologistics,mixed_script,radiologistics.node_ponder.sound_play.compat,"Text (URL), Number (volume, pitch) → Audio Play (stream)","Text (URL), Number (громкость, тон) → Audio Play (stream)",true,CreateRadiologistics-1.1.2.jar
radiologistics,mixed_script,radiologistics.node_ponder.sound_play.desc,"Packages a URL and playback parameters into an audio stream that an Audio Play node can consume. Direct audio file URLs only (MP3/WAV, e.g., from Discord, Dropbox with raw=1, Google Drive export, or direct web URLs).","Упаковывает URL и параметры воспроизведения в аудиопоток, который может принимать узел Audio Play. Поддерживаются только прямые ссылки на аудиофайлы (MP3/WAV, например из Discord, Dropbox с raw=1, экспорт Google Drive или прямые веб-ссылки).",true,CreateRadiologistics-1.1.2.jar
radiologistics,mixed_script,radiologistics.node_ponder.sound_play.title,Link Stream,Link Stream (Поток по ссылке),true,CreateRadiologistics-1.1.2.jar
radiologistics,identical_english,radiologistics.node_ponder.sqrt.compat,"Number, Multiply, Atan2, RS Output, Number Viewer","Number, Multiply, Atan2, RS Output, Number Viewer",true,CreateRadiologistics-1.1.2.jar
radiologistics,translated,radiologistics.node_ponder.sqrt.desc,Computes the square root of a number. Input must be non-negative; negative inputs return 0.,Вычисляет квадратный корень числа. Вход должен быть неотрицательным; отрицательные входы возвращают 0.,true,CreateRadiologistics-1.1.2.jar
radiologistics,mixed_script,radiologistics.node_ponder.sqrt.title,Sqrt,Sqrt (Корень),true,CreateRadiologistics-1.1.2.jar
radiologistics,identical_english,radiologistics.node_ponder.square.compat,"Number, Add, Sqrt, RS Output, Number Viewer","Number, Add, Sqrt, RS Output, Number Viewer",true,CreateRadiologistics-1.1.2.jar
radiologistics,mixed_script,radiologistics.node_ponder.square.desc,Raises the input to the power of 2 (x²). Equivalent to multiplying a number by itself.,Возводит вход в степень 2 (x²). Эквивалентно умножению числа на самого себя.,true,CreateRadiologistics-1.1.2.jar
radiologistics,mixed_script,radiologistics.node_ponder.square.title,Square,Square (Квадрат),true,CreateRadiologistics-1.1.2.jar
radiologistics,identical_english,radiologistics.node_ponder.subtract.compat,"Number, Add, Multiply, Divide, Equal, RS Output, Number Viewer","Number, Add, Multiply, Divide, Equal, RS Output, Number Viewer",true,CreateRadiologistics-1.1.2.jar
radiologistics,mixed_script,radiologistics.node_ponder.subtract.desc,Subtracts B from A (A - B). Both inputs must be numeric.,Вычитает B из A (A - B). Оба входа должны быть числовыми.,true,CreateRadiologistics-1.1.2.jar
radiologistics,mixed_script,radiologistics.node_ponder.subtract.title,Subtract,Subtract (Вычитание),true,CreateRadiologistics-1.1.2.jar
radiologistics,identical_english,radiologistics.node_ponder.tan.compat,"Number, Gyroscope, Multiply, RS Output, Number Viewer","Number, Gyroscope, Multiply, RS Output, Number Viewer",true,CreateRadiologistics-1.1.2.jar
radiologistics,translated,radiologistics.node_ponder.tan.desc,Computes the tangent of the input angle in degrees.,"Вычисляет тангенс угла, заданного в градусах.",true,CreateRadiologistics-1.1.2.jar
radiologistics,mixed_script,radiologistics.node_ponder.tan.title,Tan,Tan (Тангенс),true,CreateRadiologistics-1.1.2.jar
radiologistics,identical_english,radiologistics.node_ponder.text.compat,"Text Viewer, Text Join, Text Split, Display Link, Antenna Output, Text Speak","Text Viewer, Text Join, Text Split, Display Link, Antenna Output, Text Speak",true,CreateRadiologistics-1.1.2.jar
radiologistics,translated,radiologistics.node_ponder.text.desc,"A constant text string. Click the property field to edit the text. Useful for fixed labels, sound IDs, or antenna channel names.","Константа текстовой строки. Нажмите на поле свойства, чтобы отредактировать текст. Полезно для фиксированных меток, идентификаторов звуков или имен каналов антенны.",true,CreateRadiologistics-1.1.2.jar
radiologistics,identical_english,radiologistics.node_ponder.text.title,Text,Text,true,CreateRadiologistics-1.1.2.jar
radiologistics,identical_english,radiologistics.node_ponder.text_join.compat,"Text, Text Split → Text Viewer, Display Link, Antenna Output","Text, Text Split → Text Viewer, Display Link, Antenna Output",true,CreateRadiologistics-1.1.2.jar
radiologistics,translated,radiologistics.node_ponder.text_join.desc,Concatenates two text strings together into one. The second string is appended directly after the first.,Объединяет две текстовые строки в одну. Вторая строка добавляется сразу после первой.,true,CreateRadiologistics-1.1.2.jar
radiologistics,mixed_script,radiologistics.node_ponder.text_join.title,Text Join,Text Join (Объединение текста),true,CreateRadiologistics-1.1.2.jar
radiologistics,mixed_script,radiologistics.node_ponder.text_speak.compat,"Text (text), Number (volume, pitch) → Audio Play (stream)","Text (текст), Number (громкость, тон) → Audio Play (stream)",true,CreateRadiologistics-1.1.2.jar
radiologistics,mixed_script,radiologistics.node_ponder.text_speak.desc,Packages a text string into a TTS audio stream that an Audio Play node can consume. Connect to Audio Play's stream input to make the audio module speak text.,"Упаковывает текстовую строку в TTS-аудиопоток, который может принимать узел Audio Play. Подключите к входу stream узла Audio Play.",true,CreateRadiologistics-1.1.2.jar
radiologistics,mixed_script,radiologistics.node_ponder.text_speak.title,Text Stream,Text Stream (Текстовый поток),true,CreateRadiologistics-1.1.2.jar
radiologistics,identical_english,radiologistics.node_ponder.text_split.compat,"Text, Number → Text Viewer, Text Join, Display Link","Text, Number → Text Viewer, Text Join, Display Link",true,CreateRadiologistics-1.1.2.jar
radiologistics,mixed_script,radiologistics.node_ponder.text_split.desc,Splits a text string by a delimiter and returns the Nth part. Input: text string and part index number. Useful for parsing radio messages.,Разделяет строку текста по разделителю и возвращает N-ю часть. Вход: строка и индекс части. Полезно для разбора радиосообщений.,true,CreateRadiologistics-1.1.2.jar
radiologistics,mixed_script,radiologistics.node_ponder.text_split.title,Text Split,Text Split (Разделение текста),true,CreateRadiologistics-1.1.2.jar
radiologistics,identical_english,radiologistics.node_ponder.text_viewer.compat,"Text, Text Join, Text Split, Antenna Input","Text, Text Join, Text Split, Antenna Input",true,CreateRadiologistics-1.1.2.jar
radiologistics,mixed_script,radiologistics.node_ponder.text_viewer.desc,Displays the current text value in the node editor GUI in real-time. Does not affect logic.,Отображает текущее текстовое значение в GUI редактора в реальном времени. Не влияет на логику.,true,CreateRadiologistics-1.1.2.jar
radiologistics,mixed_script,radiologistics.node_ponder.text_viewer.title,Text Viewer,Text Viewer (Просмотр текста),true,CreateRadiologistics-1.1.2.jar
radiologistics,translated,radiologistics.node_ponder.type.any,Any,Любое,true,CreateRadiologistics-1.1.2.jar
radiologistics,translated,radiologistics.node_ponder.type.bool,Bool,Булево,true,CreateRadiologistics-1.1.2.jar
radiologistics,translated,radiologistics.node_ponder.type.number,Number,Число,true,CreateRadiologistics-1.1.2.jar
radiologistics,translated,radiologistics.node_ponder.type.text,Text,Текст,true,CreateRadiologistics-1.1.2.jar
radiologistics,identical_english,radiologistics.node_ponder.variable.compat,"If, Equal, Add, Bool Viewer, Number Viewer, Text Viewer","If, Equal, Add, Bool Viewer, Number Viewer, Text Viewer",true,CreateRadiologistics-1.1.2.jar
radiologistics,mixed_script,radiologistics.node_ponder.variable.desc,Reads the current value of a named variable from memory. The variable must be defined in the VARS panel. Requires a Memory Module.,Считывает текущее значение именованной переменной из памяти. Переменная должна быть определена в панели VARS. Требуется модуль памяти.,true,CreateRadiologistics-1.1.2.jar
radiologistics,mixed_script,radiologistics.node_ponder.variable.title,Get Variable,Get Variable (Получить переменную),true,CreateRadiologistics-1.1.2.jar
radiologistics,translated,radiologistics.ponder.antenna.header,Computer Network Setup,Настройка компьютерной сети,true,CreateRadiologistics-1.1.2.jar
radiologistics,translated,radiologistics.ponder.antenna.text_1,"First, place the Main Computer. It is the CPU of your network.",Сначала установите Главный компьютер. Это процессор вашей сети.,true,CreateRadiologistics-1.1.2.jar
radiologistics,translated,radiologistics.ponder.antenna.text_2,Right-click the computer with the module in hand to set it as a target.,"Щелкните правой кнопкой мыши модулем в руке по компьютеру, чтобы выбрать его как цель.",true,CreateRadiologistics-1.1.2.jar
radiologistics,translated,radiologistics.ponder.antenna.text_3,Then place the module block. It will connect to the targeted computer.,Затем установите блок модуля. Он автоматически подключится к выбранному компьютеру.,true,CreateRadiologistics-1.1.2.jar
radiologistics,mixed_script,radiologistics.ponder.antenna.text_4,You can also connect a Display Link and a Network Controller from Create Radars,Also можно подключить Display Link и Network Controller из Create Radars.,true,CreateRadiologistics-1.1.2.jar
radiologistics,translated,radiologistics.ponder.antenna.text_5,Connect a Display Board to print dynamic train-station style board info.,"Подключите информационное табло, чтобы выводить динамический текст в железнодорожном стиле.",true,CreateRadiologistics-1.1.2.jar
radiologistics,mixed_script,radiologistics.ponder.antenna.text_6,Or hook up a Cannon Mount from Create Big Cannons to receive its current pitch and yaw angles.,"Или подключите орудие из Create Big Cannons, чтобы получать его текущие углы наклона и поворота.",true,CreateRadiologistics-1.1.2.jar
radiologistics,translated,radiologistics.ponder.audio_module.header,Computer Network Setup,Настройка компьютерной сети,true,CreateRadiologistics-1.1.2.jar
radiologistics,translated,radiologistics.ponder.audio_module.text_1,"First, place the Main Computer. It is the CPU of your network.",Сначала установите Главный компьютер. Это процессор вашей сети.,true,CreateRadiologistics-1.1.2.jar
radiologistics,translated,radiologistics.ponder.audio_module.text_2,Right-click the computer with the module in hand to set it as a target.,"Щелкните правой кнопкой мыши модулем в руке по компьютеру, чтобы выбрать его как цель.",true,CreateRadiologistics-1.1.2.jar
radiologistics,translated,radiologistics.ponder.audio_module.text_3,Then place the module block. It will connect to the targeted computer.,Затем установите блок модуля. Он автоматически подключится к выбранному компьютеру.,true,CreateRadiologistics-1.1.2.jar
radiologistics,mixed_script,radiologistics.ponder.audio_module.text_4,You can also connect a Display Link and a Network Controller from Create Radars,Also можно подключить Display Link и Network Controller из Create Radars.,true,CreateRadiologistics-1.1.2.jar
radiologistics,translated,radiologistics.ponder.audio_module.text_5,Connect a Display Board to print dynamic train-station style board info.,"Подключите информационное табло, чтобы выводить динамический текст в железнодорожном стиле.",true,CreateRadiologistics-1.1.2.jar
radiologistics,mixed_script,radiologistics.ponder.audio_module.text_6,Or hook up a Cannon Mount from Create Big Cannons to receive its current pitch and yaw angles.,"Или подключите орудие из Create Big Cannons, чтобы получать его текущие углы наклона и поворота.",true,CreateRadiologistics-1.1.2.jar
radiologistics,translated,radiologistics.ponder.gyroscope_sensor.header,Computer Network Setup,Настройка компьютерной сети,true,CreateRadiologistics-1.1.2.jar
radiologistics,translated,radiologistics.ponder.gyroscope_sensor.text_1,"First, place the Main Computer. It is the CPU of your network.",Сначала установите Главный компьютер. Это процессор вашей сети.,true,CreateRadiologistics-1.1.2.jar
radiologistics,translated,radiologistics.ponder.gyroscope_sensor.text_2,Right-click the computer with the module in hand to set it as a target.,"Щелкните правой кнопкой мыши модулем в руке по компьютеру, чтобы выбрать его как цель.",true,CreateRadiologistics-1.1.2.jar
radiologistics,translated,radiologistics.ponder.gyroscope_sensor.text_3,Then place the module block. It will connect to the targeted computer.,Затем установите блок модуля. Он автоматически подключится к выбранному компьютеру.,true,CreateRadiologistics-1.1.2.jar
radiologistics,mixed_script,radiologistics.ponder.gyroscope_sensor.text_4,You can also connect a Display Link and a Network Controller from Create Radars,Также можно подключить Display Link и Network Controller из Create Radars.,true,CreateRadiologistics-1.1.2.jar
radiologistics,translated,radiologistics.ponder.gyroscope_sensor.text_5,Connect a Display Board to print dynamic train-station style board info.,"Подключите информационное табло, чтобы выводить динамический текст в железнодорожном стиле.",true,CreateRadiologistics-1.1.2.jar
radiologistics,mixed_script,radiologistics.ponder.gyroscope_sensor.text_6,Or hook up a Cannon Mount from Create Big Cannons to receive its current pitch and yaw angles.,"Или подключите орудие из Create Big Cannons, чтобы получать его текущие углы наклона и поворота.",true,CreateRadiologistics-1.1.2.jar
radiologistics,translated,radiologistics.ponder.jammer.header,Computer Network Setup,Настройка компьютерной сети,true,CreateRadiologistics-1.1.2.jar
radiologistics,translated,radiologistics.ponder.jammer.text_1,"First, place the Main Computer. It is the CPU of your network.",Сначала установите Главный компьютер. Это процессор вашей сети.,true,CreateRadiologistics-1.1.2.jar
radiologistics,translated,radiologistics.ponder.jammer.text_2,Right-click the computer with the module in hand to set it as a target.,"Щелкните правой кнопкой мыши модулем в руке по компьютеру, чтобы выбрать его как цель.",true,CreateRadiologistics-1.1.2.jar
radiologistics,translated,radiologistics.ponder.jammer.text_3,Then place the module block. It will connect to the targeted computer.,Затем установите блок модуля. Он автоматически подключится к выбранному компьютеру.,true,CreateRadiologistics-1.1.2.jar
radiologistics,mixed_script,radiologistics.ponder.jammer.text_4,You can also connect a Display Link and a Network Controller from Create Radars,Также можно подключить Display Link и Network Controller из Create Radars.,true,CreateRadiologistics-1.1.2.jar
radiologistics,translated,radiologistics.ponder.jammer.text_5,Connect a Display Board to print dynamic train-station style board info.,"Подключите информационное табло, чтобы выводить динамический текст в железнодорожном стиле.",true,CreateRadiologistics-1.1.2.jar
radiologistics,mixed_script,radiologistics.ponder.jammer.text_6,Or hook up a Cannon Mount from Create Big Cannons to receive its current pitch and yaw angles.,"Или подключите орудие из Create Big Cannons, чтобы получать его текущие углы наклона и поворота.",true,CreateRadiologistics-1.1.2.jar
radiologistics,translated,radiologistics.ponder.main_computer.header,Computer Network Setup,Настройка компьютерной сети,true,CreateRadiologistics-1.1.2.jar
radiologistics,translated,radiologistics.ponder.main_computer.text_1,"First, place the Main Computer. It is the CPU of your network.",Сначала установите Главный компьютер. Это процессор вашей сети.,true,CreateRadiologistics-1.1.2.jar
radiologistics,translated,radiologistics.ponder.main_computer.text_2,Right-click the computer with the module in hand to set it as a target.,"Щелкните правой кнопкой мыши модулем в руке по компьютеру, чтобы выбрать его как цель.",true,CreateRadiologistics-1.1.2.jar
radiologistics,translated,radiologistics.ponder.main_computer.text_3,Then place the module block. It will connect to the targeted computer.,Затем установите блок модуля. Он автоматически подключится к выбранному компьютеру.,true,CreateRadiologistics-1.1.2.jar
radiologistics,mixed_script,radiologistics.ponder.main_computer.text_4,You can also connect a Display Link and a Network Controller from Create Radars,Также можно подключить Display Link и Network Controller из Create Radars.,true,CreateRadiologistics-1.1.2.jar
radiologistics,translated,radiologistics.ponder.main_computer.text_5,Connect a Display Board to print dynamic train-station style board info.,"Подключите информационное табло, чтобы выводить динамический текст в железнодорожном стиле.",true,CreateRadiologistics-1.1.2.jar
radiologistics,mixed_script,radiologistics.ponder.main_computer.text_6,Or hook up a Cannon Mount from Create Big Cannons to receive its current pitch and yaw angles.,"Или подключите орудие из Create Big Cannons, чтобы получать его текущие углы наклона и поворота.",true,CreateRadiologistics-1.1.2.jar
radiologistics,translated,radiologistics.ponder.memory_module.header,Computer Network Setup,Настройка компьютерной сети,true,CreateRadiologistics-1.1.2.jar
radiologistics,translated,radiologistics.ponder.memory_module.text_1,"First, place the Main Computer. It is the CPU of your network.",Сначала установите Главный компьютер. Это процессор вашей сети.,true,CreateRadiologistics-1.1.2.jar
radiologistics,translated,radiologistics.ponder.memory_module.text_2,Right-click the computer with the module in hand to set it as a target.,"Щелкните правой кнопкой мыши модулем в руке по компьютеру, чтобы выбрать его как цель.",true,CreateRadiologistics-1.1.2.jar
radiologistics,translated,radiologistics.ponder.memory_module.text_3,Then place the module block. It will connect to the targeted computer.,Затем установите блок модуля. Он автоматически подключится к выбранному компьютеру.,true,CreateRadiologistics-1.1.2.jar
radiologistics,mixed_script,radiologistics.ponder.memory_module.text_4,You can also connect a Display Link and a Network Controller from Create Radars,Также можно подключить Display Link и Network Controller из Create Radars.,true,CreateRadiologistics-1.1.2.jar
radiologistics,translated,radiologistics.ponder.memory_module.text_5,Connect a Display Board to print dynamic train-station style board info.,"Подключите информационное табло, чтобы выводить динамический текст в железнодорожном стиле.",true,CreateRadiologistics-1.1.2.jar
radiologistics,mixed_script,radiologistics.ponder.memory_module.text_6,Or hook up a Cannon Mount from Create Big Cannons to receive its current pitch and yaw angles.,"Или подключите орудие из Create Big Cannons, чтобы получать его текущие углы наклона и поворота.",true,CreateRadiologistics-1.1.2.jar
radiologistics,translated,radiologistics.ponder.network_scene.header,Computer Network Setup,Настройка компьютерной сети,true,CreateRadiologistics-1.1.2.jar
radiologistics,translated,radiologistics.ponder.network_scene.text_1,"First, place the Main Computer. It is the CPU of your network.",Сначала установите Главный компьютер. Это процессор вашей сети.,true,CreateRadiologistics-1.1.2.jar
radiologistics,translated,radiologistics.ponder.network_scene.text_2,Right-click the computer with the module in hand to set it as a target.,"Щелкните правой кнопкой мыши модулем в руке по компьютеру, чтобы выбрать его как цель.",true,CreateRadiologistics-1.1.2.jar
radiologistics,translated,radiologistics.ponder.network_scene.text_3,Then place the module block. It will connect to the targeted computer.,Затем установите блок модуля. Он автоматически подключится к выбранному компьютеру.,true,CreateRadiologistics-1.1.2.jar
radiologistics,mixed_script,radiologistics.ponder.network_scene.text_4,You can also connect a Display Link and a Network Controller from Create Radars,Также можно подключить Display Link и Network Controller из Create Radars.,true,CreateRadiologistics-1.1.2.jar
radiologistics,translated,radiologistics.ponder.network_scene.text_5,Connect a Display Board to print dynamic train-station style board info.,"Подключите информационное табло, чтобы выводить динамический текст в железнодорожном стиле.",true,CreateRadiologistics-1.1.2.jar
radiologistics,mixed_script,radiologistics.ponder.network_scene.text_6,Or hook up a Cannon Mount from Create Big Cannons to receive its current pitch and yaw angles.,"Или подключите орудие из Create Big Cannons, чтобы получать его текущие углы наклона и поворота.",true,CreateRadiologistics-1.1.2.jar
radiologistics,mixed_script,radiologistics.ponder.pilot_helmet.header,Using the Pilot Helmet HUD,HUD-интерфейс шлема пилота,true,CreateRadiologistics-1.1.2.jar
radiologistics,mixed_script,radiologistics.ponder.pilot_helmet.text_1,"The Pilot Helmet displays custom HUD graphics, telemetry, and camera streams on your screen.","Шлем пилота отображает графику HUD-интерфейса, телеметрию и видеопотоки на вашем экране.",true,CreateRadiologistics-1.1.2.jar
radiologistics,translated,radiologistics.ponder.pilot_helmet.text_2,Right-click the Main Computer with the Pilot Helmet in hand to link them together.,"Щелкните правой кнопкой мыши по Главному компьютеру со шлемом в руке, чтобы связать их.",true,CreateRadiologistics-1.1.2.jar
radiologistics,translated,radiologistics.ponder.pilot_helmet.text_3,"Wear the linked helmet in your head armor slot. The computer will stream HUD overlay shapes, lines, text, and camera feeds directly to your screen!","Наденьте связанный шлем в слот для головы. Компьютер будет транслировать формы, линии, текст и видео с камер прямо на ваш экран!",true,CreateRadiologistics-1.1.2.jar
radiologistics,mixed_script,radiologistics.ponder.pilothelmet.header,Using the Pilot Helmet HUD,HUD-интерфейс шлема пилота,true,CreateRadiologistics-1.1.2.jar
radiologistics,mixed_script,radiologistics.ponder.pilothelmet.text_1,"The Pilot Helmet displays custom HUD graphics, telemetry, and camera streams on your screen.","Шлем пилота отображает графику HUD-интерфейса, телеметрию и видеопотоки на вашем экране.",true,CreateRadiologistics-1.1.2.jar
radiologistics,translated,radiologistics.ponder.pilothelmet.text_2,Right-click the Main Computer with the Pilot Helmet in hand to link them together.,"Щелкните правой кнопкой мыши по Главному компьютеру со шлемом в руке, чтобы связать их.",true,CreateRadiologistics-1.1.2.jar
radiologistics,translated,radiologistics.ponder.pilothelmet.text_3,"Wear the linked helmet in your head armor slot. The computer will stream HUD overlay shapes, lines, text, and camera feeds directly to your screen!","Наденьте связанный шлем в слот для головы. Компьютер будет транслировать формы, линии, текст и видео с камер прямо на ваш экран!",true,CreateRadiologistics-1.1.2.jar
radiologistics,translated,radiologistics.ponder.pilothelmet.text_4,"Wear the linked helmet in your head armor slot. The computer will stream HUD overlay shapes, lines, text, and camera feeds directly to your screen!","Наденьте связанный шлем в слот для головы. Компьютер будет транслировать формы, линии, текст и видео с камер прямо на ваш экран!",true,CreateRadiologistics-1.1.2.jar
radiologistics,translated,radiologistics.ponder.pilothelmet.text_5,"Wear the linked helmet in your head armor slot. The computer will stream HUD overlay shapes, lines, text, and camera feeds directly to your screen!","Наденьте связанный шлем в слот для головы. Компьютер будет транслировать формы, линии, текст и видео с камер прямо на ваш экран!",true,CreateRadiologistics-1.1.2.jar
radiologistics,translated,radiologistics.ponder.radio_transmitter.header,Wireless Radio Transmitter,Беспроводной радиопередатчик,true,CreateRadiologistics-1.1.2.jar
radiologistics,translated,radiologistics.ponder.radio_transmitter.text_1,The Radio Transmitter broadcasts wireless signals when powered by redstone.,Радиопередатчик транслирует беспроводные сигналы при подаче редстоун-питания.,true,CreateRadiologistics-1.1.2.jar
radiologistics,translated,radiologistics.ponder.radio_transmitter.text_2,Right-click it to configure the channel (0-255) and transmission message.,"Нажмите правой кнопкой мыши, чтобы настроить канал (0-255) и сообщение передачи.",true,CreateRadiologistics-1.1.2.jar
radiologistics,translated,radiologistics.ponder.radio_transmitter.text_3,"First, right-click the transmitter with the antenna in hand to target it.","Сначала щелкните правой кнопкой мыши антенной в руке по передатчику, чтобы выбрать его как цель.",true,CreateRadiologistics-1.1.2.jar
radiologistics,translated,radiologistics.ponder.radio_transmitter.text_4,Then place the antenna. It will connect to the targeted transmitter.,Затем установите антенну. Она подключится к выбранному передатчику.,true,CreateRadiologistics-1.1.2.jar
radiologistics,translated,radiologistics.ponder.radio_transmitter.text_5,Stacking multiple antenna segments vertically sums their height to boost transmission range.,Вертикальная установка нескольких сегментов антенны суммирует их высоту для увеличения дальности сигнала.,true,CreateRadiologistics-1.1.2.jar
radiologistics,translated,radiologistics.ponder.redstone_link_module.header,Computer Network Setup,Настройка компьютерной сети,true,CreateRadiologistics-1.1.2.jar
radiologistics,translated,radiologistics.ponder.redstone_link_module.text_1,"First, place the Main Computer. It is the CPU of your network.",Сначала установите Главный компьютер. Это процессор вашей сети.,true,CreateRadiologistics-1.1.2.jar
radiologistics,translated,radiologistics.ponder.redstone_link_module.text_2,Right-click the computer with the module in hand to set it as a target.,"Щелкните правой кнопкой мыши модулем в руке по компьютеру, чтобы выбрать его как цель.",true,CreateRadiologistics-1.1.2.jar
radiologistics,translated,radiologistics.ponder.redstone_link_module.text_3,Then place the module block. It will connect to the targeted computer.,Затем установите блок модуля. Он автоматически подключится к выбранному компьютеру.,true,CreateRadiologistics-1.1.2.jar
radiologistics,mixed_script,radiologistics.ponder.redstone_link_module.text_4,You can also connect a Display Link and a Network Controller from Create Radars,Также можно подключить Display Link и Network Controller из Create Radars.,true,CreateRadiologistics-1.1.2.jar
radiologistics,translated,radiologistics.ponder.redstone_link_module.text_5,Connect a Display Board to print dynamic train-station style board info.,"Подключите информационное табло, чтобы выводить динамический текст в железнодорожном стиле.",true,CreateRadiologistics-1.1.2.jar
radiologistics,mixed_script,radiologistics.ponder.redstone_link_module.text_6,Or hook up a Cannon Mount from Create Big Cannons to receive its current pitch and yaw angles.,"Или подключите орудие из Create Big Cannons, чтобы получать его текущие углы наклона и поворота.",true,CreateRadiologistics-1.1.2.jar
radiologistics,translated,radiologistics.ponder.servo_motor.header,Using the Servo Motor,Использование сервомотора,true,CreateRadiologistics-1.1.2.jar
radiologistics,translated,radiologistics.ponder.servo_motor.text_1,Place the Main Computer first. It will control the servo motor.,Сначала установите Главный компьютер. Он будет управлять сервомотором.,true,CreateRadiologistics-1.1.2.jar
radiologistics,translated,radiologistics.ponder.servo_motor.text_2,Right-click the Main Computer with the Servo Motor in hand to assign the link target.,"Щелкните правой кнопкой мыши по Главному компьютеру с сервомотором в руке, чтобы связать их.",true,CreateRadiologistics-1.1.2.jar
radiologistics,translated,radiologistics.ponder.servo_motor.text_3,Place the Servo Motor and connect kinetic energy (like a creative motor or shaft) to the back input shaft.,"Установите сервомотор и подключите кинетическую энергию (например, творческий двигатель или вал) к заднему входному валу.",true,CreateRadiologistics-1.1.2.jar
radiologistics,translated,radiologistics.ponder.servo_motor.text_4,"Once connected, you can program node logic to set the motor's rotation speed ratio (-1.0 to 1.0) proportional to the input shaft.",После подключения вы можете программировать логику узлов для установки коэффициента скорости вращения (-1.0 до 1.0).,true,CreateRadiologistics-1.1.2.jar
radiologistics,translated,radiologistics.ponder.smart_optical_sensor.header,Using the Smart Optical Sensor,Использование умного оптического сенсора,true,CreateRadiologistics-1.1.2.jar
radiologistics,translated,radiologistics.ponder.smart_optical_sensor.text_1,The Smart Optical Sensor raycasts up to 150 blocks in its facing direction.,Умный оптический сенсор сканирует лучом до 150 блоков в направлении своего взгляда.,true,CreateRadiologistics-1.1.2.jar
radiologistics,translated,radiologistics.ponder.smart_optical_sensor.text_2,"When hitting blocks or entities, it emits redstone power (15) and draws a red laser dot.",При столкновении с блоками или сущностями он подает редстоун-питание (15) и рисует красную лазерную точку.,true,CreateRadiologistics-1.1.2.jar
radiologistics,translated,radiologistics.ponder.smart_optical_sensor.text_3,Use the range switch on the sensor to adjust the maximum detection distance (up to 150 blocks).,"Используйте переключатель дальности на сенсоре, чтобы настроить максимальное расстояние обнаружения (до 150 блоков).",true,CreateRadiologistics-1.1.2.jar
radiologistics,mixed_script,radiologistics.ponder.smart_optical_sensor.text_4,It can output the target name and its coordinates via Display Links.,Он может выводить имя цели и её координаты с помощью Display Link.,true,CreateRadiologistics-1.1.2.jar
radiologistics,mixed_script,radiologistics.ponder.smart_optical_sensor.text_5,"Connect a Display Link to the back of the sensor, and link it to a Display Board to print the block's information dynamically!","Присоедините Display Link к задней части датчика и свяжите его с информационным табло, чтобы динамически выводить информацию о блоке!",true,CreateRadiologistics-1.1.2.jar
radiologistics,translated,radiologistics.ponder.transparent_screen.header,Using the Transparent Screen,Использование прозрачного экрана,true,CreateRadiologistics-1.1.2.jar
radiologistics,mixed_script,radiologistics.ponder.transparent_screen.text_1,"The Transparent Screen outputs 2D/3D graphics, text, and camera feeds.","Прозрачный экран отображает 2D/3D графику, текст и видео с камер.",true,CreateRadiologistics-1.1.2.jar
radiologistics,translated,radiologistics.ponder.transparent_screen.text_2,Use a Wire to connect the Screen block directly to the Main Computer.,"Используйте провод, чтобы подключить экран напрямую к Главному компьютеру.",true,CreateRadiologistics-1.1.2.jar
radiologistics,translated,radiologistics.ponder.transparent_screen.text_3,"Once linked, the computer's graph node layout will output graphics directly on the screen canvas!",После соединения компьютер будет выводить графику из узлов непосредственно на холст экрана!,true,CreateRadiologistics-1.1.2.jar
railways,translated,railways.ponder.conductor_constructing.header,Constructing a Conductor,Созданием механического подмастерья,true,railways-0.3.0-beta.2+neoforge-mc1.21.1.jar
railways,translated,railways.ponder.conductor_constructing.text_1,Conductors are constructed with an andesite casing.,Механический подмастерье создаётся кликом фуражкой машиниста по андезитовому корпусу,true,railways-0.3.0-beta.2+neoforge-mc1.21.1.jar
railways,translated,railways.ponder.conductor_redstoning.header,Remote Redstone with Conductors,Удалённым контролем редстоун-сигнала при помощи механических подмастерьев,true,railways-0.3.0-beta.2+neoforge-mc1.21.1.jar
railways,translated,railways.ponder.conductor_redstoning.text_1,Conductors can press buttons when a player looks at them.,"Поймав взгляд игрока, подмастерье может нажать на находящуюся рядом кнопку",true,railways-0.3.0-beta.2+neoforge-mc1.21.1.jar
railways,translated,railways.ponder.conductor_redstoning.text_2,Conductors also toggle levers when a player looks at them.,Помимо кнопок возможно взаимодействие и с рычагами,true,railways-0.3.0-beta.2+neoforge-mc1.21.1.jar
railways,translated,railways.ponder.conductor_redstoning.text_3,Conductors do not activate redstone if a player is wearing a different-colored cap from them.,"Подмастерье не выполнит взаимодействие, если на игроке надета фуражка другого цвета",true,railways-0.3.0-beta.2+neoforge-mc1.21.1.jar
railways,translated,railways.ponder.conductor_toolboxing.header,Toolbox Transport with Conductors,Переноской ящиков для инструментов на механических подмастерьях,true,railways-0.3.0-beta.2+neoforge-mc1.21.1.jar
railways,translated,railways.ponder.conductor_toolboxing.text_1,Toolboxes function normally when equipped on Conductors.,"Ящик для инструментов можно надеть на подмастерья, не потеряв доступ к содержимому",true,railways-0.3.0-beta.2+neoforge-mc1.21.1.jar
railways,translated,railways.ponder.door_modes.header,Door Modes,Режимами открытия дверей,true,railways-0.3.0-beta.2+neoforge-mc1.21.1.jar
railways,translated,railways.ponder.door_modes.text_1,"Doors have multiple modes of operation: Normal, Manual, and Special","Двери имеют несколько режимов работы: обычный, ручной и особый",true,railways-0.3.0-beta.2+neoforge-mc1.21.1.jar
railways,translated,railways.ponder.door_modes.text_2,"In normal mode (the default) and manual mode, manual operation of the door is possible","В обычном, выбранном по умолчанию, и ручном режимах дверь можно открыть вручную",true,railways-0.3.0-beta.2+neoforge-mc1.21.1.jar
railways,translated,railways.ponder.door_modes.text_3,and redstone operation works in normal mode and special mode,А активация редстоун-сигналом работает в обычном и особом режимах,true,railways-0.3.0-beta.2+neoforge-mc1.21.1.jar
railways,translated,railways.ponder.door_modes.text_4,Doors in normal and special modes open and close when a contraption moves or stops,"В обычном и особом режимах двери закрываются и открываются, когда штуковина движется и останавливается соответственно",true,railways-0.3.0-beta.2+neoforge-mc1.21.1.jar
railways,translated,railways.ponder.door_modes.text_5,Doors in manual mode only change when a player interacts with them,С дверьми в ручном режиме можно взаимодействовать только напрямую,true,railways-0.3.0-beta.2+neoforge-mc1.21.1.jar
railways,translated,railways.ponder.door_modes.text_6,Doors in special mode cannot be toggled simply by using them,Двери в особом режиме не открыть простым нажатием,true,railways-0.3.0-beta.2+neoforge-mc1.21.1.jar
railways,translated,railways.ponder.door_modes.text_7,"Sneaking, however, allows the player to toggle the door anyway","Однако, когда они являются частью штуковины, это всё же возможно сделать крадучись",true,railways-0.3.0-beta.2+neoforge-mc1.21.1.jar
railways,translated,railways.ponder.train_coupler.header,Using a Coupler,Использованием железнодорожного сцепщика,true,railways-0.3.0-beta.2+neoforge-mc1.21.1.jar
railways,translated,railways.ponder.train_coupler.text_1,Select a Train Track then place the Coupler nearby,Выберите участок железнодорожного пути и разместите сцепщик рядом,true,railways-0.3.0-beta.2+neoforge-mc1.21.1.jar
railways,translated,railways.ponder.train_coupler.text_2,The Train Coupler lets you couple and decouple trains without disassembling them,"Сцепщик позволяет сцеплять и расцеплять вагоны поезда, не разбирая его",true,railways-0.3.0-beta.2+neoforge-mc1.21.1.jar
railways,translated,railways.ponder.train_coupler.text_3,By scrolling with a wrench you can change the gap between the couple/decouple pads,"Откройте панель параметров, держа в руке гаечный ключ, чтобы изменить расстояние между метками сцепщика на путях",true,railways-0.3.0-beta.2+neoforge-mc1.21.1.jar
railways,translated,railways.ponder.train_coupler.text_4,"By using a wrench you can cycle between coupling, decoupling, and both modes","Кликая по сцепщику гаечным ключом, можно переключаться между режимами ""только сцепка"", ""только расцепка"" и ""сцепка-расцепка""",true,railways-0.3.0-beta.2+neoforge-mc1.21.1.jar
railways,translated,railways.ponder.train_coupler.text_5,Stations can be used to help align trains for coupling,Станция может быть использована для выравнивания поезда по меткам сцепщика,true,railways-0.3.0-beta.2+neoforge-mc1.21.1.jar
railways,translated,railways.ponder.train_coupler.text_6,By powering a coupler you can couple/decouple a properly aligned train,Активацией сцепщика вы можете сцепить или расцепить выровненный по меткам поезд,true,railways-0.3.0-beta.2+neoforge-mc1.21.1.jar
railways,translated,railways.ponder.train_semaphore.header,Visualizing Signal states using Semaphores,Визуализацией сигналов железнодорожных светофоров с помощью семафоров,true,railways-0.3.0-beta.2+neoforge-mc1.21.1.jar
railways,translated,railways.ponder.train_semaphore.text_1,Semaphores are placed on poles above Train Signals,Семафоры размещаются на столбах над светофорами,true,railways-0.3.0-beta.2+neoforge-mc1.21.1.jar
railways,translated,railways.ponder.train_semaphore.text_2,Semaphore poles can be made of different materials,Их столбы могут быть изготовлены из металлических балок или заборов,true,railways-0.3.0-beta.2+neoforge-mc1.21.1.jar
railways,translated,railways.ponder.train_semaphore.text_3,Semaphores show the current state of the signal below the pole,Семафор отображает текущий сигнал железнодорожного светофора под ним,true,railways-0.3.0-beta.2+neoforge-mc1.21.1.jar
railways,translated,railways.ponder.train_semaphore.text_4,If a brass signal has multiple valid exit paths...,"Если сегмент пути, находящийся под влиянием светофора во втором режиме, имеет развязку...",true,railways-0.3.0-beta.2+neoforge-mc1.21.1.jar
railways,translated,railways.ponder.train_semaphore.text_5,... a second semaphore can be placed above the first,...над имеющимся семафором можно разместить второй,true,railways-0.3.0-beta.2+neoforge-mc1.21.1.jar
railways,translated,railways.ponder.train_semaphore.text_6,The bottom semaphore will now close if any of the available paths are blocked,"Крыло нижнего семафора опускается, если любой из сегментов впереди оказывается занят",true,railways-0.3.0-beta.2+neoforge-mc1.21.1.jar
railways,translated,railways.ponder.train_semaphore.text_7,The top semaphore will close if all paths are blocked,"Верхний семафор опустит своё крыло только в случае, если все сегменты впереди будут заняты",true,railways-0.3.0-beta.2+neoforge-mc1.21.1.jar
railways,translated,railways.ponder.train_semaphore.text_8,"When 2 semaphores are placed on a non-brass signal, they both close simultaneously","Два семафора, размещённые на светофоре в первом режиме, опускают свои крылья одновременно",true,railways-0.3.0-beta.2+neoforge-mc1.21.1.jar
railways,translated,railways.ponder.train_switch.header,Using Track Switches,Использованием стрелочных переводов,true,railways-0.3.0-beta.2+neoforge-mc1.21.1.jar
railways,translated,railways.ponder.train_switch.text_1,Select a Train Track then place the Switch nearby,Выберите участок железнодорожного пути и разместите стрелочный перевод рядом,true,railways-0.3.0-beta.2+neoforge-mc1.21.1.jar
railways,translated,railways.ponder.train_switch.text_2,The Switch will direct any Trains passing over the marker,"Стрелочный перевод направляет любой поезд, проходящий через метку, в указанную сторону",true,railways-0.3.0-beta.2+neoforge-mc1.21.1.jar
railways,translated,railways.ponder.train_switch.text_3,Cycle the switch to the right by using it,ПКМ для переключения перевода на путь правее,true,railways-0.3.0-beta.2+neoforge-mc1.21.1.jar
railways,translated,railways.ponder.train_switch.text_4,Cycle the switch to the left by using it while sneaking,ПКМ крадучись для переключения перевода на путь левее,true,railways-0.3.0-beta.2+neoforge-mc1.21.1.jar
railways,translated,railways.ponder.train_switch.text_5,"Switches provide a comparator signal based on the direction: 1 for left, 0 for straight, and 2 for right","Состояние стрелочного перевода фиксирует компаратор и выдаёт соответствующий сигнал: 1 при направлении на левый путь, 0 — на прямой и 2 — на правый",true,railways-0.3.0-beta.2+neoforge-mc1.21.1.jar
railways,translated,railways.ponder.train_switch.text_6,"Switch direction can also be set by a redstone signal, and can be locked by powering the bottom","Направление переключения можно изменить и с помощью редстоун-сигнала, а ещё заблокировать, подав питание снизу",true,railways-0.3.0-beta.2+neoforge-mc1.21.1.jar
railways,translated,railways.ponder.train_switch.text_7,Projectiles also cycle switches on impact,Снаряды также переключают перевод при попадании в него,true,railways-0.3.0-beta.2+neoforge-mc1.21.1.jar
ratatouille,translated,ratatouille.ponder.irrigation_tower.header,Use irrigation tower to improve your farmLand,"Используйте оросительные башни, чтобы поддерживать влажность сельскохозяйственных угодий.",true,create_ratatouille-1.21.1-1.4.0.jar
ratatouille,translated,ratatouille.ponder.irrigation_tower.text_1,Irrigation towers maintain optimal moisture levels for farmland within their range,Оросительные башни поддерживают оптимальный уровень влажности сельскохозяйственных угодий в пределах своего радиуса действия.,true,create_ratatouille-1.21.1-1.4.0.jar
ratatouille,translated,ratatouille.ponder.irrigation_tower.text_2,The tank need to be filled with water,Резервуар необходимо наполнить водой,true,create_ratatouille-1.21.1-1.4.0.jar
ratatouille,missing,ratatouille.ponder.irrigation_tower.text_3,or filled with compost tea,,true,create_ratatouille-1.21.1-1.4.0.jar
ratatouille,missing,ratatouille.ponder.irrigation_tower.text_4,This will slowly convert the surrounding farmland into rich soil farmland,,true,create_ratatouille-1.21.1-1.4.0.jar
ratatouille,translated,ratatouille.ponder.oven.header,Efficient Food Baking with the Oven,Эффективное выпекание продуктов в духовке,true,create_ratatouille-1.21.1-1.4.0.jar
ratatouille,translated,ratatouille.ponder.oven.text_1,The oven heated by blaze burner,"Духовка, отапливаемая пламенной горелкой",true,create_ratatouille-1.21.1-1.4.0.jar
ratatouille,translated,ratatouille.ponder.oven.text_2,Oven fans ensure sufficient air within the oven,Вентиляторы духовки обеспечивают достаточное количество воздуха внутри духовки.,true,create_ratatouille-1.21.1-1.4.0.jar
ratatouille,translated,ratatouille.ponder.oven.text_3,"With sufficient heat, air, and stocked inventory...","При достаточном тепле, воздухе и наличии инвентаря...",true,create_ratatouille-1.21.1-1.4.0.jar
ratatouille,translated,ratatouille.ponder.oven.text_4,...It can efficiently bake all types of food!,...Он может эффективно выпекать любые виды продуктов!,true,create_ratatouille-1.21.1-1.4.0.jar
ratatouille,translated,ratatouille.ponder.oven.text_5,"Higher efficiency demands more space, heat, and airflow","Более высокая эффективность требует большего пространства, тепла и воздушного потока.",true,create_ratatouille-1.21.1-1.4.0.jar
ratatouille,translated,ratatouille.ponder.oven.text_6,Use goggles to monitor the current oven level,"Используйте очки, чтобы контролировать текущий уровень духовки.",true,create_ratatouille-1.21.1-1.4.0.jar
ratatouille,translated,ratatouille.ponder.spreader.header,Accelerate Crop Growth with the Spreader,Ускорьте рост урожая с помощью разбрасывателя,true,create_ratatouille-1.21.1-1.4.0.jar
ratatouille,translated,ratatouille.ponder.spreader.text_1,The spreader rapidly ripens crops within its designated range,Разбрасыватель быстро созревает урожай в пределах заданного диапазона.,true,create_ratatouille-1.21.1-1.4.0.jar
ratatouille,translated,ratatouille.ponder.spreader.text_2,Each grown action consumes one ripen matter,Каждое выращенное действие потребляет одну костную муку.,true,create_ratatouille-1.21.1-1.4.0.jar
ratatouille,translated,ratatouille.ponder.spreader.text_3,"By adjusting speed and attach nozzle, you can significantly expand the ripening area","Регулируя скорость и прикрепляя насадку, вы можете значительно расширить зону дозревания.",true,create_ratatouille-1.21.1-1.4.0.jar
ratatouille,missing,ratatouille.ponder.spreader_breed.header,Spreader makes animals fall in love,,true,create_ratatouille-1.21.1-1.4.0.jar
ratatouille,missing,ratatouille.ponder.spreader_breed.text_1,"When supplied with the right item,
nearby animals enter love mode.",,true,create_ratatouille-1.21.1-1.4.0.jar
ratatouille,missing,ratatouille.ponder.spreader_breed.text_2,Consumes one mature matter,,true,create_ratatouille-1.21.1-1.4.0.jar
ratatouille,missing,ratatouille.ponder.spreader_breed.text_3,"After a short while, a baby pig appears.",,true,create_ratatouille-1.21.1-1.4.0.jar
ratatouille,translated,ratatouille.ponder.squeeze_basin.header,Process Items Efficiently Using the Squeeze Basin,"Обрабатывайте предметы эффективно, используя чашу для отжима",true,create_ratatouille-1.21.1-1.4.0.jar
ratatouille,translated,ratatouille.ponder.squeeze_basin.text_1,Squeeze basins handle squeezing and filling tasks,Отжимные бассейны справляются с задачами по выжиманию и наполнению.,true,create_ratatouille-1.21.1-1.4.0.jar
ratatouille,translated,ratatouille.ponder.squeeze_basin.text_2,Output products typically emerge from the side with a port,Выходные продукты обычно выходят сбоку с портом.,true,create_ratatouille-1.21.1-1.4.0.jar
ratatouille,translated,ratatouille.ponder.squeeze_basin.text_3,Squeeze basin also accept fluid,Соковыжималка также принимает жидкость.,true,create_ratatouille-1.21.1-1.4.0.jar
ratatouille,translated,ratatouille.ponder.squeeze_basin.text_4,"For specific recipes, consider filling the output port with items",Для конкретных рецептов рассмотрите возможность заполнения выходного порта предметами.,true,create_ratatouille-1.21.1-1.4.0.jar
ratatouille,translated,ratatouille.ponder.squeeze_basin.text_5,Deployers can improve efficiency,Развертыватели могут повысить эффективность,true,create_ratatouille-1.21.1-1.4.0.jar
ratatouille,translated,ratatouille.ponder.tag.ratatouille,Ratatouille,Рататуй,true,create_ratatouille-1.21.1-1.4.0.jar
ratatouille,translated,ratatouille.ponder.tag.ratatouille.description,Components in Ratatouille,Компоненты в Рататуе,true,create_ratatouille-1.21.1-1.4.0.jar
ratatouille,translated,ratatouille.ponder.thresher.header,Efficient Grain Processing with the Thresher,Эффективная обработка зерна с помощью молотилки,true,create_ratatouille-1.21.1-1.4.0.jar
ratatouille,translated,ratatouille.ponder.thresher.text_1,Threshers are versatile machines used for processing various crops,"Молотилки – универсальные машины, используемые для переработки различных сельскохозяйственных культур.",true,create_ratatouille-1.21.1-1.4.0.jar
ratatouille,translated,ratatouille.ponder.thresher.text_2,Processed grain conveniently slides out from the side through the output slot,Обработанное зерно удобно выдвигается сбоку через выходную щель.,true,create_ratatouille-1.21.1-1.4.0.jar
ratatouille,translated,ratatouille.ponder.thresher.text_3,The thresher operates effectively with mechanical belt,Молотилка эффективно работает с механическим ремнем.,true,create_ratatouille-1.21.1-1.4.0.jar
simulated,translated,simulated.ponder.altitude_sensor_into.header,Using the Altitude Sensor,Использование Высотного датчика,true,create-aeronautics-bundled-1.21.1-1.3.2.jar
simulated,translated,simulated.ponder.altitude_sensor_into.text_1,The Altitude Sensor outputs a redstone signal based on its elevation,Высотный датчик выдаёт редстоун-сигнал в зависимости от высоты,true,create-aeronautics-bundled-1.21.1-1.3.2.jar
simulated,translated,simulated.ponder.altitude_sensor_into.text_2,"By default, travelling upwards increases the signal strength","По умолчанию, движение вверх увеличивает силу сигнала",true,create-aeronautics-bundled-1.21.1-1.3.2.jar
simulated,translated,simulated.ponder.altitude_sensor_into.text_3,The minimum and maximum altitudes can be changed in the UI,Минимальная и максимальная высоты настраиваются в интерфейсе,true,create-aeronautics-bundled-1.21.1-1.3.2.jar
simulated,translated,simulated.ponder.altitude_sensor_into.text_4,It can also be set to decrease in strength as it travels upwards,Можно также настроить уменьшение сигнала при движении вверх,true,create-aeronautics-bundled-1.21.1-1.3.2.jar
simulated,translated,simulated.ponder.altitude_sensor_into.text_5,"When wearing Engineers' Goggles, information about air pressure and exact altitude can be seen",В Инженерных очках отображается информация об атмосферном давлении и точной высоте,true,create-aeronautics-bundled-1.21.1-1.3.2.jar
simulated,translated,simulated.ponder.altitude_sensor_into.text_6,A Wrench can also be used to see more precise changes in elevation,Гаечный ключ также позволяет увидеть более точные изменения высоты,true,create-aeronautics-bundled-1.21.1-1.3.2.jar
simulated,translated,simulated.ponder.analog_transmission.header,Controlling rotational speed using Analog Transmission,Управление скоростью вращения с помощью Аналоговой передачи,true,create-aeronautics-bundled-1.21.1-1.3.2.jar
simulated,translated,simulated.ponder.analog_transmission.text_1,Unpowered Analog Transmissions behave exactly like Encased Cogwheels,Обесточенная Аналоговая передача работает как обычное Корпусное зубчатое колесо,true,create-aeronautics-bundled-1.21.1-1.3.2.jar
simulated,translated,simulated.ponder.analog_transmission.text_2,Analog redstone inputs slows down the cogwheel relative to the shaft,Аналоговый редстоун-сигнал замедляет зубчатое колесо относительно вала,true,create-aeronautics-bundled-1.21.1-1.3.2.jar
simulated,translated,simulated.ponder.analog_transmission.text_3,10 RPM,10 ОПМ,true,create-aeronautics-bundled-1.21.1-1.3.2.jar
simulated,translated,simulated.ponder.analog_transmission.text_4,Higher signal strengths results in larger gear ratios,Более сильный сигнал приводит к большему передаточному числу,true,create-aeronautics-bundled-1.21.1-1.3.2.jar
simulated,translated,simulated.ponder.analog_transmission.text_5,4 RPM,4 ОПМ,true,create-aeronautics-bundled-1.21.1-1.3.2.jar
simulated,translated,simulated.ponder.analog_transmission.text_6,"When the Transmission gets its input through the cogwheel, the shaft speeds up instead","Когда передача получает входной сигнал через зубчатое колесо, вал ускоряется",true,create-aeronautics-bundled-1.21.1-1.3.2.jar
simulated,translated,simulated.ponder.analog_transmission.text_7,64 RPM,64 ОПМ,true,create-aeronautics-bundled-1.21.1-1.3.2.jar
simulated,translated,simulated.ponder.analog_transmission.text_8,"At full signal input or breaking speeds, the shaft and cogwheel disconnect...",При полном сигнале или критической скорости вал и зубчатое колесо отключаются...,true,create-aeronautics-bundled-1.21.1-1.3.2.jar
simulated,translated,simulated.ponder.analog_transmission.text_9,...and can then rotate independently of each other,...и могут вращаться независимо друг от друга,true,create-aeronautics-bundled-1.21.1-1.3.2.jar
simulated,translated,simulated.ponder.auger_shaft_extracting.header,Extracting from Harvesting actors using the Auger Shaft,Извлечение из добывающих акторов с помощью Бурового вала,true,create-aeronautics-bundled-1.21.1-1.3.2.jar
simulated,translated,simulated.ponder.auger_shaft_extracting.text_1,Auger Shafts collect materials from Harvesting actors,Буровые валы собирают материалы с добывающих акторов,true,create-aeronautics-bundled-1.21.1-1.3.2.jar
simulated,translated,simulated.ponder.auger_shaft_extracting.text_2,All horizontally connected actors are included,Включаются все горизонтально подключённые акторы,true,create-aeronautics-bundled-1.21.1-1.3.2.jar
simulated,translated,simulated.ponder.auger_shaft_extracting.text_3,When a connected actor breaks a block...,Когда подключённый актор ломает блок...,true,create-aeronautics-bundled-1.21.1-1.3.2.jar
simulated,translated,simulated.ponder.auger_shaft_extracting.text_4,...its items are automatically collected,...его предметы собираются автоматически,true,create-aeronautics-bundled-1.21.1-1.3.2.jar
simulated,translated,simulated.ponder.auger_shaft_intro.header,Using the Auger Shaft,Использование Бурового вала,true,create-aeronautics-bundled-1.21.1-1.3.2.jar
simulated,translated,simulated.ponder.auger_shaft_intro.text_1,Powered Auger Shafts will transport items and extract them from actors,Запитанные Буровые валы транспортируют предметы и извлекают их из акторов,true,create-aeronautics-bundled-1.21.1-1.3.2.jar
simulated,translated,simulated.ponder.auger_shaft_intro.text_2,"Using a Wrench, you can cycle between the Auger Shaft and Auger Cog",Гаечным ключом можно переключаться между Буровым валом и Буровым зубчатым колесом,true,create-aeronautics-bundled-1.21.1-1.3.2.jar
simulated,translated,simulated.ponder.auger_shaft_intro.text_3,"Using Industrial Iron Blocks, Auger Shafts can be encased",Буровые валы можно заключить в корпус с помощью Промышленных железных блоков,true,create-aeronautics-bundled-1.21.1-1.3.2.jar
simulated,translated,simulated.ponder.auger_shaft_intro.text_4,Item flow can be observed via the indicator on the Auger Cog...,Поток предметов можно наблюдать по индикатору на Буровом зубчатом колесе...,true,create-aeronautics-bundled-1.21.1-1.3.2.jar
simulated,translated,simulated.ponder.auger_shaft_intro.text_5,...Or by inspecting the Auger while wearing Goggles,...или изучая Бур в Инженерных очках,true,create-aeronautics-bundled-1.21.1-1.3.2.jar
simulated,translated,simulated.ponder.auger_shaft_intro.text_6,Items cannot be inserted or extracted from the Auger Cog...,Предметы нельзя вставить или извлечь из Бурового зубчатого колеса...,true,create-aeronautics-bundled-1.21.1-1.3.2.jar
simulated,translated,simulated.ponder.auger_shaft_intro.text_7,...or either end of the Auger,...или с любого конца Бура,true,create-aeronautics-bundled-1.21.1-1.3.2.jar
simulated,translated,simulated.ponder.directional_gearshift.header,Controlling rotational direction using Directional Gearshift,Управление направлением вращения с помощью Направленного переключателя,true,create-aeronautics-bundled-1.21.1-1.3.2.jar
simulated,translated,simulated.ponder.directional_gearshift.text_1,Unpowered Directional Gearshifts do not relay rotational power,Обесточенный Направленный переключатель не передаёт вращение,true,create-aeronautics-bundled-1.21.1-1.3.2.jar
simulated,translated,simulated.ponder.directional_gearshift.text_2,"When the straight side is powered, it will relay rotation",При подаче сигнала на прямую сторону — передаёт вращение,true,create-aeronautics-bundled-1.21.1-1.3.2.jar
simulated,translated,simulated.ponder.directional_gearshift.text_3,"When the reverse side is powered, it will reverse rotation",При подаче сигнала на обратную сторону — инвертирует вращение,true,create-aeronautics-bundled-1.21.1-1.3.2.jar
simulated,translated,simulated.ponder.directional_gearshift.text_4,"When both sides are powered, it will stop relaying rotation",При подаче сигнала на обе стороны — прекращает передачу вращения,true,create-aeronautics-bundled-1.21.1-1.3.2.jar
simulated,translated,simulated.ponder.directional_receiver.header,Using Directional Linked Receivers,Использование Направленных связанных приёмников,true,create-aeronautics-bundled-1.21.1-1.3.2.jar
simulated,translated,simulated.ponder.directional_receiver.text_1,Directional Linked Receivers can detect the angle to other nearby Redstone Links,Направленные связанные приёмники могут определять угол до других близлежащих Редстоуна ссылок,true,create-aeronautics-bundled-1.21.1-1.3.2.jar
simulated,translated,simulated.ponder.directional_receiver.text_2,Redstone Links directly infront will be received at their full signal strength,Редстоун ссылки прямо по курсу принимаются с полной силой сигнала,true,create-aeronautics-bundled-1.21.1-1.3.2.jar
simulated,translated,simulated.ponder.directional_receiver.text_3,A shallower angle results in a lower received signal strength,Меньший угол приводит к меньшей силе принятого сигнала,true,create-aeronautics-bundled-1.21.1-1.3.2.jar
simulated,translated,simulated.ponder.directional_receiver.text_4,Directional Linked Receivers cannot receive signals from Redstone Links behind them,Направленные связанные приёмники не принимают сигналы от Редстоуна ссылок позади них,true,create-aeronautics-bundled-1.21.1-1.3.2.jar
simulated,translated,simulated.ponder.directional_receiver.text_5,Directional Linked Receivers respect the same item frequencies that Redstone Links use,"Направленные связанные приёмники используют те же частоты предметов, что и Редстоун ссылки",true,create-aeronautics-bundled-1.21.1-1.3.2.jar
simulated,translated,simulated.ponder.docking_connector.header,Using Docking Connectors,Использование Стыковочных коннекторов,true,create-aeronautics-bundled-1.21.1-1.3.2.jar
simulated,translated,simulated.ponder.docking_connector.text_1,Docking Connectors can create rigid connections in pairs,Стыковочные коннекторы создают жёсткие соединения парами,true,create-aeronautics-bundled-1.21.1-1.3.2.jar
simulated,translated,simulated.ponder.docking_connector.text_2,Extended Connectors attempt to align with each other,Выдвинутые коннекторы стремятся выровняться друг с другом,true,create-aeronautics-bundled-1.21.1-1.3.2.jar
simulated,translated,simulated.ponder.docking_connector.text_3,"Once sufficiently aligned, the Connectors will lock together",После достаточного выравнивания коннекторы блокируются вместе,true,create-aeronautics-bundled-1.21.1-1.3.2.jar
simulated,translated,simulated.ponder.docking_connector.text_4,"The Connection is rigid, but keeps the two sides independent","Соединение жёсткое, но обе стороны остаются независимыми",true,create-aeronautics-bundled-1.21.1-1.3.2.jar
simulated,translated,simulated.ponder.docking_connector.text_5,"Once locked, Items and Fluids can be transferred in either direction",После блокировки предметы и жидкости можно передавать в обоих направлениях,true,create-aeronautics-bundled-1.21.1-1.3.2.jar
simulated,translated,simulated.ponder.docking_connector.text_6,Insertion and Extraction must occur on both sides of the connection,Вставка и извлечение должны происходить с обеих сторон соединения,true,create-aeronautics-bundled-1.21.1-1.3.2.jar
simulated,translated,simulated.ponder.docking_connector.text_7,Either Connector can be retracted to undock,Любой из коннекторов можно убрать для расстыковки,true,create-aeronautics-bundled-1.21.1-1.3.2.jar
simulated,translated,simulated.ponder.docking_connector.text_8,Redstone Comparators can be used to read the Docking progress,Редстоун компараторы могут считывать прогресс стыковки,true,create-aeronautics-bundled-1.21.1-1.3.2.jar
simulated,translated,simulated.ponder.gimbal_sensor_intro.header,Using the Gimbal Sensor,Использование Карданного датчика,true,create-aeronautics-bundled-1.21.1-1.3.2.jar
simulated,translated,simulated.ponder.gimbal_sensor_intro.text_1,The Gimbal Sensor outputs a redstone signal based on its orientation,Карданный датчик выдаёт редстоун-сигнал в зависимости от ориентации,true,create-aeronautics-bundled-1.21.1-1.3.2.jar
simulated,translated,simulated.ponder.gimbal_sensor_intro.text_2,"By default, the signal is emitted downhill",По умолчанию сигнал испускается в сторону наклона,true,create-aeronautics-bundled-1.21.1-1.3.2.jar
simulated,translated,simulated.ponder.gimbal_sensor_intro.text_3,The value boxes can configure the angle of maximum signal...,Поля значений позволяют настроить угол максимального сигнала...,true,create-aeronautics-bundled-1.21.1-1.3.2.jar
simulated,translated,simulated.ponder.gimbal_sensor_intro.text_4,...and invert the output direction,...и инвертировать направление вывода,true,create-aeronautics-bundled-1.21.1-1.3.2.jar
simulated,translated,simulated.ponder.gimbal_sensor_intro.text_5,Each axis operates independently of one another,Каждая ось работает независимо от другой,true,create-aeronautics-bundled-1.21.1-1.3.2.jar
simulated,translated,simulated.ponder.honey_glue_intro.header,Attaching blocks using Honey Glue,Прикрепление блоков с помощью Медового клея,true,create-aeronautics-bundled-1.21.1-1.3.2.jar
simulated,translated,simulated.ponder.honey_glue_intro.text_1,Honey Glue is a convenient alternative to Super Glue for Simulated Contraptions,Медовый клей — удобная альтернатива Супер-клею для Симулированных конструкций,true,create-aeronautics-bundled-1.21.1-1.3.2.jar
simulated,translated,simulated.ponder.honey_glue_intro.text_2,Clicking two endpoints creates a new 'glued' area...,Нажатие на две конечные точки создаёт новую «склеенную» область...,true,create-aeronautics-bundled-1.21.1-1.3.2.jar
simulated,mixed_script,simulated.ponder.honey_glue_intro.text_3,...which can be expanded or retracted via Ctrl-Scrolling,...которую можно расширить или уменьшить с помощью Ctrl+прокрутки,true,create-aeronautics-bundled-1.21.1-1.3.2.jar
simulated,mixed_script,simulated.ponder.honey_glue_intro.text_4,"Alternatively, hold ALT to place an endpoint midair","Или удерживайте ALT, чтобы разместить конечную точку в воздухе",true,create-aeronautics-bundled-1.21.1-1.3.2.jar
simulated,translated,simulated.ponder.honey_glue_intro.text_5,Unlike Super Glue...,В отличие от Супер-клея...,true,create-aeronautics-bundled-1.21.1-1.3.2.jar
simulated,translated,simulated.ponder.honey_glue_intro.text_6,...Honey Glue does not attach to animated Contraptions,...Медовый клей не прикрепляется к анимированным конструкциям,true,create-aeronautics-bundled-1.21.1-1.3.2.jar
simulated,translated,simulated.ponder.honey_glue_intro.text_7,"Instead, it exclusively attaches to Simulated Contraptions",Вместо этого он прикрепляется исключительно к Симулированным конструкциям,true,create-aeronautics-bundled-1.21.1-1.3.2.jar
simulated,translated,simulated.ponder.honey_glue_super_glue.header,Using Honey Glue with Super Glue,Использование Медового клея с Супер-клеем,true,create-aeronautics-bundled-1.21.1-1.3.2.jar
simulated,translated,simulated.ponder.honey_glue_super_glue.text_1,For more complex Simulated Contraptions...,Для более сложных Симулированных конструкций...,true,create-aeronautics-bundled-1.21.1-1.3.2.jar
simulated,translated,simulated.ponder.honey_glue_super_glue.text_2,...Super Glue may form undesired connections,...Супер-клей может создавать нежелательные соединения,true,create-aeronautics-bundled-1.21.1-1.3.2.jar
simulated,translated,simulated.ponder.honey_glue_super_glue.text_3,Honey Glue may be preferable in this scenario,В таком случае Медовый клей может быть предпочтительнее,true,create-aeronautics-bundled-1.21.1-1.3.2.jar
simulated,translated,simulated.ponder.honey_glue_super_glue.text_4,"When assembled, Honey Glue will attach to overlapping Super Glue",При сборке Медовый клей прикрепляется к перекрывающемуся Супер-клею,true,create-aeronautics-bundled-1.21.1-1.3.2.jar
simulated,translated,simulated.ponder.honey_glue_super_glue.text_5,"However, Super Glue will not attach to overlapping Honey Glue",Однако Супер-клей не прикрепляется к перекрывающемуся Медовому клею,true,create-aeronautics-bundled-1.21.1-1.3.2.jar
simulated,translated,simulated.ponder.laser_pointer.header,Using Laser Pointers and Laser Sensors,Использование Лазерных указателей и Лазерных датчиков,true,create-aeronautics-bundled-1.21.1-1.3.2.jar
simulated,translated,simulated.ponder.laser_pointer.text_1,Laser pointers emit a laser when powered,Лазерные указатели испускают луч при подаче питания,true,create-aeronautics-bundled-1.21.1-1.3.2.jar
simulated,translated,simulated.ponder.laser_pointer.text_2,The laser can be obstructed by blocks,Луч может быть заблокирован блоками,true,create-aeronautics-bundled-1.21.1-1.3.2.jar
simulated,translated,simulated.ponder.laser_pointer.text_3,Laser Sensors can detect the laser when unobstructed,Лазерные датчики могут обнаруживать луч при отсутствии препятствий,true,create-aeronautics-bundled-1.21.1-1.3.2.jar
simulated,translated,simulated.ponder.laser_pointer.text_4,They will emit a signal dependent on the laser power,"Они испускают сигнал, зависящий от мощности лазера",true,create-aeronautics-bundled-1.21.1-1.3.2.jar
simulated,translated,simulated.ponder.laser_pointer.text_5,When a filter is applied...,При применении фильтра...,true,create-aeronautics-bundled-1.21.1-1.3.2.jar
simulated,translated,simulated.ponder.laser_pointer.text_6,...only lasers with matching colors will activate the sensor,...только лазеры совпадающих цветов активируют датчик,true,create-aeronautics-bundled-1.21.1-1.3.2.jar
simulated,translated,simulated.ponder.laser_pointer.text_7,Right clicking the front or back face with a wrench inverts redstone power,ПКМ с Гаечным ключом по передней или задней грани инвертирует редстоун-питание,true,create-aeronautics-bundled-1.21.1-1.3.2.jar
simulated,translated,simulated.ponder.laser_pointer.text_8,The max casting distance can be adjusted on the back,Максимальную дальность луча можно настроить сзади,true,create-aeronautics-bundled-1.21.1-1.3.2.jar
simulated,translated,simulated.ponder.modulating_receiver.header,Using Modulating Linked Receivers,Использование Модулирующих связанных приёмников,true,create-aeronautics-bundled-1.21.1-1.3.2.jar
simulated,translated,simulated.ponder.modulating_receiver.text_1,Modulating Linked Receivers can detect the distance to other nearby Redstone Links,Модулирующие связанные приёмники могут определять расстояние до других близлежащих Редстоуна ссылок,true,create-aeronautics-bundled-1.21.1-1.3.2.jar
simulated,translated,simulated.ponder.modulating_receiver.text_2,Right-click it to open the Configuration UI,Нажмите ПКМ для открытия Интерфейса конфигурации,true,create-aeronautics-bundled-1.21.1-1.3.2.jar
simulated,translated,simulated.ponder.modulating_receiver.text_3,This allows setting a minimum range...,Это позволяет задать минимальную дальность...,true,create-aeronautics-bundled-1.21.1-1.3.2.jar
simulated,translated,simulated.ponder.modulating_receiver.text_4,...and a maximum range,...и максимальную дальность,true,create-aeronautics-bundled-1.21.1-1.3.2.jar
simulated,translated,simulated.ponder.modulating_receiver.text_5,Redstone Links within the minimum range will be received at their full signal strength,Редстоун ссылки в пределах минимальной дальности принимаются с полной силой сигнала,true,create-aeronautics-bundled-1.21.1-1.3.2.jar
simulated,translated,simulated.ponder.modulating_receiver.text_6,Redstone Links outside the maximum range will not be received at all,Редстоун ссылки за пределами максимальной дальности не принимаются вообще,true,create-aeronautics-bundled-1.21.1-1.3.2.jar
simulated,translated,simulated.ponder.modulating_receiver.text_7,Redstone Links in-between the two ranges will be received with proportional signal strengths,Редстоун ссылки между двумя дальностями принимаются с пропорциональной силой сигнала,true,create-aeronautics-bundled-1.21.1-1.3.2.jar
simulated,translated,simulated.ponder.modulating_receiver.text_8,Modulating Linked Receivers respect the same item frequencies that Redstone Links use,"Модулирующие связанные приёмники используют те же частоты предметов, что и Редстоун ссылки",true,create-aeronautics-bundled-1.21.1-1.3.2.jar
simulated,translated,simulated.ponder.navigation_table.header,Using the Navigation Table,Использование Навигационного стола,true,create-aeronautics-bundled-1.21.1-1.3.2.jar
simulated,translated,simulated.ponder.navigation_table.text_1,The Navigation Table provides redstone feedback for Navigation Items,Навигационный стол обеспечивает редстоун обратную связь для Навигационных предметов,true,create-aeronautics-bundled-1.21.1-1.3.2.jar
simulated,translated,simulated.ponder.navigation_table.text_2,When a Navigation Item is provided...,Когда предоставлен Навигационный предмет...,true,create-aeronautics-bundled-1.21.1-1.3.2.jar
simulated,translated,simulated.ponder.navigation_table.text_3,...it will emit a Redstone signal towards the destination,...он испускает Редстоун сигнал в сторону пункта назначения,true,create-aeronautics-bundled-1.21.1-1.3.2.jar
simulated,translated,simulated.ponder.navigation_table.text_4,The Redstone signal is weaker when not directly facing the destination,"Редстоун сигнал слабее, когда устройство не направлено прямо к цели",true,create-aeronautics-bundled-1.21.1-1.3.2.jar
simulated,translated,simulated.ponder.navigation_table.text_5,Different Navigation Items provide unique targets,Разные Навигационные предметы указывают разные цели,true,create-aeronautics-bundled-1.21.1-1.3.2.jar
simulated,translated,simulated.ponder.nozzle.header,Moving Simulated Contraptions using Nozzles,Перемещение Симулированных конструкций с помощью Сопел,true,create-aeronautics-bundled-1.21.1-1.3.2.jar
simulated,translated,simulated.ponder.nozzle.text_1,Nozzles attached to fans on Simulated Contraptions push away from nearby surfaces,"Сопла, прикреплённые к вентиляторам на Симулированных конструкциях, отталкиваются от близлежащих поверхностей",true,create-aeronautics-bundled-1.21.1-1.3.2.jar
simulated,translated,simulated.ponder.nozzle.text_2,Nearby walls will be pushed away from horizontally,Близлежащие стены отталкиваются горизонтально,true,create-aeronautics-bundled-1.21.1-1.3.2.jar
simulated,translated,simulated.ponder.nozzle.text_3,Fluids also act as a surface,Жидкости также считаются поверхностью,true,create-aeronautics-bundled-1.21.1-1.3.2.jar
simulated,translated,simulated.ponder.optical_sensor.header,Using Optical Sensors,Использование Оптических датчиков,true,create-aeronautics-bundled-1.21.1-1.3.2.jar
simulated,translated,simulated.ponder.optical_sensor.text_1,Optical Sensors can detect blocks which obstruct its laser pointer,"Оптические датчики могут обнаруживать блоки, перекрывающие их лазерный указатель",true,create-aeronautics-bundled-1.21.1-1.3.2.jar
simulated,translated,simulated.ponder.optical_sensor.text_2,"When a block is detected, a Redstone signal is emitted",При обнаружении блока испускается Редстоун сигнал,true,create-aeronautics-bundled-1.21.1-1.3.2.jar
simulated,translated,simulated.ponder.optical_sensor.text_3,The Optical Sensor's signal strength is relative to its detected block's distance,Сила сигнала Оптического датчика зависит от расстояния до обнаруженного блока,true,create-aeronautics-bundled-1.21.1-1.3.2.jar
simulated,translated,simulated.ponder.optical_sensor.text_4,The maximum distance can be configured using the value panel,Максимальное расстояние настраивается на панели значений,true,create-aeronautics-bundled-1.21.1-1.3.2.jar
simulated,translated,simulated.ponder.optical_sensor.text_5,When a filter is applied...,При применении фильтра...,true,create-aeronautics-bundled-1.21.1-1.3.2.jar
simulated,translated,simulated.ponder.optical_sensor.text_6,...only matching blocks will emit a signal,...только совпадающие блоки будут испускать сигнал,true,create-aeronautics-bundled-1.21.1-1.3.2.jar
simulated,translated,simulated.ponder.physics_assembler_block_properties.header,Physical properties of blocks,Физические свойства блоков,true,create-aeronautics-bundled-1.21.1-1.3.2.jar
simulated,translated,simulated.ponder.physics_assembler_block_properties.text_1,Some blocks may have different weights...,Некоторые блоки могут иметь разный вес...,true,create-aeronautics-bundled-1.21.1-1.3.2.jar
simulated,translated,simulated.ponder.physics_assembler_block_properties.text_2,Light,Лёгкий,true,create-aeronautics-bundled-1.21.1-1.3.2.jar
simulated,translated,simulated.ponder.physics_assembler_block_properties.text_3,Super Heavy,Сверхтяжёлый,true,create-aeronautics-bundled-1.21.1-1.3.2.jar
simulated,translated,simulated.ponder.physics_assembler_block_properties.text_4,...or other special properties,...или другие особые свойства,true,create-aeronautics-bundled-1.21.1-1.3.2.jar
simulated,translated,simulated.ponder.physics_assembler_block_properties.text_5,Slippery,Скользкий,true,create-aeronautics-bundled-1.21.1-1.3.2.jar
simulated,translated,simulated.ponder.physics_assembler_block_properties.text_6,Fragile,Хрупкий,true,create-aeronautics-bundled-1.21.1-1.3.2.jar
simulated,translated,simulated.ponder.physics_assembler_intro.header,Assembling Simulated Contraptions,Сборка Симулированных конструкций,true,create-aeronautics-bundled-1.21.1-1.3.2.jar
simulated,translated,simulated.ponder.physics_assembler_intro.text_1,The Physics Assembler assembles blocks into Simulated Contraptions,Физический сборщик собирает блоки в Симулированные конструкции,true,create-aeronautics-bundled-1.21.1-1.3.2.jar
simulated,translated,simulated.ponder.physics_assembler_intro.text_2,Use Super Glue or Honey Glue to select a group of blocks...,"Используйте Супер-клей или Медовый клей, чтобы выбрать группу блоков...",true,create-aeronautics-bundled-1.21.1-1.3.2.jar
simulated,translated,simulated.ponder.physics_assembler_intro.text_3,...then hold right-click and pull the lever to assemble,...затем удерживайте ПКМ и потяните рычаг для сборки,true,create-aeronautics-bundled-1.21.1-1.3.2.jar
simulated,translated,simulated.ponder.physics_assembler_intro.text_4,Note that blocks along diagonal edges are included,"Обратите внимание, что блоки вдоль диагональных краёв также включаются",true,create-aeronautics-bundled-1.21.1-1.3.2.jar
simulated,translated,simulated.ponder.physics_assembler_intro.text_5,"Once assembled, the original Physics Assembler is no longer needed...",После сборки оригинальный Физический сборщик больше не нужен...,true,create-aeronautics-bundled-1.21.1-1.3.2.jar
simulated,translated,simulated.ponder.physics_assembler_intro.text_6,...and any Physics Assembler can be used for disassembly,...и любой Физический сборщик можно использовать для разборки,true,create-aeronautics-bundled-1.21.1-1.3.2.jar
simulated,translated,simulated.ponder.physics_assembler_simulated_contraptions.header,Interacting with Simulated Contraptions,Взаимодействие с Симулированными конструкциями,true,create-aeronautics-bundled-1.21.1-1.3.2.jar
simulated,translated,simulated.ponder.physics_assembler_simulated_contraptions.text_1,"Simulated Contraptions have physics, and remain completely interactable when assembled",Симулированные конструкции имеют физику и остаются полностью интерактивными после сборки,true,create-aeronautics-bundled-1.21.1-1.3.2.jar
simulated,translated,simulated.ponder.physics_assembler_sub_level_splitting.header,Splitting and merging Simulated Contraptions,Разделение и слияние Симулированных конструкций,true,create-aeronautics-bundled-1.21.1-1.3.2.jar
simulated,translated,simulated.ponder.physics_assembler_sub_level_splitting.text_1,Disconnected sections of Simulated Contraptions will split off,Отсоединённые части Симулированных конструкций будут отделяться,true,create-aeronautics-bundled-1.21.1-1.3.2.jar
simulated,translated,simulated.ponder.physics_assembler_sub_level_splitting.text_2,A Slime Ball can be used to merge any two Simulated Contraptions,Слизистый шар можно использовать для слияния двух Симулированных конструкций,true,create-aeronautics-bundled-1.21.1-1.3.2.jar
simulated,translated,simulated.ponder.portable_engine.header,Generating Rotational Force using the Portable Engine,Генерация вращательной силы с помощью Портативного двигателя,true,create-aeronautics-bundled-1.21.1-1.3.2.jar
simulated,translated,simulated.ponder.portable_engine.text_1,The Portable Engine generates rotational force by burning fuel,"Портативный двигатель генерирует вращательную силу, сжигая топливо",true,create-aeronautics-bundled-1.21.1-1.3.2.jar
simulated,translated,simulated.ponder.portable_engine.text_2,It can be configured to run in either direction.,Его можно настроить на работу в любом направлении.,true,create-aeronautics-bundled-1.21.1-1.3.2.jar
simulated,translated,simulated.ponder.portable_engine.text_3,Fuel can be inserted by automated means,Топливо можно подавать автоматически,true,create-aeronautics-bundled-1.21.1-1.3.2.jar
simulated,translated,simulated.ponder.portable_engine.text_4,"Using a Blaze Cake, the Portable Engine can be superheated for additional power output","Используя Пирог Блейза, Портативный двигатель можно раскалить для увеличения мощности",true,create-aeronautics-bundled-1.21.1-1.3.2.jar
simulated,translated,simulated.ponder.redstone_accumulator.header,Controlling signals using Redstone Accumulators,Управление сигналами с помощью Редстоуна накопителей,true,create-aeronautics-bundled-1.21.1-1.3.2.jar
simulated,translated,simulated.ponder.redstone_accumulator.text_1,Redstone Accumulators store an analog signal that can be modified over time,"Редстоун накопители хранят аналоговый сигнал, который можно изменять со временем",true,create-aeronautics-bundled-1.21.1-1.3.2.jar
simulated,translated,simulated.ponder.redstone_accumulator.text_2,Signals at the back increase the output strength,Сигналы сзади увеличивают силу вывода,true,create-aeronautics-bundled-1.21.1-1.3.2.jar
simulated,translated,simulated.ponder.redstone_accumulator.text_3,Signals from the sides decrease the output strength,Сигналы с боков уменьшают силу вывода,true,create-aeronautics-bundled-1.21.1-1.3.2.jar
simulated,translated,simulated.ponder.redstone_accumulator.text_4,"Using the value panel, the rate of change can be configured",На панели значений можно настроить скорость изменения,true,create-aeronautics-bundled-1.21.1-1.3.2.jar
simulated,translated,simulated.ponder.redstone_accumulator.text_5,Configured delays can range up to an hour,Настраиваемые задержки могут достигать одного часа,true,create-aeronautics-bundled-1.21.1-1.3.2.jar
simulated,translated,simulated.ponder.redstone_inductor.header,Controlling signals using Redstone Inductor,Управление сигналами с помощью Редстоуна индуктора,true,create-aeronautics-bundled-1.21.1-1.3.2.jar
simulated,translated,simulated.ponder.redstone_inductor.text_1,Redstone Inductors output an analog signal that changes over time to match its input,"Редстоун индукторы выводят аналоговый сигнал, который постепенно меняется, чтобы соответствовать входному",true,create-aeronautics-bundled-1.21.1-1.3.2.jar
simulated,translated,simulated.ponder.redstone_inductor.text_2,"Using the value panel, the rate of change can be configured",На панели значений можно настроить скорость изменения,true,create-aeronautics-bundled-1.21.1-1.3.2.jar
simulated,translated,simulated.ponder.redstone_inductor.text_3,Configured delays can range up to an hour,Настраиваемые задержки могут достигать одного часа,true,create-aeronautics-bundled-1.21.1-1.3.2.jar
simulated,translated,simulated.ponder.redstone_magnet.header,Using Redstone Magnets,Использование Редстоуна магнитов,true,create-aeronautics-bundled-1.21.1-1.3.2.jar
simulated,translated,simulated.ponder.redstone_magnet.text_1,Redstone Magnets can attract or repel other Redstone Magnets,Редстоун магниты могут притягивать или отталкивать другие Редстоун магниты,true,create-aeronautics-bundled-1.21.1-1.3.2.jar
simulated,translated,simulated.ponder.redstone_magnet.text_2,Opposite poles attract each other,Противоположные полюса притягиваются,true,create-aeronautics-bundled-1.21.1-1.3.2.jar
simulated,translated,simulated.ponder.redstone_magnet.text_3,Similar poles repel each other,Одинаковые полюса отталкиваются,true,create-aeronautics-bundled-1.21.1-1.3.2.jar
simulated,translated,simulated.ponder.redstone_magnet.text_4,Attracting magnets attempt to align with each other,Притягивающиеся магниты стремятся выровняться друг с другом,true,create-aeronautics-bundled-1.21.1-1.3.2.jar
simulated,translated,simulated.ponder.rope_connections.header,Types of Rope Connections,Типы верёвочных соединений,true,create-aeronautics-bundled-1.21.1-1.3.2.jar
simulated,translated,simulated.ponder.rope_connections.text_1,A pair of Rope Connectors can be attached with Rope,Пара Верёвочных коннекторов может быть соединена Верёвкой,true,create-aeronautics-bundled-1.21.1-1.3.2.jar
simulated,translated,simulated.ponder.rope_connections.text_2,A pair of Rope Winches cannot connect,Пара Верёвочных лебёдок не может соединиться,true,create-aeronautics-bundled-1.21.1-1.3.2.jar
simulated,translated,simulated.ponder.rope_intro.header,Connecting Simulated Contraptions Using Ropes,Соединение Симулированных конструкций с помощью Верёвок,true,create-aeronautics-bundled-1.21.1-1.3.2.jar
simulated,translated,simulated.ponder.rope_intro.text_1,Right-Clicking a Rope Winch and Connector with a Rope Coupling will attach them together,ПКМ по Верёвочной лебёдке и коннектору с Верёвочной муфтой соединит их,true,create-aeronautics-bundled-1.21.1-1.3.2.jar
simulated,translated,simulated.ponder.rope_intro.text_2,"When given Rotational Force, Rope Winches reel in and out the attached rope",При получении вращательной силы Верёвочные лебёдки сматывают и разматывают верёвку,true,create-aeronautics-bundled-1.21.1-1.3.2.jar
simulated,translated,simulated.ponder.rope_intro.text_3,Shears can be used to remove the Rope,Ножницами можно снять Верёвку,true,create-aeronautics-bundled-1.21.1-1.3.2.jar
simulated,translated,simulated.ponder.rope_intro.text_4,Right-Click holding a wrench to slide down the Rope,"ПКМ с Гаечным ключом, чтобы съехать по Верёвке",true,create-aeronautics-bundled-1.21.1-1.3.2.jar
simulated,translated,simulated.ponder.shared.property_tooltip_always,Detailed property information can be previewed in the item tooltip,Подробную информацию о свойствах можно просмотреть в подсказке предмета,true,create-aeronautics-bundled-1.21.1-1.3.2.jar
simulated,translated,simulated.ponder.shared.property_tooltip_goggles,Detailed property information can be previewed in the item tooltip while wearing Goggles,Подробную информацию о свойствах можно просмотреть в подсказке предмета при ношении Очков,true,create-aeronautics-bundled-1.21.1-1.3.2.jar
simulated,translated,simulated.ponder.shared.property_tooltip_how,But the config was invalid...,Но конфигурация была недействительной...,true,create-aeronautics-bundled-1.21.1-1.3.2.jar
simulated,translated,simulated.ponder.shared.property_tooltip_never,"However, you can't preview these properties because you disabled the tooltip...","Однако вы не можете просматривать эти свойства, так как отключили подсказку...",true,create-aeronautics-bundled-1.21.1-1.3.2.jar
simulated,mixed_script,simulated.ponder.shared.property_tooltip_shift,Detailed property information can be previewed in the item tooltip while pressing Shift,Подробную информацию о свойствах можно просмотреть в подсказке предмета при удержании Shift,true,create-aeronautics-bundled-1.21.1-1.3.2.jar
simulated,mixed_script,simulated.ponder.shared.property_tooltip_shift_goggles,Detailed property information can be previewed in the item tooltip while wearing Goggles and pressing Shift,Подробную информацию о свойствах можно просмотреть в подсказке предмета при ношении Очков и удержании Shift,true,create-aeronautics-bundled-1.21.1-1.3.2.jar
simulated,translated,simulated.ponder.shared.rpm16,16 RPM,16 ОПМ,true,create-aeronautics-bundled-1.21.1-1.3.2.jar
simulated,translated,simulated.ponder.steering_wheel_comparator.header,Using Comparators With Steering Wheels,Использование Компараторов со Штурвалом,true,create-aeronautics-bundled-1.21.1-1.3.2.jar
simulated,translated,simulated.ponder.steering_wheel_comparator.text_1,Redstone Comparators can be used to read the current angle of the Steering Wheel,Редстоун компараторы могут считывать текущий угол Штурвала,true,create-aeronautics-bundled-1.21.1-1.3.2.jar
simulated,translated,simulated.ponder.steering_wheel_comparator.text_2,The output Signal is proportional to the configured maximum Angle,Сила выходного сигнала пропорциональна заданному максимальному углу,true,create-aeronautics-bundled-1.21.1-1.3.2.jar
simulated,translated,simulated.ponder.steering_wheel_comparator.text_3,Redstone Comparators placed on the back of the Steering Wheel will read if it is in use,"Редстоун компараторы, установленные сзади Штурвала, определяют, используется ли он",true,create-aeronautics-bundled-1.21.1-1.3.2.jar
simulated,translated,simulated.ponder.steering_wheel_intro.header,Using the Steering Wheel,Использование Штурвала,true,create-aeronautics-bundled-1.21.1-1.3.2.jar
simulated,translated,simulated.ponder.steering_wheel_intro.text_1,Steering Wheels provide precise rotational output,Штурвалы обеспечивают точный вращательный вывод,true,create-aeronautics-bundled-1.21.1-1.3.2.jar
simulated,translated,simulated.ponder.steering_wheel_intro.text_2,Hold right click to grab the wheel...,"Удерживайте ПКМ, чтобы взяться за руль...",true,create-aeronautics-bundled-1.21.1-1.3.2.jar
simulated,translated,simulated.ponder.steering_wheel_intro.text_3,...and move the mouse to rotate,...и перемещайте мышь для поворота,true,create-aeronautics-bundled-1.21.1-1.3.2.jar
simulated,translated,simulated.ponder.steering_wheel_intro.text_4,Sneaking while turning the wheel snaps to 45° intervals,Приседание при повороте позволяет фиксировать положение с шагом 45°,true,create-aeronautics-bundled-1.21.1-1.3.2.jar
simulated,translated,simulated.ponder.steering_wheel_intro.text_5,The maximum turning angle can be configured using the value panel,Максимальный угол поворота настраивается на панели значений,true,create-aeronautics-bundled-1.21.1-1.3.2.jar
simulated,translated,simulated.ponder.steering_wheel_intro.text_6,Mind that Bearings have to be specifically told not to disassemble,"Обратите внимание, что Подшипники нужно специально настроить на запрет разборки",true,create-aeronautics-bundled-1.21.1-1.3.2.jar
simulated,translated,simulated.ponder.steering_wheel_intro.text_7,Use wood planks on the wheel to change its appearance,"Используйте деревянные доски на руле, чтобы изменить его внешний вид",true,create-aeronautics-bundled-1.21.1-1.3.2.jar
simulated,translated,simulated.ponder.swivel_bearing_intro.header,Moving Structures using the Swivel Bearing,Перемещение конструкций с помощью Поворотного подшипника,true,create-aeronautics-bundled-1.21.1-1.3.2.jar
simulated,translated,simulated.ponder.swivel_bearing_intro.text_1,Swivel Bearings attach to the block in front of them,Поворотные подшипники прикрепляются к блоку перед ними,true,create-aeronautics-bundled-1.21.1-1.3.2.jar
simulated,translated,simulated.ponder.swivel_bearing_intro.text_2,Use Super Glue or Honey Glue to select a group of blocks,"Используйте Супер-клей или Медовый клей, чтобы выбрать группу блоков",true,create-aeronautics-bundled-1.21.1-1.3.2.jar
simulated,translated,simulated.ponder.swivel_bearing_intro.text_3,"When powered via the cog, it will assemble into a Simulated Contraption",При подаче питания через зубчатое колесо — собирается в Симулированную конструкцию,true,create-aeronautics-bundled-1.21.1-1.3.2.jar
simulated,translated,simulated.ponder.swivel_bearing_passthrough.header,Passing Rotation through a Swivel Bearing,Передача вращения через Поворотный подшипник,true,create-aeronautics-bundled-1.21.1-1.3.2.jar
simulated,translated,simulated.ponder.swivel_bearing_passthrough.text_1,Rotational power via the Shaft passes directly through the Swivel Bearing,Вращательная мощность через Вал проходит напрямую через Поворотный подшипник,true,create-aeronautics-bundled-1.21.1-1.3.2.jar
simulated,translated,simulated.ponder.swivel_bearing_passthrough.text_2,Rotation remains uninterrupted as the Swivel Bearing turns,Вращение не прерывается при повороте Поворотного подшипника,true,create-aeronautics-bundled-1.21.1-1.3.2.jar
simulated,translated,simulated.ponder.swivel_bearing_unlocking.header,Unlocking Swivel Bearings,Разблокировка Поворотных подшипников,true,create-aeronautics-bundled-1.21.1-1.3.2.jar
simulated,translated,simulated.ponder.swivel_bearing_unlocking.text_1,When provided with Redstone Power...,При подаче Редстоуна питания...,true,create-aeronautics-bundled-1.21.1-1.3.2.jar
simulated,translated,simulated.ponder.swivel_bearing_unlocking.text_2,"...the Swivel Bearing unlocks, spinning freely",...Поворотный подшипник разблокируется и свободно вращается,true,create-aeronautics-bundled-1.21.1-1.3.2.jar
simulated,translated,simulated.ponder.swivel_bearing_unlocking.text_3,This behavior can be configured using the value panel,Это поведение можно настроить на панели значений,true,create-aeronautics-bundled-1.21.1-1.3.2.jar
simulated,translated,simulated.ponder.symmetric_sail.header,Using Sails and Symmetric Sails on Simulated Contraptions,Использование Парусов и Симметричных парусов на Симулированных конструкциях,true,create-aeronautics-bundled-1.21.1-1.3.2.jar
simulated,translated,simulated.ponder.symmetric_sail.text_1,Symmetric Sail,Симметричный парус,true,create-aeronautics-bundled-1.21.1-1.3.2.jar
simulated,translated,simulated.ponder.symmetric_sail.text_10,...Flight can be achieved,...можно достичь полёта,true,create-aeronautics-bundled-1.21.1-1.3.2.jar
simulated,translated,simulated.ponder.symmetric_sail.text_11,"Unlike Regular Sails, Symmetric Sails only produce Drag","В отличие от Обычных парусов, Симметричные создают только Сопротивление",true,create-aeronautics-bundled-1.21.1-1.3.2.jar
simulated,translated,simulated.ponder.symmetric_sail.text_12,"Note that when moving parallel to the direction of motion, they have no effect",Обратите внимание: при движении параллельно направлению движения они не оказывают эффекта,true,create-aeronautics-bundled-1.21.1-1.3.2.jar
simulated,translated,simulated.ponder.symmetric_sail.text_13,"When angled away from the direction of motion, Drag is applied",При отклонении от направления движения создаётся Сопротивление,true,create-aeronautics-bundled-1.21.1-1.3.2.jar
simulated,translated,simulated.ponder.symmetric_sail.text_14,This can be used for turning or stabilization surfaces,Это можно использовать для поворота или стабилизирующих поверхностей,true,create-aeronautics-bundled-1.21.1-1.3.2.jar
simulated,translated,simulated.ponder.symmetric_sail.text_2,Regular Sail,Обычный парус,true,create-aeronautics-bundled-1.21.1-1.3.2.jar
simulated,translated,simulated.ponder.symmetric_sail.text_3,"When moving on a Simulated Contraption, Regular Sails provide Lift",При движении на Симулированной конструкции Обычные паруса создают Подъёмную силу,true,create-aeronautics-bundled-1.21.1-1.3.2.jar
simulated,translated,simulated.ponder.symmetric_sail.text_4,"Lift is generated relative to the speed of the Sail, and is applied perpendicular to its surface",Подъёмная сила зависит от скорости Паруса и применяется перпендикулярно его поверхности,true,create-aeronautics-bundled-1.21.1-1.3.2.jar
simulated,translated,simulated.ponder.symmetric_sail.text_5,Thrust,Тяга,true,create-aeronautics-bundled-1.21.1-1.3.2.jar
simulated,translated,simulated.ponder.symmetric_sail.text_6,Lift,Подъёмная сила,true,create-aeronautics-bundled-1.21.1-1.3.2.jar
simulated,translated,simulated.ponder.symmetric_sail.text_7,Gravity,Гравитация,true,create-aeronautics-bundled-1.21.1-1.3.2.jar
simulated,translated,simulated.ponder.symmetric_sail.text_8,When enough Lift is generated...,Когда создаётся достаточная Подъёмная сила...,true,create-aeronautics-bundled-1.21.1-1.3.2.jar
simulated,translated,simulated.ponder.symmetric_sail.text_9,Direction of Travel,Направление движения,true,create-aeronautics-bundled-1.21.1-1.3.2.jar
simulated,translated,simulated.ponder.symmetric_sail_windmill.header,Assembling Windmills using Symmetric Sails,Сборка Ветряных мельниц из Симметричных парусов,true,create-aeronautics-bundled-1.21.1-1.3.2.jar
simulated,translated,simulated.ponder.symmetric_sail_windmill.text_1,Symmetric Sails are handy blocks to create Windmills with,Симметричные паруса — удобные блоки для создания Ветряных мельниц,true,create-aeronautics-bundled-1.21.1-1.3.2.jar
simulated,translated,simulated.ponder.symmetric_sail_windmill.text_2,They will attach to blocks and each other without the need of Super Glue or Chassis Blocks,Они будут прикрепляться к блокам и друг к другу без Супер-клея или Шасси-блоков,true,create-aeronautics-bundled-1.21.1-1.3.2.jar
simulated,translated,simulated.ponder.symmetric_sail_windmill.text_3,Right-Click with Dye to paint them,"ПКМ с Краской, чтобы покрасить их",true,create-aeronautics-bundled-1.21.1-1.3.2.jar
simulated,translated,simulated.ponder.tag.navigation_items,Navigation Items,Навигационные предметы,true,create-aeronautics-bundled-1.21.1-1.3.2.jar
simulated,translated,simulated.ponder.tag.navigation_items.description,Components which offer a destination to a Navigation Table,"Компоненты, которые указывают пункт назначения для Навигационного стола",true,create-aeronautics-bundled-1.21.1-1.3.2.jar
simulated,translated,simulated.ponder.tag.physics_behavior,Physics Behavior,Физическое поведение,true,create-aeronautics-bundled-1.21.1-1.3.2.jar
simulated,translated,simulated.ponder.tag.physics_behavior.description,Components which have unique physics behavior or interactions,Компоненты с уникальным физическим поведением или взаимодействиями,true,create-aeronautics-bundled-1.21.1-1.3.2.jar
simulated,translated,simulated.ponder.tag.physics_sensors,Physics Sensor Blocks,Физические датчики,true,create-aeronautics-bundled-1.21.1-1.3.2.jar
simulated,translated,simulated.ponder.tag.physics_sensors.description,Components which provide dynamic information about the world around them,"Компоненты, предоставляющие динамическую информацию об окружающем мире",true,create-aeronautics-bundled-1.21.1-1.3.2.jar
simulated,translated,simulated.ponder.tag.thrust_blocks,Thrust Producing Blocks,Блоки создания тяги,true,create-aeronautics-bundled-1.21.1-1.3.2.jar
simulated,translated,simulated.ponder.tag.thrust_blocks.description,Components which produce thrust on Simulated Contraptions,"Компоненты, создающие тягу на Симулированных конструкциях",true,create-aeronautics-bundled-1.21.1-1.3.2.jar
simulated,translated,simulated.ponder.throttle_lever.header,Controlling signals using the Throttle Lever,Управление сигналами с помощью Рычага газа,true,create-aeronautics-bundled-1.21.1-1.3.2.jar
simulated,translated,simulated.ponder.throttle_lever.text_1,Throttle Levers make for a compact and precise source of redstone power,Рычаги газа — компактный и точный источник редстоун-питания,true,create-aeronautics-bundled-1.21.1-1.3.2.jar
simulated,translated,simulated.ponder.throttle_lever.text_2,Right-click and drag to set its analog power output,ПКМ и тяните для установки аналоговой мощности вывода,true,create-aeronautics-bundled-1.21.1-1.3.2.jar
simulated,translated,simulated.ponder.throttle_lever.text_3,"Using a Wrench, the signal can be inverted",С помощью Гаечного ключа сигнал можно инвертировать,true,create-aeronautics-bundled-1.21.1-1.3.2.jar
simulated,translated,simulated.ponder.torsion_spring.header,Controlling Rotational Speed using Torsion Springs,Управление скоростью вращения с помощью Торсионных пружин,true,create-aeronautics-bundled-1.21.1-1.3.2.jar
simulated,translated,simulated.ponder.torsion_spring.text_1,Torsion Springs relay rotation within a set range of angles,Торсионные пружины передают вращение в заданном диапазоне углов,true,create-aeronautics-bundled-1.21.1-1.3.2.jar
simulated,translated,simulated.ponder.torsion_spring.text_2,"When the input stops rotating, the Spring returns to its starting angle","Когда входное вращение останавливается, Пружина возвращается в начальное положение",true,create-aeronautics-bundled-1.21.1-1.3.2.jar
simulated,translated,simulated.ponder.torsion_spring.text_3,The angle limit can be configured on the value panel,Ограничение угла настраивается на панели значений,true,create-aeronautics-bundled-1.21.1-1.3.2.jar
simulated,translated,simulated.ponder.torsion_spring.text_4,Mind that Bearings have to be specifically told not to disassemble,"Учтите, что Подшипники нужно специально настроить на запрет разборки",true,create-aeronautics-bundled-1.21.1-1.3.2.jar
simulated,translated,simulated.ponder.torsion_spring.text_5,"When powered by Redstone, Torsion Springs will not spring back",При редстоун-питании Торсионные пружины не пружинят обратно,true,create-aeronautics-bundled-1.21.1-1.3.2.jar
simulated,translated,simulated.ponder.torsion_spring.text_6,Redstone Comparators can be used to read the current angle of the spring,Редстоун компараторы могут считывать текущий угол пружины,true,create-aeronautics-bundled-1.21.1-1.3.2.jar
simulated,translated,simulated.ponder.velocity_sensor.header,Using the Velocity Sensor,Использование Датчика скорости,true,create-aeronautics-bundled-1.21.1-1.3.2.jar
simulated,translated,simulated.ponder.velocity_sensor.text_1,The Velocity Sensor outputs a redstone signal based on its speed,Датчик скорости выдаёт редстоун-сигнал в зависимости от скорости,true,create-aeronautics-bundled-1.21.1-1.3.2.jar
simulated,translated,simulated.ponder.velocity_sensor.text_2,"By default, power is output away from the direction of motion","По умолчанию сигнал выводится в направлении, противоположном движению",true,create-aeronautics-bundled-1.21.1-1.3.2.jar
simulated,translated,simulated.ponder.velocity_sensor.text_3,The value box can configure the speed of maximum signal,На панели значений настраивается скорость максимального сигнала,true,create-aeronautics-bundled-1.21.1-1.3.2.jar
simulated,translated,simulated.ponder.velocity_sensor.text_4,It can also change the output side to be towards the direction of motion,Можно изменить сторону вывода на направление движения,true,create-aeronautics-bundled-1.21.1-1.3.2.jar
simulated,translated,simulated.ponder.velocity_sensor.text_5,Velocity is only measured through the facing axis,Скорость измеряется только по оси направления,true,create-aeronautics-bundled-1.21.1-1.3.2.jar
simulated,translated,simulated.tooltip.new_ponder,(New!),(Новое!),true,create-aeronautics-bundled-1.21.1-1.3.2.jar
sliceanddice,translated,sliceanddice.ponder.slicer.header,Cutting with the slicer,Работой с ломтерезкой,true,sliceanddice-4.3.4-neoforge.jar
sliceanddice,translated,sliceanddice.ponder.slicer.text_1,Right-click it with a valid tool,Кликните ПКМ подходящим инструментом,true,sliceanddice-4.3.4-neoforge.jar
sliceanddice,translated,sliceanddice.ponder.slicer.text_2,The slicer can also operate on a basin,Ломтерезка может работать с чашей,true,sliceanddice-4.3.4-neoforge.jar
sliceanddice,translated,sliceanddice.ponder.sprinkler/intro.header,Sprinkles on top,Орошением сверху,true,sliceanddice-4.3.4-neoforge.jar
sliceanddice,translated,sliceanddice.ponder.sprinkler/intro.text_1,Place a sprinkler below a pipe,Установите ороситель под трубой,true,sliceanddice-4.3.4-neoforge.jar
sliceanddice,translated,sliceanddice.ponder.sprinkler/uses.header,Types of sprinkles,Типами орошения,true,sliceanddice-4.3.4-neoforge.jar
sliceanddice,translated,sliceanddice.ponder.sprinkler/uses.text_1,Different fluids also affect entities differently,Различные жидкости по-разному влияют на сущностей,true,sliceanddice-4.3.4-neoforge.jar
tfmg,identical_english,tfmg.ponder.blast_furnace.header,,,true,tfmg-1.2.0.jar
tfmg,translated,tfmg.ponder.blast_furnace.text_1,Main part of a blast furnace is a blast furnace output,Основой Доменной печи является блок Вывода доменной печи,true,tfmg-1.2.0.jar
tfmg,translated,tfmg.ponder.blast_furnace.text_2,"To build a blast furnace, make a cylinder of fireproof bricks around it with one blast furnace hatch in it","Чтобы собрать Доменную печь, постройте дымоход из Огнеупорных кирпичей, как показано на экране",true,tfmg-1.2.0.jar
tfmg,translated,tfmg.ponder.blast_furnace.text_3,This hatch will function as a hot air input,Нижнюю половину дымохода необходимо укрепить,true,tfmg-1.2.0.jar
tfmg,translated,tfmg.ponder.blast_furnace.text_4,Blast furnaces need reinforcements to function,Топливо и другие предметы вводятся через отверстие вверху,true,tfmg-1.2.0.jar
tfmg,identical_english,tfmg.ponder.blast_furnace.text_5,Everything is inserted to through a hole at the top,Everything is inserted to through a hole at the top,true,tfmg-1.2.0.jar
tfmg,mixed_script,tfmg.ponder.blast_furnace.text_6,"Next hatch can be placed on the top hole to collect furnace gas, items directed into it will fall into the blast furnace","Next hatch can be placed on the top hole to collect furnace gas, предметы directed into it will fall into the blast furnace",true,tfmg-1.2.0.jar
tfmg,identical_english,tfmg.ponder.blast_furnace.text_7,Blast furnace reinforcements can be placed around the furnace to increase its speed,Blast furnace reinforcements can be placed around the furnace to increase its speed,true,tfmg-1.2.0.jar
tfmg,identical_english,tfmg.ponder.chemical_vat.header,Chemical Vat,Chemical Vat,true,tfmg-1.2.0.jar
tfmg,mixed_script,tfmg.ponder.chemical_vat.text_1,The chemical vat is a machine with attachments that can give it many different uses,The chemical vat is a машина with attachments that can give it many different uses,true,tfmg-1.2.0.jar
tfmg,identical_english,tfmg.ponder.chemical_vat.text_2,First attachment is the industrial mixer,First attachment is the industrial mixer,true,tfmg-1.2.0.jar
tfmg,identical_english,tfmg.ponder.chemical_vat.text_3,"When the mixer blade is inserted, the vat becomes a mixer","When the mixer blade is inserted, the vat becomes a mixer",true,tfmg-1.2.0.jar
tfmg,identical_english,tfmg.ponder.chemical_vat.text_4,The industrial mixer can also become a centrifuge,The industrial mixer can also become a centrifuge,true,tfmg-1.2.0.jar
tfmg,identical_english,tfmg.ponder.chemical_vat.text_5,Some recipes need heating,Some recipes need heating,true,tfmg-1.2.0.jar
tfmg,mixed_script,tfmg.ponder.chemical_vat.text_6,Placing 2 electrode holders with copper electrodes creates an electrolyzer,Placing 2 electrode holders with медный electrodes creates an electrolyzer,true,tfmg-1.2.0.jar
tfmg,mixed_script,tfmg.ponder.chemical_vat.text_7,3 graphite electrodes create a blast furnace,3 графитовый electrodes create a blast furnace,true,tfmg-1.2.0.jar
tfmg,translated,tfmg.ponder.coke_oven.header,,Строительство коксовой печи,true,tfmg-1.2.0.jar
tfmg,translated,tfmg.ponder.coke_oven.text_1,The Coke Oven is a machine that produces coal coke from coal,"Коксовая печь строится путем размещения блоков Коксовой печи, как показано на экране, включая направление блоков, и клика Гаечным ключём по узкой стороне",true,tfmg-1.2.0.jar
tfmg,translated,tfmg.ponder.coke_oven.text_2,It is very slow so it is beneficial to have long arrays of them,"Процесс коксования достаточно медленный, поэтому эффективнее иметь длинные ряды одновременно работающих печей",true,tfmg-1.2.0.jar
tfmg,translated,tfmg.ponder.coke_oven.text_3,Coal can be inserted from anywhere,Уголь может быть введён через любую из сторон,true,tfmg-1.2.0.jar
tfmg,translated,tfmg.ponder.coke_oven.text_4,"Carbon Dioxide is extracted at the top, Creosote can be extracted anywhere else","Во время работы Печь вырабатывает Креозот и Углекислый газ, которые необходимо откачивать для продолжения работы",true,tfmg-1.2.0.jar
tfmg,translated,tfmg.ponder.coke_oven.text_5,"After some time, coal coke will fall out of the machine",После этого Коксовый уголь выпадет из отверстия,true,tfmg-1.2.0.jar
tfmg,translated,tfmg.ponder.distillation_tower.header,,Установка дистилляционной башни,true,tfmg-1.2.0.jar
tfmg,translated,tfmg.ponder.distillation_tower.text_1,The base of a distillation tower is comprised of steel tanks,Достаточно большой Стальной бак можно превратить в Дистилляционную башню,true,tfmg-1.2.0.jar
tfmg,translated,tfmg.ponder.distillation_tower.text_2,Tower is assembled by placing Steel Distillation Controller next to the tanks,Башня собирается путем размещения Стального контроллера дистилляционной башни рядом с резервуаром...,true,tfmg-1.2.0.jar
tfmg,translated,tfmg.ponder.distillation_tower.text_3,"To finish the multiblock, place up to 6 Distillation outputs and Industrial Pipes between them","И размещения до 6 Выходов дистилляционной башни, соединенных Промышленными трубами",true,tfmg-1.2.0.jar
tfmg,translated,tfmg.ponder.distillation_tower.text_4,"Place a heat source under the tanks to power it, the dial on the tower shows the power level of the structure ",Горелки всполоха необходимы для работы Дистилляционной башни. На индикаторе снизу башни отображается текущий уровень мощности,true,tfmg-1.2.0.jar
tfmg,translated,tfmg.ponder.distillation_tower.text_5,Oil is inputted into the controller block,"Что бы закачать Сырую нефть в башню, её необходимо ввести в блок Контроллера",true,tfmg-1.2.0.jar
tfmg,identical_english,tfmg.ponder.electricity.header,Electricity,Electricity,true,tfmg-1.2.0.jar
tfmg,identical_english,tfmg.ponder.electricity.text_1,"A generator creates 2 values, Voltage and Power","A generator creates 2 values, Voltage and Power",true,tfmg-1.2.0.jar
tfmg,mixed_script,tfmg.ponder.electricity.text_10,Groups can be changed using the Configuration Wrench,Groups can be changed using the Конфигурация Wrench,true,tfmg-1.2.0.jar
tfmg,mixed_script,tfmg.ponder.electricity.text_11,Blocks in their own group keep all the voltage,блоки in their own group keep all the voltage,true,tfmg-1.2.0.jar
tfmg,mixed_script,tfmg.ponder.electricity.text_2,"Generator:
   Voltage(U) = 200V
   Max Power = 8kW
Light Bulb:
   Voltage(U) = 200V
   Current(I) = 2A
   Power(P) = 100W
   Resistance(R) = 100Ω","Генератор:
   Voltage(U) = 200V
   Max Power = 8kW
лёгкий Bulb:
   Voltage(U) = 200V
   Current(I) = 2A
   Power(P) = 100W
   Resistance(R) = 100Ω",true,tfmg-1.2.0.jar
tfmg,identical_english,tfmg.ponder.electricity.text_3,"When load is applied on a generator, it takes its voltage","When load is applied on a generator, it takes its voltage",true,tfmg-1.2.0.jar
tfmg,mixed_script,tfmg.ponder.electricity.text_4,"Every an electric device has electrical resistance, light bulbs are 100 Ohm(Ω)","Every an electric device has electrical resistance, лёгкий bulbs are 100 Ohm(Ω)",true,tfmg-1.2.0.jar
tfmg,mixed_script,tfmg.ponder.electricity.text_5,Current with size of Voltage divided by Resistance will start flowing in the light bulb,Current with size of Voltage divided by Resistance will start flowing in the лёгкий bulb,true,tfmg-1.2.0.jar
tfmg,mixed_script,tfmg.ponder.electricity.text_6,"Generator:
   Voltage(U) = 200V
   Max Power = 8kW
Light Bulb 1:
   Voltage(U) = 100V
   Current(I) = 1A
   Resistance(R) = 100Ω
   Group=0
Light Bulb 2:
   Voltage(U) = 100V
   Current(I) = 1A
   Resistance(R) = 100Ω
   Group=0","Генератор:
   Voltage(U) = 200V
   Max Power = 8kW
лёгкий Bulb 1:
   Voltage(U) = 100V
   Current(I) = 1A
   Resistance(R) = 100Ω
   Группа=0
лёгкий Bulb 2:
   Voltage(U) = 100V
   Current(I) = 1A
   Resistance(R) = 100Ω
   Группа=0",true,tfmg-1.2.0.jar
tfmg,mixed_script,tfmg.ponder.electricity.text_7,"Electric components can be connected with groups, by default all blocks are group 0","Electric components can be connected with groups, by default all блоки are group 0",true,tfmg-1.2.0.jar
tfmg,mixed_script,tfmg.ponder.electricity.text_8,Blocks that share a group split voltage between them(blocks with higher resistance get more of the split voltage),блоки that share a group split voltage between them(блоки with higher resistance get more of the split voltage),true,tfmg-1.2.0.jar
tfmg,mixed_script,tfmg.ponder.electricity.text_9,"Generator:
   Voltage(U) = 200V
   Max Power = 8kW
Light Bulb 1:
   Voltage(U) = 200V
   Current(I) = 2A
   Resistance(R) = 100Ω
   Group=1
Light Bulb 2:
   Voltage(U) = 200V
   Current(I) = 2A
   Resistance(R) = 100Ω
   Group=0","Генератор:
   Voltage(U) = 200V
   Max Power = 8kW
лёгкий Bulb 1:
   Voltage(U) = 200V
   Current(I) = 2A
   Resistance(R) = 100Ω
   Группа=1
лёгкий Bulb 2:
   Voltage(U) = 200V
   Current(I) = 2A
   Resistance(R) = 100Ω
   Группа=0",true,tfmg-1.2.0.jar
tfmg,identical_english,tfmg.ponder.electricity_two.header,Electric Subnetworks,Electric Subnetworks,true,tfmg-1.2.0.jar
tfmg,mixed_script,tfmg.ponder.electricity_two.text_1,Some blocks have connections from 2 sides,Some блоки have connections from 2 sides,true,tfmg-1.2.0.jar
tfmg,mixed_script,tfmg.ponder.electricity_two.text_2,These blocks create a new electric network on one of their sides,These блоки create a new electric сеть on one of their sides,true,tfmg-1.2.0.jar
tfmg,mixed_script,tfmg.ponder.electricity_two.text_3,This subnetwork will get all the power from the main network but not the opposite way,This subnetwork will get all the power from the основное сеть but not the opposite way,true,tfmg-1.2.0.jar
tfmg,mixed_script,tfmg.ponder.electricity_two.text_4,"The most basic block with this ability is the Diode, it has no other extra abilities","The most базовый блок with this ability is the Diode, it has no other extra abilities",true,tfmg-1.2.0.jar
tfmg,identical_english,tfmg.ponder.electricity_two.text_5,"Next one is the potentiometer, this one can set the percentage of voltage that gets to the subnetwork","Next one is the potentiometer, this one can set the percentage of voltage that gets to the subnetwork",true,tfmg-1.2.0.jar
tfmg,identical_english,tfmg.ponder.electricity_two.text_6,The switch works similarly but with redstone,The switch works similarly but with redstone,true,tfmg-1.2.0.jar
tfmg,identical_english,tfmg.ponder.electricity_two.text_7,The transformer changes voltage based on the ratio of turns between the primary and secondary coil,The transformer changes voltage based on the ratio of turns between the primary and secondary coil,true,tfmg-1.2.0.jar
tfmg,mixed_script,tfmg.ponder.encased_fluid_pipe.header,Encasing Fluid Pipes,Encasing Жидкость Pipes,true,tfmg-1.2.0.jar
tfmg,mixed_script,tfmg.ponder.encased_fluid_pipe.text_1,Copper Casing can be used to decorate Fluid Pipes,медный Casing can be used to decorate Жидкость Pipes,true,tfmg-1.2.0.jar
tfmg,identical_english,tfmg.ponder.encased_fluid_pipe.text_2,"Aside from being concealed, Encased Pipes are locked into their connectivity state","Aside from being concealed, Encased Pipes are locked into their connectivity state",true,tfmg-1.2.0.jar
tfmg,mixed_script,tfmg.ponder.encased_fluid_pipe.text_3,It will no longer react to any neighbouring blocks being added or removed,It will no longer react to any neighbouring блоки being added or removed,true,tfmg-1.2.0.jar
tfmg,identical_english,tfmg.ponder.engines.header,Engines,Engines,true,tfmg-1.2.0.jar
tfmg,mixed_script,tfmg.ponder.engines.text_1,"To build an engine, start by placing up to 5 engine blocks in a line","To build an engine, start by placing up to 5 engine блоки in a line",true,tfmg-1.2.0.jar
tfmg,mixed_script,tfmg.ponder.engines.text_2,The engine's tooltip will show you items needed for the assembly,The engine's tooltip will показать you предметы needed for the assembly,true,tfmg-1.2.0.jar
tfmg,identical_english,tfmg.ponder.engines.text_3,Engine configuration can be changed with a schematic,Engine configuration can be changed with a schematic,true,tfmg-1.2.0.jar
tfmg,identical_english,tfmg.ponder.engines.text_4,Next step is inserting the cylinders (or turbine blades in turbine engines),Next step is inserting the cylinders (or turbine blades in turbine engines),true,tfmg-1.2.0.jar
tfmg,identical_english,tfmg.ponder.engines.text_5,Shafts are inserted by right clicking,Shafts are inserted by right clicking,true,tfmg-1.2.0.jar
tfmg,mixed_script,tfmg.ponder.engines.text_6,Fuel input and exhaust output can be done from any block,Топливо input and exhaust output can be done from any блок,true,tfmg-1.2.0.jar
tfmg,mixed_script,tfmg.ponder.engines.text_7,Every engine block can be right clicked with certain items to be upgraded,Every engine блок can be right clicked with certain предметы to be upgraded,true,tfmg-1.2.0.jar
tfmg,mixed_script,tfmg.ponder.engines.text_8,For example industrial pipes make the engine consume fuel from neighboring tanks,For example industrial pipes make the engine consume топливо from neighboring tanks,true,tfmg-1.2.0.jar
tfmg,identical_english,tfmg.ponder.engines.text_9,The engine can be started with a redstone signal,The engine can be started with a redstone signal,true,tfmg-1.2.0.jar
tfmg,mixed_script,tfmg.ponder.fluid_pipe_flow.header,Moving Fluids using Copper Pipes,Moving Fluids using медный Pipes,true,tfmg-1.2.0.jar
tfmg,mixed_script,tfmg.ponder.fluid_pipe_flow.text_1,Fluid Pipes can connect two or more fluid sources and targets,Жидкость Pipes can connect two or more fluid sources and цели,true,tfmg-1.2.0.jar
tfmg,identical_english,tfmg.ponder.fluid_pipe_flow.text_2,"Using a wrench, a straight pipe segment can be given a window","Using a wrench, a straight pipe segment can be given a window",true,tfmg-1.2.0.jar
tfmg,identical_english,tfmg.ponder.fluid_pipe_flow.text_3,Windowed pipes will not connect to any other adjacent pipe segments,Windowed pipes will not connect to any other adjacent pipe segments,true,tfmg-1.2.0.jar
tfmg,identical_english,tfmg.ponder.fluid_pipe_flow.text_4,"Powered by Mechanical Pumps, the Pipes can transport Fluids","Powered by Mechanical Pumps, the Pipes can transport Fluids",true,tfmg-1.2.0.jar
tfmg,identical_english,tfmg.ponder.fluid_pipe_flow.text_5,No fluid is being extracted at first,No fluid is being extracted at first,true,tfmg-1.2.0.jar
tfmg,identical_english,tfmg.ponder.fluid_pipe_flow.text_6,"Once the flow connects them, the endpoints gradually transfer their contents","Once the flow connects them, the endpoints gradually transfer their contents",true,tfmg-1.2.0.jar
tfmg,mixed_script,tfmg.ponder.fluid_pipe_flow.text_7,"Thus, the Pipe blocks themselves never 'physically' contain any fluid","Thus, the Труба блоки themselves never 'physically' contain any fluid",true,tfmg-1.2.0.jar
tfmg,identical_english,tfmg.ponder.fluid_pipe_interaction.header,Draining and Filling fluid containers,Draining and Filling fluid containers,true,tfmg-1.2.0.jar
tfmg,mixed_script,tfmg.ponder.fluid_pipe_interaction.text_1,Endpoints of a pipe network can interact with a variety of blocks,Endpoints of a pipe сеть can interact with a variety of блоки,true,tfmg-1.2.0.jar
tfmg,mixed_script,tfmg.ponder.fluid_pipe_interaction.text_2,Any block with fluid storage capabilities can be filled or drained,Any блок with fluid storage capabilities can be filled or drained,true,tfmg-1.2.0.jar
tfmg,mixed_script,tfmg.ponder.fluid_pipe_interaction.text_3,Source blocks right in front of an open end can be picked up...,Source блоки right in front of an открыть end can be picked up...,true,tfmg-1.2.0.jar
tfmg,identical_english,tfmg.ponder.fluid_pipe_interaction.text_4,...while spilling into empty spaces can create fluid sources,...while spilling into empty spaces can create fluid sources,true,tfmg-1.2.0.jar
tfmg,mixed_script,tfmg.ponder.fluid_pipe_interaction.text_5,Pipes can also extract fluids from a handful of other blocks directly,Pipes can also extract fluids from a handful of other блоки directly,true,tfmg-1.2.0.jar
tfmg,mixed_script,tfmg.ponder.mechanical_pump_flow.header,Fluid Transportation using Mechanical Pumps,Жидкость Transportation using Mechanical Pumps,true,tfmg-1.2.0.jar
tfmg,identical_english,tfmg.ponder.mechanical_pump_flow.text_1,Mechanical Pumps govern the flow of their attached pipe networks,Mechanical Pumps govern the flow of their attached pipe networks,true,tfmg-1.2.0.jar
tfmg,identical_english,tfmg.ponder.mechanical_pump_flow.text_2,Their arrow indicates the direction of flow,Their arrow indicates the direction of flow,true,tfmg-1.2.0.jar
tfmg,mixed_script,tfmg.ponder.mechanical_pump_flow.text_3,The network behind is now pulling fluids...,The сеть behind is now pulling fluids...,true,tfmg-1.2.0.jar
tfmg,mixed_script,tfmg.ponder.mechanical_pump_flow.text_4,...while the network in front is transferring it outward,...while the сеть in front is transferring it outward,true,tfmg-1.2.0.jar
tfmg,identical_english,tfmg.ponder.mechanical_pump_flow.text_5,The pumps direction is unaffected by the input rotation,The pumps direction is unaffected by the input rotation,true,tfmg-1.2.0.jar
tfmg,identical_english,tfmg.ponder.mechanical_pump_flow.text_6,"Instead, a Wrench can be used to reverse the direction","Instead, a Wrench can be used to reverse the direction",true,tfmg-1.2.0.jar
tfmg,identical_english,tfmg.ponder.mechanical_pump_speed.header,Throughput of Mechanical Pumps,Throughput of Mechanical Pumps,true,tfmg-1.2.0.jar
tfmg,mixed_script,tfmg.ponder.mechanical_pump_speed.text_1,"Regardless of speed, Mechanical Pumps affect pipes connected up to 16 blocks away","Regardless of speed, Mechanical Pumps affect pipes connected up to 16 блоки away",true,tfmg-1.2.0.jar
tfmg,identical_english,tfmg.ponder.mechanical_pump_speed.text_2,Speeding up the input rotation changes the speed of flow propagation...,Speeding up the input rotation changes the speed of flow propagation...,true,tfmg-1.2.0.jar
tfmg,identical_english,tfmg.ponder.mechanical_pump_speed.text_3,...and the speed at which fluids are transferred,...and the speed at which fluids are transferred,true,tfmg-1.2.0.jar
tfmg,identical_english,tfmg.ponder.mechanical_pump_speed.text_4,Pumps can combine their throughputs within shared pipe networks,Pumps can combine their throughputs within shared pipe networks,true,tfmg-1.2.0.jar
tfmg,identical_english,tfmg.ponder.mechanical_pump_speed.text_5,Ensure that all of them are facing in the same direction,Ensure that all of them are facing in the same direction,true,tfmg-1.2.0.jar
tfmg,translated,tfmg.ponder.pumpjack.header,Pumpjack,Строительство нефтяных насосов,true,tfmg-1.2.0.jar
tfmg,translated,tfmg.ponder.pumpjack.text_1,First step of mining oil is building industrial pipes from a deposit to the surface,"Чтобы начать добывать Нефть, вы должны сначала построить трубопровод поверх Месторождения, используя Промышленные трубы",true,tfmg-1.2.0.jar
tfmg,translated,tfmg.ponder.pumpjack.text_2,Pumpjack base has to be placed on the top of the pipe,"Затем постройте Нефтяной насос поверх трубопровода, сначала установив Основу...",true,tfmg-1.2.0.jar
tfmg,translated,tfmg.ponder.pumpjack.text_3,Pumpjack Hammer Holder needs to be placed behind it,За ним поставьте Балансир...,true,tfmg-1.2.0.jar
tfmg,translated,tfmg.ponder.pumpjack.text_4,Next step is building the Connector And the Head of the Pumpjack above the crank and the base,"И, наконец, разместите Машинный ввод с Насосом над ним, как показано на экране",true,tfmg-1.2.0.jar
tfmg,mixed_script,tfmg.ponder.pumpjack.text_5,Now they need to be connected with Pumpjack Hammer Parts,Now they need to be connected with Pumpjack Молот Parts,true,tfmg-1.2.0.jar
tfmg,identical_english,tfmg.ponder.pumpjack.text_6,Make sure to Super Glue the parts together,Make sure to Super Glue the parts together,true,tfmg-1.2.0.jar
tfmg,mixed_script,tfmg.ponder.pumpjack.text_7,The last step is placing a machine input (which is the power input for the pumpjack) with a pumpjack crank above it,The last step is placing a машина input (which is the power input for the pumpjack) with a pumpjack crank above it,true,tfmg-1.2.0.jar
tfmg,identical_english,tfmg.ponder.shared.behaviour_modify_value_panel,This behaviour can be modified using the value panel,This behaviour can be modified using the value panel,true,tfmg-1.2.0.jar
tfmg,identical_english,tfmg.ponder.shared.movement_anchors,"With the help of Super Glue, larger structures can be moved.","With the help of Super Glue, larger structures can be moved.",true,tfmg-1.2.0.jar
tfmg,identical_english,tfmg.ponder.shared.rpm16,16 RPM,16 RPM,true,tfmg-1.2.0.jar
tfmg,identical_english,tfmg.ponder.shared.rpm16_source,Source: 16 RPM,Source: 16 RPM,true,tfmg-1.2.0.jar
tfmg,identical_english,tfmg.ponder.shared.rpm32,32 RPM,32 RPM,true,tfmg-1.2.0.jar
tfmg,identical_english,tfmg.ponder.shared.rpm8,8 RPM,8 RPM,true,tfmg-1.2.0.jar
tfmg,identical_english,tfmg.ponder.shared.storage_on_contraption,Inventories attached to the Contraption will pick up their drops automatically,Inventories attached to the Contraption will pick up their drops automatically,true,tfmg-1.2.0.jar
tfmg,mixed_script,tfmg.ponder.smart_pipe.header,Controlling Fluid flow using Smart Pipes,Controlling Жидкость flow using Smart Pipes,true,tfmg-1.2.0.jar
tfmg,identical_english,tfmg.ponder.smart_pipe.text_1,Smart pipes can help control flows by fluid type,Smart pipes can help control flows by fluid type,true,tfmg-1.2.0.jar
tfmg,identical_english,tfmg.ponder.smart_pipe.text_2,"When placed directly at the source, they can specify the type of fluid to extract","When placed directly at the source, they can specify the type of fluid to extract",true,tfmg-1.2.0.jar
tfmg,mixed_script,tfmg.ponder.smart_pipe.text_3,Simply Right-Click their filter slot with any item containing the desired fluid,Simply Right-Click their filter slot with any предмет containing the desired fluid,true,tfmg-1.2.0.jar
tfmg,mixed_script,tfmg.ponder.smart_pipe.text_4,"When placed further down a pipe network, smart pipes will only let matching fluids continue","When placed further down a pipe сеть, smart pipes will only let matching fluids continue",true,tfmg-1.2.0.jar
tfmg,identical_english,tfmg.ponder.tag.chemical_vat,Chemical Vat,Chemical Vat,true,tfmg-1.2.0.jar
tfmg,mixed_script,tfmg.ponder.tag.chemical_vat.description,Chemical vat and machines that expand it,Chemical vat and машины that expand it,true,tfmg-1.2.0.jar
tfmg,identical_english,tfmg.ponder.tag.electric_machinery,Electric Machinery,Electric Machinery,true,tfmg-1.2.0.jar
tfmg,mixed_script,tfmg.ponder.tag.electric_machinery.description,"Block which use, produce or transfer electricity","блок which use, produce or transfer electricity",true,tfmg-1.2.0.jar
tfmg,identical_english,tfmg.ponder.tag.engines,Engines,Engines,true,tfmg-1.2.0.jar
tfmg,identical_english,tfmg.ponder.tag.engines.description,Engines and equipment related to them,Engines and equipment related to them,true,tfmg-1.2.0.jar
tfmg,translated,tfmg.ponder.tag.metallurgy,Metallurgy,Металлообрабатывающие машины,true,tfmg-1.2.0.jar
tfmg,translated,tfmg.ponder.tag.metallurgy.description,Blocks related to processing metal,"Машины, которые производят, обрабатывают или используют металл и сырье как таковое",true,tfmg-1.2.0.jar
tfmg,identical_english,tfmg.ponder.tag.oil_processing,Oil Processing Machinery,Oil Processing Machinery,true,tfmg-1.2.0.jar
tfmg,mixed_script,tfmg.ponder.tag.oil_processing.description,Block used for refining and mining oil,блок used for refining and mining oil,true,tfmg-1.2.0.jar
tfmg,mixed_script,tfmg.ponder.valve_pipe.header,Controlling Fluid flow using Valves,Controlling Жидкость flow using Valves,true,tfmg-1.2.0.jar
tfmg,mixed_script,tfmg.ponder.valve_pipe.text_1,Valve pipes help control fluids propagating through pipe networks,Клапан pipes help control fluids propagating through pipe networks,true,tfmg-1.2.0.jar
tfmg,identical_english,tfmg.ponder.valve_pipe.text_2,Their shaft input controls whether fluid is currently allowed through,Their shaft input controls whether fluid is currently allowed through,true,tfmg-1.2.0.jar
tfmg,mixed_script,tfmg.ponder.valve_pipe.text_3,"Given Rotational Force in the opening direction, the valve will open up","Given Rotational Force in the opening direction, the valve will открыть up",true,tfmg-1.2.0.jar
tfmg,identical_english,tfmg.ponder.valve_pipe.text_4,It can be closed again by reversing the input rotation,It can be closed again by reversing the input rotation,true,tfmg-1.2.0.jar
